normalized_company,company_name,sector,cities,functions_or_capability,headcount_band,model,parent_hq,in_india_since,cin,incorporation_events,timeline_event_count,flexiple_profile_url,gcc_index_profile_url,source_ids,cross_verified_by_both_directories,confidence_score,verification_status
3m,3M,Engineering & Industrial,"Bengaluru, Chennai, Delhi, Hyderabad, Kolkata, Mumbai, Mysuru",,,,"St. Paul, United States",,,,,https://flexiple.com/gcc/india#gcc-3m,,SRC_FLEXIPLE_GCC_INDIA_HTML,False,72,single-directory seed
4flow,4flow,Logistics & Transportation,Bengaluru,Global Capability Expansion,,,,,U62099KA2025FTC210241,Subsidiary incorporated — CIN U62099KA2025FTC210241 · IT/Software,2.0,,https://gccindex.in/company/4flow,SRC_GCC_INDEX_COMPANIES_HTML,False,72,single-directory seed
6sense,6sense,Technology,"Bengaluru, Pune",,1001-5000 people,,United States,,,,,https://flexiple.com/gcc/india#gcc-6sense,,SRC_FLEXIPLE_GCC_INDIA_HTML,False,72,single-directory seed
a p moller maersk,A.P. Moller - Maersk,Engineering & Industrial,"Chennai, Mumbai, Bengaluru, Pune",Software Engineer,"10,000+ people",,"Copenhagen, Denmark",1999.0,,,,https://flexiple.com/gcc/india#gcc-a-p-moller-maersk,,SRC_FLEXIPLE_GCC_INDIA_HTML,False,72,single-directory seed
ab inbev,AB InBev,Retail & Consumer,"Bengaluru, Hyderabad, Chhatrapati-Sambhajinagar, Mumbai, Delhi",,"10,000+ people",,"Leuven, Belgium",,,,,https://flexiple.com/gcc/india#gcc-ab-inbev,,SRC_FLEXIPLE_GCC_INDIA_HTML,False,72,single-directory seed
abacus ai,Abacus.AI,Technology,"Bengaluru, Delhi, Hyderabad, Jaipur, Mumbai, Pune, Vadodara",,,,"San Francisco, United States",,,,,https://flexiple.com/gcc/india#gcc-abacus-ai,,SRC_FLEXIPLE_GCC_INDIA_HTML,False,72,single-directory seed
abbott,Abbott,Healthcare & Pharma,Mumbai,,,,"Abbott Park, United States",,,,,https://flexiple.com/gcc/india#gcc-abbott,,SRC_FLEXIPLE_GCC_INDIA_HTML,False,72,single-directory seed
abc fitness,ABC Fitness,Technology,"Bengaluru, Chennai, Coimbatore, Delhi, Hyderabad, Kochi, Kolkata, Mumbai, Thiruvananthapuram, Visakhapatnam",,,,"Sherwood, United States",,U62099TS2024FTC192459,Subsidiary incorporated — CIN U62099TS2024FTC192459 · IT/Software,2.0,https://flexiple.com/gcc/india#gcc-abc-fitness,https://gccindex.in/company/abc-fitness,SRC_FLEXIPLE_GCC_INDIA_HTML;SRC_GCC_INDEX_COMPANIES_HTML,True,86,cross-directory match
abeam consulting,ABeam Consulting Ltd.,Consulting & Professional Services,Chennai,Innovation & R&D,,,,,F07048,Subsidiary incorporated — CIN F07048 · IT/Software,2.0,,https://gccindex.in/company/abeam-consulting,SRC_GCC_INDEX_COMPANIES_HTML,False,72,single-directory seed
abercrombie fitch,Abercrombie & Fitch,Retail & Consumer,Bengaluru,Digital Transformation,,,,,U62099KA2025FTC209169,Subsidiary incorporated — CIN U62099KA2025FTC209169 · IT/Software,2.0,,https://gccindex.in/company/abercrombie-fitch,SRC_GCC_INDEX_COMPANIES_HTML,False,72,single-directory seed
acabes international,Acabes International,BFSI,Chennai,,201-500 people,,Jordan,,,,,https://flexiple.com/gcc/india#gcc-acabes-international,,SRC_FLEXIPLE_GCC_INDIA_HTML,False,72,single-directory seed
accenture,Accenture,Professional & Info Services,"Bengaluru, Hyderabad, Chennai, Mumbai, Pune",Software Engineer; Application Development Analyst; Data Engineer,"10,000+ people",services-led,"Dublin, Ireland",,,,,https://flexiple.com/gcc/india#gcc-accenture,,SRC_FLEXIPLE_GCC_INDIA_HTML,False,72,single-directory seed
accordion,Accordion,Professional & Info Services,Hyderabad,Data Engineer; Business Analyst,501-1000 people,services-led,United States,,,,,https://flexiple.com/gcc/india#gcc-accordion,,SRC_FLEXIPLE_GCC_INDIA_HTML,False,72,single-directory seed
acumatica,Acumatica,Technology & Software,Hyderabad,Innovation & R&D,,,,,U62099TS2025FTC208693,Subsidiary incorporated — CIN U62099TS2025FTC208693 · IT/Software,2.0,,https://gccindex.in/company/acumatica,SRC_GCC_INDEX_COMPANIES_HTML,False,72,single-directory seed
adidas,adidas,Retail & Consumer,"Chennai, Delhi",,,,"Herzogenaurach, Germany",,,,,https://flexiple.com/gcc/india#gcc-adidas,,SRC_FLEXIPLE_GCC_INDIA_HTML,False,72,single-directory seed
adobe,Adobe,Technology,"Bengaluru, Delhi, Mumbai, Hyderabad",Computer Scientist; Software Engineer; Software Development Engineer,"10,000+ people",,"San Jose, United States",1997.0,,,,https://flexiple.com/gcc/india#gcc-adobe,,SRC_FLEXIPLE_GCC_INDIA_HTML,False,72,single-directory seed
adp,ADP,Professional & Info Services,"Hyderabad, Pune, Delhi, Chennai, Bengaluru",Software Engineer,"10,000+ people",,"Roseland, USA",1999.0,,,,https://flexiple.com/gcc/india#gcc-adp,,SRC_FLEXIPLE_GCC_INDIA_HTML,False,72,single-directory seed
aeries,Aeries Technology,Technology & Software,Bengaluru,Global Capability Expansion,,,,,—,,4.0,,https://gccindex.in/company/aeries,SRC_GCC_INDEX_COMPANIES_HTML,False,72,single-directory seed
agilent,Agilent Technologies,Healthcare & Pharma,Hyderabad,,,expanding · 2025,"Santa Clara, United States",,—,,1.0,https://flexiple.com/gcc/india#gcc-agilent-technologies,https://gccindex.in/company/agilent,SRC_FLEXIPLE_GCC_INDIA_HTML;SRC_GCC_INDEX_COMPANIES_HTML,True,86,cross-directory match
agilysys,Agilysys,Technology,"Chennai, Coimbatore",Software Analyst,1001-5000 people,,United States,,,,,https://flexiple.com/gcc/india#gcc-agilysys,,SRC_FLEXIPLE_GCC_INDIA_HTML,False,72,single-directory seed
agoda,Agoda,Retail & Consumer,,,,,Singapore,,,,,https://flexiple.com/gcc/india#gcc-agoda,,SRC_FLEXIPLE_GCC_INDIA_HTML,False,72,single-directory seed
ahead,AHEAD,Technology & Software,Bengaluru,Global Capability Expansion,,,,,—,,1.0,,https://gccindex.in/company/ahead,SRC_GCC_INDEX_COMPANIES_HTML,False,72,single-directory seed
airbnb,Airbnb,Retail & Consumer,"Ahmedabad, Bengaluru, Chennai, Delhi, Hyderabad, Jaipur, Kolkata, Mumbai, Pune",,,expanding · 2026,"San Francisco, United States",,,,,https://flexiple.com/gcc/india#gcc-airbnb,,SRC_FLEXIPLE_GCC_INDIA_HTML,False,72,single-directory seed
airbus,Airbus,Engineering & Industrial,"Bengaluru, Delhi, Hyderabad, Mumbai, Chennai",Software Engineer,"10,000+ people",,"Toulouse, France",2007.0,—,,1.0,https://flexiple.com/gcc/india#gcc-airbus,https://gccindex.in/company/airbus,SRC_FLEXIPLE_GCC_INDIA_HTML;SRC_GCC_INDEX_COMPANIES_HTML,True,86,cross-directory match
akamai,Akamai Technologies,Technology,"Bengaluru, Hyderabad, Chennai, Mumbai, Delhi",Software Engineer,"10,000+ people",,United States,,,,,https://flexiple.com/gcc/india#gcc-akamai-technologies,,SRC_FLEXIPLE_GCC_INDIA_HTML,False,72,single-directory seed
aker,Aker Solutions,Energy,Mumbai,,,,"Fornebu, Norway",,,,,https://flexiple.com/gcc/india#gcc-aker-solutions,,SRC_FLEXIPLE_GCC_INDIA_HTML,False,72,single-directory seed
albertsons,Albertsons,Retail & Consumer,Bengaluru,Innovation & R&D,,,,,U62099KA2025FTC200765,Subsidiary incorporated — CIN U62099KA2025FTC200765 · IT/Software,3.0,,https://gccindex.in/company/albertsons,SRC_GCC_INDEX_COMPANIES_HTML,False,72,single-directory seed
alcon,Alcon,Healthcare & Life Sciences,Bengaluru,Global Capability Expansion,,,,,—,,1.0,,https://gccindex.in/company/alcon,SRC_GCC_INDEX_COMPANIES_HTML,False,72,single-directory seed
alight,Alight Solutions,Technology & Software,Chennai,Global Capability Expansion,,,,,—,,1.0,,https://gccindex.in/company/alight,SRC_GCC_INDEX_COMPANIES_HTML,False,72,single-directory seed
alkami,"Alkami Technology, Inc.",Technology & Software,Gurugram,Innovation & R&D,,,,,U62020HR2024FTC126618,Subsidiary incorporated — CIN U62020HR2024FTC126618 · IT/Software,2.0,,https://gccindex.in/company/alkami,SRC_GCC_INDEX_COMPANIES_HTML,False,72,single-directory seed
allianz,Allianz Technology,BFSI,"Thiruvananthapuram, Delhi, Pune, Bengaluru",,"10,000+ people",,"Munich, Germany",,,,,https://flexiple.com/gcc/india#gcc-allianz,,SRC_FLEXIPLE_GCC_INDIA_HTML,False,72,single-directory seed
allstate,Allstate India,BFSI,"Bengaluru, Pune, Mumbai",,1001-5000 people,,"Northbrook, United States",,,,,https://flexiple.com/gcc/india#gcc-allstate-india,,SRC_FLEXIPLE_GCC_INDIA_HTML,False,72,single-directory seed
alstom,Alstom,Engineering & Industrial,"Bengaluru, Hyderabad, Vadodara, Chennai, Delhi",,"10,000+ people",,"Saint-Ouen-sur-Seine, France",2001.0,,,,https://flexiple.com/gcc/india#gcc-alstom,,SRC_FLEXIPLE_GCC_INDIA_HTML,False,72,single-directory seed
altair,Altair,Technology,Bengaluru,,,,"Troy, United States",,,,,https://flexiple.com/gcc/india#gcc-altair-engineering,,SRC_FLEXIPLE_GCC_INDIA_HTML,False,72,single-directory seed
altera digital health,Altera Digital Health India,Healthcare & Pharma,"Pune, Vadodara, Bengaluru, Mumbai, Hyderabad",,"5001-10,000 people",,Canada,,,,,https://flexiple.com/gcc/india#gcc-altera-digital-health-india,,SRC_FLEXIPLE_GCC_INDIA_HTML,False,72,single-directory seed
altimetrik,Altimetrik,Technology & Software,Pune,Digital Transformation,,,,,—,,1.0,,https://gccindex.in/company/altimetrik,SRC_GCC_INDEX_COMPANIES_HTML,False,72,single-directory seed
alvarez marsal,Alvarez & Marsal,Professional & Info Services,"Bengaluru, Delhi, Mumbai",,,services-led,"New York, United States",,U70200HR2024FTC119901,Subsidiary incorporated — CIN U70200HR2024FTC119901 · IT/Software,5.0,https://flexiple.com/gcc/india#gcc-alvarez-and-marsal,https://gccindex.in/company/alvarez-marsal,SRC_FLEXIPLE_GCC_INDIA_HTML;SRC_GCC_INDEX_COMPANIES_HTML,True,86,cross-directory match
amadeus,Amadeus,Technology,"Bengaluru, Delhi, Hyderabad, Mumbai, Pune",Software Development Engineer; Software Engineer,"10,000+ people",,Spain,,,,,https://flexiple.com/gcc/india#gcc-amadeus,,SRC_FLEXIPLE_GCC_INDIA_HTML,False,72,single-directory seed
amazon,Amazon,Technology,"Bengaluru, Hyderabad, Delhi, Chennai, Mumbai",Software Development Engineer; Software Engineer; Data,"10,000+ people",,"Seattle, United States",2004.0,,,,https://flexiple.com/gcc/india#gcc-amazon,,SRC_FLEXIPLE_GCC_INDIA_HTML,False,72,single-directory seed
amd,AMD,Technology,"Bengaluru, Hyderabad, Delhi, Mumbai, Chennai",,"10,000+ people",,"Santa Clara, United States",2001.0,—,,1.0,https://flexiple.com/gcc/india#gcc-amd,https://gccindex.in/company/amd,SRC_FLEXIPLE_GCC_INDIA_HTML;SRC_GCC_INDEX_COMPANIES_HTML,True,86,cross-directory match
amdocs,Amdocs,Telecom & Media,"Pune, Delhi, Mumbai, Hyderabad",Software Engineer; Software Test Engineer; DevOps Engineer,"10,000+ people",services-led,"Chesterfield, United States",2004.0,,,,https://flexiple.com/gcc/india#gcc-amdocs,,SRC_FLEXIPLE_GCC_INDIA_HTML,False,72,single-directory seed
american airlines,American Airlines,Retail & Consumer,"Bengaluru, Chennai, Delhi, Hyderabad, Mumbai, Pune",,,expanding · 2026,"Fort Worth, United States",,,,,https://flexiple.com/gcc/india#gcc-american-airlines,,SRC_FLEXIPLE_GCC_INDIA_HTML,False,72,single-directory seed
american express,American Express,BFSI,"Delhi, Bengaluru, Mumbai",Software Engineer; Data Analyst,"10,000+ people",,"New York, USA",1994.0,,,,https://flexiple.com/gcc/india#gcc-american-express,,SRC_FLEXIPLE_GCC_INDIA_HTML,False,72,single-directory seed
ameriprise financial llc,"Ameriprise Financial Services, LLC",BFSI,"Delhi, Hyderabad",,"10,000+ people",,United States,,,,,https://flexiple.com/gcc/india#gcc-ameriprise-financial-services-llc,,SRC_FLEXIPLE_GCC_INDIA_HTML,False,72,single-directory seed
amgen,Amgen,Healthcare & Life Sciences,Hyderabad,AI & Advanced Technology,,,,,U62099TS2024FTC191930,Subsidiary incorporated — CIN U62099TS2024FTC191930 · IT/Software,4.0,,https://gccindex.in/company/amgen,SRC_GCC_INDEX_COMPANIES_HTML,False,72,single-directory seed
aml rightsource,AML RightSource,Financial Services,Noida,Global Capability Expansion,,,,,—,,1.0,,https://gccindex.in/company/aml-rightsource,SRC_GCC_INDEX_COMPANIES_HTML,False,72,single-directory seed
ams,AMS,Consulting & Professional Services,Pune,Global Capability Expansion,,,,,—,,1.0,,https://gccindex.in/company/ams,SRC_GCC_INDEX_COMPANIES_HTML,False,72,single-directory seed
amtech software,Amtech Software,Technology & Software,Bengaluru,Global Capability Expansion,,,,,U62099KA2025FTC212495,Subsidiary incorporated — CIN U62099KA2025FTC212495 · IT/Software,2.0,,https://gccindex.in/company/amtech-software,SRC_GCC_INDEX_COMPANIES_HTML,False,72,single-directory seed
analog devices,Analog Devices,Technology,"Bengaluru, Delhi, Hyderabad",,,,"Wilmington, United States",,,,,https://flexiple.com/gcc/india#gcc-analog-devices,,SRC_FLEXIPLE_GCC_INDIA_HTML,False,72,single-directory seed
anaplan,Anaplan,Technology & Software,Gurugram,Global Capability Expansion,,,,,—,,1.0,,https://gccindex.in/company/anaplan,SRC_GCC_INDEX_COMPANIES_HTML,False,72,single-directory seed
anaptyss,Anaptyss,Financial Services,Gurugram,Talent & Workforce Development,,,,,—,,2.0,,https://gccindex.in/company/anaptyss,SRC_GCC_INDEX_COMPANIES_HTML,False,72,single-directory seed
anthology,Anthology,Technology,"Bengaluru, Chennai, Delhi",,1001-5000 people,,United States,,,,,https://flexiple.com/gcc/india#gcc-anthology,,SRC_FLEXIPLE_GCC_INDIA_HTML,False,72,single-directory seed
anz,ANZ,BFSI,"Bengaluru, Mumbai, Hyderabad, Chennai, Delhi",Software Engineer,"10,000+ people",,"Melbourne, Australia",1989.0,,,,https://flexiple.com/gcc/india#gcc-anz,,SRC_FLEXIPLE_GCC_INDIA_HTML,False,72,single-directory seed
aon,Aon,BFSI,"Delhi, Bengaluru, Mumbai",,"10,000+ people",,"London, UK",,—,,4.0,https://flexiple.com/gcc/india#gcc-aon,https://gccindex.in/company/aon,SRC_FLEXIPLE_GCC_INDIA_HTML;SRC_GCC_INDEX_COMPANIES_HTML,True,86,cross-directory match
aperam,Aperam,Manufacturing & Industrial,Hyderabad,Global Capability Expansion,,,,,—,,1.0,,https://gccindex.in/company/aperam,SRC_GCC_INDEX_COMPANIES_HTML,False,72,single-directory seed
apple,Apple,Technology,"Hyderabad, Delhi, Bengaluru, Mumbai, Chennai",,"10,000+ people",,"Cupertino, United States",2016.0,U62099KA2026FTC219177,Subsidiary incorporated — CIN U62099KA2026FTC219177 · IT/Software,2.0,https://flexiple.com/gcc/india#gcc-apple,https://gccindex.in/company/apple-india,SRC_FLEXIPLE_GCC_INDIA_HTML;SRC_GCC_INDEX_COMPANIES_HTML,True,86,cross-directory match
applied materials,Applied Materials,Technology,"Bengaluru, Chennai, Mumbai, Hyderabad, Mysuru",,"10,000+ people",,"Santa Clara, United States",2003.0,—,,1.0,https://flexiple.com/gcc/india#gcc-applied-materials,https://gccindex.in/company/applied-materials,SRC_FLEXIPLE_GCC_INDIA_HTML;SRC_GCC_INDEX_COMPANIES_HTML,True,86,cross-directory match
aptean food beverage,Aptean Food & Beverage,Technology,"Bengaluru, Madurai, Coimbatore, Chennai",,1001-5000 people,,United States,,,,,https://flexiple.com/gcc/india#gcc-aptean-food-and-beverage,,SRC_FLEXIPLE_GCC_INDIA_HTML,False,72,single-directory seed
aramex,Aramex,Logistics & Transportation,Pune,Global Capability Expansion,,,,,—,,2.0,,https://gccindex.in/company/aramex,SRC_GCC_INDEX_COMPANIES_HTML,False,72,single-directory seed
arcadia,Arcadia,Technology,"Chennai, Coimbatore, Bengaluru",Data Analyst,501-1000 people,,United States,,,,,https://flexiple.com/gcc/india#gcc-arcadia,,SRC_FLEXIPLE_GCC_INDIA_HTML,False,72,single-directory seed
arcelormittal,ArcelorMittal,Manufacturing & Industrial,"Pune, Hyderabad","Global Capability Expansion, Innovation & R&D",,,,,U62099DL2025FTC443764,Subsidiary incorporated — CIN U62099DL2025FTC443764 · IT/Software,5.0,,https://gccindex.in/company/arcelormittal,SRC_GCC_INDEX_COMPANIES_HTML,False,72,single-directory seed
arcesium,Arcesium,Technology,"Hyderabad, Bengaluru, Delhi, Mumbai",Software Engineer,1001-5000 people,,United States,,,,,https://flexiple.com/gcc/india#gcc-arcesium,,SRC_FLEXIPLE_GCC_INDIA_HTML,False,72,single-directory seed
arch,Arch Global Services,Financial Services,Thiruvananthapuram,Global Capability Expansion,,,,,U62099TS2025FTC195292,Subsidiary incorporated — CIN U62099TS2025FTC195292 · IT/Software,2.0,,https://gccindex.in/company/arch,SRC_GCC_INDEX_COMPANIES_HTML,False,72,single-directory seed
arctera,Arctera,Technology & Software,Pune,Innovation & R&D,,,,,—,,1.0,,https://gccindex.in/company/arctera,SRC_GCC_INDEX_COMPANIES_HTML,False,72,single-directory seed
arctic wolf,Arctic Wolf,Technology & Software,Bengaluru,Innovation & R&D,,,,,U62099KA2024FTC187571,Subsidiary incorporated — CIN U62099KA2024FTC187571 · IT/Software,3.0,,https://gccindex.in/company/arctic-wolf,SRC_GCC_INDEX_COMPANIES_HTML,False,72,single-directory seed
arista networks,Arista Networks,Technology,"Bengaluru, Chennai, Delhi, Pune",,,,"Santa Clara, United States",,,,,https://flexiple.com/gcc/india#gcc-arista-networks,,SRC_FLEXIPLE_GCC_INDIA_HTML,False,72,single-directory seed
arko corp,ARKO Corp,Retail & Consumer,Bengaluru,Talent & Workforce Development,,,,,U62099KA2026FTC221226,Subsidiary incorporated — CIN U62099KA2026FTC221226 · IT/Software,2.0,,https://gccindex.in/company/arko,SRC_GCC_INDEX_COMPANIES_HTML,False,72,single-directory seed
arrive,Arrive,Technology & Software,Bengaluru,Global Capability Expansion,,,,,U62099KA2026FTC221423,Subsidiary incorporated — CIN U62099KA2026FTC221423 · IT/Software,2.0,,https://gccindex.in/company/arrive,SRC_GCC_INDEX_COMPANIES_HTML,False,72,single-directory seed
ashland,Ashland,Engineering & Industrial,Hyderabad,,,,"Wilmington, United States",,,,,https://flexiple.com/gcc/india#gcc-ashland,,SRC_FLEXIPLE_GCC_INDIA_HTML,False,72,single-directory seed
assent,Assent,Technology,Pune,,,,"Ottawa, Canada",,U62099PN2025FTC239498,Subsidiary incorporated — CIN U62099PN2025FTC239498 · IT/Software,3.0,https://flexiple.com/gcc/india#gcc-assent,https://gccindex.in/company/assent,SRC_FLEXIPLE_GCC_INDIA_HTML;SRC_GCC_INDEX_COMPANIES_HTML,True,86,cross-directory match
astrazeneca,AstraZeneca,Healthcare & Pharma,"Bengaluru, Chennai, Delhi, Mumbai, Nagpur",,,,"Cambridge, United Kingdom",,—,,1.0,https://flexiple.com/gcc/india#gcc-astrazeneca,https://gccindex.in/company/astrazeneca,SRC_FLEXIPLE_GCC_INDIA_HTML;SRC_GCC_INDEX_COMPANIES_HTML,True,86,cross-directory match
at s,AT&S,Semiconductors & Electronics,Pune,Global Capability Expansion,,,,,—,,1.0,,https://gccindex.in/company/ats,SRC_GCC_INDEX_COMPANIES_HTML,False,72,single-directory seed
athenahealth,athenahealth,Healthcare & Pharma,"Chennai, Bengaluru, Pune, Coimbatore, Hyderabad",,"5001-10,000 people",,United States,,,,,https://flexiple.com/gcc/india#gcc-athenahealth,,SRC_FLEXIPLE_GCC_INDIA_HTML,False,72,single-directory seed
atlassian,Atlassian,Technology,"Bengaluru, Hyderabad, Delhi, Mumbai",Software Engineer,"10,000+ people",,"Sydney, Australia",,—,,1.0,https://flexiple.com/gcc/india#gcc-atlassian,https://gccindex.in/company/atlassian,SRC_FLEXIPLE_GCC_INDIA_HTML;SRC_GCC_INDEX_COMPANIES_HTML,True,86,cross-directory match
atos,Atos,Professional & Info Services,"Bengaluru, Chennai, Mumbai, Pune, Hyderabad",,"10,000+ people",services-led,"Bezons, France",,,,,https://flexiple.com/gcc/india#gcc-atos,,SRC_FLEXIPLE_GCC_INDIA_HTML,False,72,single-directory seed
aurus,Aurus,Technology,Pune,,501-1000 people,,United States,,,,,https://flexiple.com/gcc/india#gcc-aurus,,SRC_FLEXIPLE_GCC_INDIA_HTML,False,72,single-directory seed
autodesk,Autodesk,Technology,"Bengaluru, Pune, Hyderabad, Delhi, Chennai",Software Engineer; Software Development Engineer,"10,000+ people",,"San Francisco, United States",,,,,https://flexiple.com/gcc/india#gcc-autodesk,,SRC_FLEXIPLE_GCC_INDIA_HTML,False,72,single-directory seed
availity,Availity,Healthcare & Life Sciences,Bengaluru,Global Capability Expansion,,,,,—,,1.0,,https://gccindex.in/company/availity,SRC_GCC_INDEX_COMPANIES_HTML,False,72,single-directory seed
avalara,Avalara,Technology,"Pune, Bengaluru, Delhi, Hyderabad",,"5001-10,000 people",,United States,,,,,https://flexiple.com/gcc/india#gcc-avalara,,SRC_FLEXIPLE_GCC_INDIA_HTML,False,72,single-directory seed
avathon,Avathon,Technology,Bengaluru,,201-500 people,,United States,,,,,https://flexiple.com/gcc/india#gcc-avathon,,SRC_FLEXIPLE_GCC_INDIA_HTML,False,72,single-directory seed
avaya,Avaya,Technology,"Bengaluru, Hyderabad, Pune",,,,"Morristown, United States",,,,,https://flexiple.com/gcc/india#gcc-avaya,,SRC_FLEXIPLE_GCC_INDIA_HTML,False,72,single-directory seed
avery dennison,Avery Dennison,Engineering & Industrial,"Bengaluru, Delhi, Hyderabad, Kolkata, Mumbai",,,,"Mentor, United States",,,,,https://flexiple.com/gcc/india#gcc-avery-dennison,,SRC_FLEXIPLE_GCC_INDIA_HTML,False,72,single-directory seed
axa,AXA,BFSI,"Bengaluru, Pune",,,,"Paris, France",,,,,https://flexiple.com/gcc/india#gcc-axa,,SRC_FLEXIPLE_GCC_INDIA_HTML,False,72,single-directory seed
axiado,Axiado,Semiconductors & Electronics,Bengaluru,Innovation & R&D,,,,,U62099TS2025FTC198062,Subsidiary incorporated — CIN U62099TS2025FTC198062 · IT/Software,2.0,,https://gccindex.in/company/axiado,SRC_GCC_INDEX_COMPANIES_HTML,False,72,single-directory seed
azentio,Azentio,Technology,"Chennai, Bengaluru, Mumbai, Hyderabad",Software Engineer,1001-5000 people,,Singapore,,,,,https://flexiple.com/gcc/india#gcc-azentio,,SRC_FLEXIPLE_GCC_INDIA_HTML,False,72,single-directory seed
backbase,Backbase,Technology,"Hyderabad, Bengaluru",,1001-5000 people,,Netherlands,,,,,https://flexiple.com/gcc/india#gcc-backbase,,SRC_FLEXIPLE_GCC_INDIA_HTML,False,72,single-directory seed
bain company,Bain & Company,Professional & Info Services,"Delhi, Mumbai, Bengaluru",,"10,000+ people",services-led,"Boston, United States",,,,,https://flexiple.com/gcc/india#gcc-bain-and-company,,SRC_FLEXIPLE_GCC_INDIA_HTML,False,72,single-directory seed
baker hughes,Baker Hughes,Energy,"Bengaluru, Mumbai, Coimbatore, Pune, Hyderabad",,"10,000+ people",,United States,,,,,https://flexiple.com/gcc/india#gcc-baker-hughes,,SRC_FLEXIPLE_GCC_INDIA_HTML,False,72,single-directory seed
bank of america,Bank of America,BFSI,"Hyderabad, Chennai, Mumbai, Delhi",Software Engineer,"10,000+ people",,"Charlotte, USA",2003.0,,,,https://flexiple.com/gcc/india#gcc-bank-of-america,,SRC_FLEXIPLE_GCC_INDIA_HTML,False,72,single-directory seed
barclays,Barclays,BFSI,"Pune, Chennai, Delhi, Mumbai",Software Engineer; Data Engineer; Full Stack Engineer,"10,000+ people",expanding · 2026,"London, UK",2007.0,,,,https://flexiple.com/gcc/india#gcc-barclays,,SRC_FLEXIPLE_GCC_INDIA_HTML,False,72,single-directory seed
basf,BASF,Manufacturing & Industrial,Hyderabad,Global Capability Expansion,,,,,U62020MH2026FTC465112,Subsidiary incorporated — CIN U62020MH2026FTC465112 · IT/Software,4.0,,https://gccindex.in/company/basf,SRC_GCC_INDEX_COMPANIES_HTML,False,72,single-directory seed
bat,BAT,Retail & Consumer,Bengaluru,Global Capability Expansion,,,,,U62099KA2026FTC219579,Subsidiary incorporated — CIN U62099KA2026FTC219579 · IT/Software,2.0,,https://gccindex.in/company/bat,SRC_GCC_INDEX_COMPANIES_HTML,False,72,single-directory seed
baxter,Baxter,Healthcare & Pharma,"Bengaluru, Chennai, Delhi, Hyderabad, Kolkata, Mumbai, Pune",,,,"Deerfield, United States",,,,,https://flexiple.com/gcc/india#gcc-baxter,,SRC_FLEXIPLE_GCC_INDIA_HTML,False,72,single-directory seed
bayer,Bayer,Healthcare & Pharma,"Bengaluru, Mumbai, Hyderabad, Kolkata",,"10,000+ people",,"Leverkusen, Germany",,—,,1.0,https://flexiple.com/gcc/india#gcc-bayer,https://gccindex.in/company/bayer,SRC_FLEXIPLE_GCC_INDIA_HTML;SRC_GCC_INDEX_COMPANIES_HTML,True,86,cross-directory match
bdo,BDO,Consulting & Professional Services,Chennai,Global Capability Expansion,,,,,—,,1.0,,https://gccindex.in/company/bdo,SRC_GCC_INDEX_COMPANIES_HTML,False,72,single-directory seed
billtrust,Billtrust,Financial Services,Hyderabad,Global Capability Expansion,,,,,—,,1.0,,https://gccindex.in/company/billtrust,SRC_GCC_INDEX_COMPANIES_HTML,False,72,single-directory seed
bioforum,Bioforum,Healthcare & Life Sciences,Bengaluru,Innovation & R&D,,,,,U63111KA2026FTC221782,Subsidiary incorporated — CIN U63111KA2026FTC221782 · IT/Software,2.0,,https://gccindex.in/company/bioforum,SRC_GCC_INDEX_COMPANIES_HTML,False,72,single-directory seed
biz2x,Biz2X,Technology,Delhi,Software Engineer,201-500 people,,United States,,,,,https://flexiple.com/gcc/india#gcc-biz2x,,SRC_FLEXIPLE_GCC_INDIA_HTML,False,72,single-directory seed
blackbaud,Blackbaud,Technology & Software,Hyderabad,Global Capability Expansion,,,,,U62099TS2024FTC187579,Subsidiary incorporated — CIN U62099TS2024FTC187579 · IT/Software,4.0,,https://gccindex.in/company/blackbaud,SRC_GCC_INDEX_COMPANIES_HTML,False,72,single-directory seed
blackngreen,blackNgreen,Telecom & Media,"Delhi, Chennai",Software Engineer,201-500 people,,United Arab Emirates,,,,,https://flexiple.com/gcc/india#gcc-blackngreen,,SRC_FLEXIPLE_GCC_INDIA_HTML,False,72,single-directory seed
blackrock,BlackRock,BFSI,"Mumbai, Delhi, Bengaluru",Software Engineer,"10,000+ people",,"New York, United States",,,,,https://flexiple.com/gcc/india#gcc-blackrock,,SRC_FLEXIPLE_GCC_INDIA_HTML,False,72,single-directory seed
bloomberg,Bloomberg,Professional & Info Services,"Mumbai, Delhi, Bengaluru",,"10,000+ people",,United States,,,,,https://flexiple.com/gcc/india#gcc-bloomberg,,SRC_FLEXIPLE_GCC_INDIA_HTML,False,72,single-directory seed
blue yonder,Blue Yonder,Technology,"Bengaluru, Hyderabad, Coimbatore, Chennai, Pune",Software Engineer,"5001-10,000 people",,"Scottsdale, United States",,,,,https://flexiple.com/gcc/india#gcc-blue-yonder,,SRC_FLEXIPLE_GCC_INDIA_HTML,False,72,single-directory seed
blupace,Blupace,Technology & Software,Hyderabad,Global Capability Expansion,,,,,—,,1.0,,https://gccindex.in/company/blupace,SRC_GCC_INDEX_COMPANIES_HTML,False,72,single-directory seed
bmc software,BMC Software,Technology,"Pune, Bengaluru, Mumbai, Chennai",,"5001-10,000 people",,"Houston, United States",,,,,https://flexiple.com/gcc/india#gcc-bmc-software,,SRC_FLEXIPLE_GCC_INDIA_HTML,False,72,single-directory seed
bms,BMS,Financial Services,Mumbai,Global Capability Expansion,,,,,—,,2.0,,https://gccindex.in/company/bms,SRC_GCC_INDEX_COMPANIES_HTML,False,72,single-directory seed
bnp paribas,BNP Paribas,BFSI,"Bengaluru, Chennai, Delhi, Gift-City, Mumbai, Pune",,,,"Paris, France",,,,,https://flexiple.com/gcc/india#gcc-bnp-paribas,,SRC_FLEXIPLE_GCC_INDIA_HTML,False,72,single-directory seed
bny,BNY,BFSI,"Chennai, Pune, Mumbai, Bengaluru",Software Engineer; Full Stack Engineer; Software Development Engineer,"10,000+ people",,"New York, USA",2000.0,,,,https://flexiple.com/gcc/india#gcc-bny,,SRC_FLEXIPLE_GCC_INDIA_HTML,False,72,single-directory seed
boeing,Boeing,Engineering & Industrial,"Bengaluru, Chennai, Delhi, Hyderabad, Mumbai",Software Engineer,"10,000+ people",,"Arlington, United States",2009.0,,,,https://flexiple.com/gcc/india#gcc-boeing,,SRC_FLEXIPLE_GCC_INDIA_HTML,False,72,single-directory seed
bold,BOLD,Technology,Delhi,Software Engineer,1001-5000 people,,United States,,,,,https://flexiple.com/gcc/india#gcc-bold,,SRC_FLEXIPLE_GCC_INDIA_HTML,False,72,single-directory seed
borgwarner,BorgWarner,Engineering & Industrial,Bengaluru,,,,"Auburn Hills, United States",,,,,https://flexiple.com/gcc/india#gcc-borgwarner,,SRC_FLEXIPLE_GCC_INDIA_HTML,False,72,single-directory seed
bosch software,Bosch Global Software Technologies,Engineering & Industrial,"Bengaluru, Coimbatore, Hyderabad, Chennai, Pune",Software Engineer; DevOps Engineer; Full Stack Engineer,"10,000+ people",,"Gerlingen, Germany",1997.0,,,,https://flexiple.com/gcc/india#gcc-bosch-global-software-technologies,,SRC_FLEXIPLE_GCC_INDIA_HTML,False,72,single-directory seed
boston consulting group,Boston Consulting Group,Consulting & Professional Services,Hyderabad,Global Capability Expansion,,,,,—,,1.0,,https://gccindex.in/company/boston-consulting,SRC_GCC_INDEX_COMPANIES_HTML,False,72,single-directory seed
boston scientific,Boston Scientific,Healthcare & Life Sciences,Pune,Global Capability Expansion,,,,,—,,1.0,,https://gccindex.in/company/boston-scientific,SRC_GCC_INDEX_COMPANIES_HTML,False,72,single-directory seed
bottomline,Bottomline,Technology,Bengaluru,,1001-5000 people,,United States,,,,,https://flexiple.com/gcc/india#gcc-bottomline,,SRC_FLEXIPLE_GCC_INDIA_HTML,False,72,single-directory seed
bp,bp,Energy,"Pune, Kolkata, Mumbai, Bengaluru, Delhi",,"10,000+ people",,"London, United Kingdom",2021.0,—,,1.0,https://flexiple.com/gcc/india#gcc-bp,https://gccindex.in/company/bp,SRC_FLEXIPLE_GCC_INDIA_HTML;SRC_GCC_INDEX_COMPANIES_HTML,True,86,cross-directory match
bristol myers squibb,Bristol Myers Squibb,Healthcare & Pharma,"Hyderabad, Bengaluru, Mumbai, Delhi, Chennai",,"10,000+ people",,"Princeton, United States",,,,,https://flexiple.com/gcc/india#gcc-bristol-myers-squibb,,SRC_FLEXIPLE_GCC_INDIA_HTML,False,72,single-directory seed
broadcom,Broadcom,Technology,"Bengaluru, Hyderabad, Pune, Chennai, Mumbai",,"10,000+ people",,"Palo Alto, USA",,,,,https://flexiple.com/gcc/india#gcc-broadcom,,SRC_FLEXIPLE_GCC_INDIA_HTML,False,72,single-directory seed
broadridge,Broadridge,Technology,"Hyderabad, Bengaluru, Mumbai, Chennai, Delhi",,"10,000+ people",,"Lake Success, USA",2007.0,,,,https://flexiple.com/gcc/india#gcc-broadridge,,SRC_FLEXIPLE_GCC_INDIA_HTML,False,72,single-directory seed
bt group,BT Group,Telecom & Media,"Kolkata, Bengaluru, Delhi",Software Engineer,"10,000+ people",,"London, United Kingdom",2008.0,,,,https://flexiple.com/gcc/india#gcc-bt-group,,SRC_FLEXIPLE_GCC_INDIA_HTML,False,72,single-directory seed
c r software,C&R Software,Technology & Software,Nagpur,Innovation & R&D,,,,,—,,1.0,,https://gccindex.in/company/cr-software,SRC_GCC_INDEX_COMPANIES_HTML,False,72,single-directory seed
calderys,Calderys,Manufacturing & Industrial,Pune,Global Capability Expansion,,,,,—,,1.0,,https://gccindex.in/company/calderys,SRC_GCC_INDEX_COMPANIES_HTML,False,72,single-directory seed
capgemini,Capgemini,Professional & Info Services,"Bengaluru, Hyderabad, Mumbai, Chennai, Pune",Software Engineer; Software Analyst; Data Engineer,"10,000+ people",services-led,"Paris, France",,,,,https://flexiple.com/gcc/india#gcc-capgemini,,SRC_FLEXIPLE_GCC_INDIA_HTML,False,72,single-directory seed
care adhd,Care ADHD,Healthcare & Life Sciences,Bengaluru,Global Capability Expansion,,,,,—,,2.0,,https://gccindex.in/company/care-adhd,SRC_GCC_INDEX_COMPANIES_HTML,False,72,single-directory seed
carelon,Carelon Global Solutions India,Healthcare & Pharma,"Bengaluru, Hyderabad, Delhi, Chennai",Software Engineer; Claims,"10,000+ people",,"Indianapolis, USA",,,,,https://flexiple.com/gcc/india#gcc-carelon-global-solutions-india,,SRC_FLEXIPLE_GCC_INDIA_HTML,False,72,single-directory seed
carestack,CareStack,Healthcare & Pharma,"Thiruvananthapuram, Kochi, Bengaluru, Kollam",,501-1000 people,,United States,,,,,https://flexiple.com/gcc/india#gcc-carestack,,SRC_FLEXIPLE_GCC_INDIA_HTML,False,72,single-directory seed
cargill,Cargill,Retail & Consumer,"Bengaluru, Chennai, Delhi",,,,"Minneapolis, United States",,—,,1.0,https://flexiple.com/gcc/india#gcc-cargill,https://gccindex.in/company/cargill,SRC_FLEXIPLE_GCC_INDIA_HTML;SRC_GCC_INDEX_COMPANIES_HTML,True,86,cross-directory match
carlsberg,Carlsberg,Retail & Consumer,"Delhi, Hyderabad, Mumbai",,,expanding · 2025,"Copenhagen, Denmark",,,,,https://flexiple.com/gcc/india#gcc-carlsberg,,SRC_FLEXIPLE_GCC_INDIA_HTML,False,72,single-directory seed
carlsberg group,Carlsberg Group,Retail & Consumer,Gurugram,Innovation & R&D,,,,,—,,1.0,,https://gccindex.in/company/carlsberg,SRC_GCC_INDEX_COMPANIES_HTML,False,72,single-directory seed
carrier,Carrier,Engineering & Industrial,Delhi,,,,"Palm Beach Gardens, United States",,,,,https://flexiple.com/gcc/india#gcc-carrier,,SRC_FLEXIPLE_GCC_INDIA_HTML,False,72,single-directory seed
catalyst brands,Catalyst Brands,Retail & Consumer,Bengaluru,Global Capability Expansion,,,,,—,,1.0,,https://gccindex.in/company/catalyst-brands,SRC_GCC_INDEX_COMPANIES_HTML,False,72,single-directory seed
caterpillar,Caterpillar Inc.,Engineering & Industrial,"Chennai, Bengaluru, Coimbatore, Chhatrapati-Sambhajinagar, Hosur",,"10,000+ people",,"Irving, United States",2002.0,,,,https://flexiple.com/gcc/india#gcc-caterpillar,,SRC_FLEXIPLE_GCC_INDIA_HTML,False,72,single-directory seed
cbre,CBRE,Professional & Info Services,"Hyderabad, Bengaluru, Mumbai, Chennai, Delhi",,"10,000+ people",services-led,United States,,,,,https://flexiple.com/gcc/india#gcc-cbre,,SRC_FLEXIPLE_GCC_INDIA_HTML,False,72,single-directory seed
cdk,CDK Global,Technology,"Hyderabad, Pune, Bengaluru",Software Engineer,"5001-10,000 people",,United States,,,,,https://flexiple.com/gcc/india#gcc-cdk-global,,SRC_FLEXIPLE_GCC_INDIA_HTML,False,72,single-directory seed
celonis,Celonis,Technology & Software,Bengaluru,Global Capability Expansion,,,,,—,,1.0,,https://gccindex.in/company/celonis,SRC_GCC_INDEX_COMPANIES_HTML,False,72,single-directory seed
centrica,Centrica,Energy & Utilities,Hyderabad,Global Capability Expansion,,,,,—,,1.0,,https://gccindex.in/company/centrica,SRC_GCC_INDEX_COMPANIES_HTML,False,72,single-directory seed
chain sys,Chain-Sys,Technology,"Chennai, Madurai, Coimbatore, Bengaluru",,1001-5000 people,,United States,,,,,https://flexiple.com/gcc/india#gcc-chain-sys,,SRC_FLEXIPLE_GCC_INDIA_HTML,False,72,single-directory seed
chargepoint,ChargePoint,Energy,"Bengaluru, Delhi, Chennai",,1001-5000 people,,United States,,,,,https://flexiple.com/gcc/india#gcc-chargepoint,,SRC_FLEXIPLE_GCC_INDIA_HTML,False,72,single-directory seed
charles schwab,Charles Schwab,Financial Services,Hyderabad,Global Capability Expansion,,,,,U62099TS2025FTC203475,Subsidiary incorporated — CIN U62099TS2025FTC203475 · IT/Software,4.0,,https://gccindex.in/company/charles-schwab,SRC_GCC_INDEX_COMPANIES_HTML,False,72,single-directory seed
check point software,Check Point Software,Technology,"Bengaluru, Chennai, Delhi, Mumbai",,,,"Tel Aviv, Israel",,,,,https://flexiple.com/gcc/india#gcc-check-point-software,,SRC_FLEXIPLE_GCC_INDIA_HTML,False,72,single-directory seed
chegg,Chegg,Technology,"Delhi, Kolkata, Bengaluru, Hyderabad, Jaipur",Software Engineer,"5001-10,000 people",,United States,,,,,https://flexiple.com/gcc/india#gcc-chegg,,SRC_FLEXIPLE_GCC_INDIA_HTML,False,72,single-directory seed
chetu,Chetu,Professional & Info Services,"Delhi, Bengaluru",Software Engineer,1001-5000 people,services-led,"Sunrise, United States",,,,,https://flexiple.com/gcc/india#gcc-chetu,,SRC_FLEXIPLE_GCC_INDIA_HTML,False,72,single-directory seed
chevron,Chevron,Energy,Bengaluru,,,,"San Ramon, United States",,U74909KA2024FTC190992,Subsidiary incorporated — CIN U74909KA2024FTC190992 · IT/Software,2.0,https://flexiple.com/gcc/india#gcc-chevron-engine,https://gccindex.in/company/chevron,SRC_FLEXIPLE_GCC_INDIA_HTML;SRC_GCC_INDEX_COMPANIES_HTML,True,86,cross-directory match
chubb,Chubb,BFSI,"Hyderabad, Bengaluru, Chennai, Bhubaneswar, Delhi",Software Engineer,"10,000+ people",expanding · 2026,"Zurich, Switzerland",,,,,https://flexiple.com/gcc/india#gcc-chubb,,SRC_FLEXIPLE_GCC_INDIA_HTML,False,72,single-directory seed
cibc,CIBC,Financial Services,Hyderabad,Global Capability Expansion,,,,,U62099TS2025FTC206832,Subsidiary incorporated — CIN U62099TS2025FTC206832 · IT/Software,4.0,,https://gccindex.in/company/cibc,SRC_GCC_INDEX_COMPANIES_HTML,False,72,single-directory seed
cimpress,Cimpress,Retail & Consumer,"Mumbai, Bengaluru, Ahmedabad, Pune",Software Engineer,"10,000+ people",,Ireland,,,,,https://flexiple.com/gcc/india#gcc-cimpress,,SRC_FLEXIPLE_GCC_INDIA_HTML,False,72,single-directory seed
cisco,Cisco,Technology,"Bengaluru, Hyderabad, Delhi, Mumbai, Chennai",Software Engineer; Software Development Engineer; Consulting Engineer,"10,000+ people",,"San Jose, United States",1995.0,,,,https://flexiple.com/gcc/india#gcc-cisco,,SRC_FLEXIPLE_GCC_INDIA_HTML,False,72,single-directory seed
citi,Citi,BFSI,"Chennai, Mumbai, Pune, Bengaluru, Delhi",Software Engineer; Application Development Analyst,"10,000+ people",,"New York, USA",1985.0,,,,https://flexiple.com/gcc/india#gcc-citi,,SRC_FLEXIPLE_GCC_INDIA_HTML,False,72,single-directory seed
citizens financial group,Citizens Financial Group,BFSI,"Bengaluru, Chennai, Coimbatore, Delhi, Hyderabad, Kochi, Kolkata, Mumbai, Thiruvananthapuram, Visakhapatnam",,,,"Providence, United States",,—,,2.0,https://flexiple.com/gcc/india#gcc-citizens-financial,https://gccindex.in/company/citizens-financial,SRC_FLEXIPLE_GCC_INDIA_HTML;SRC_GCC_INDEX_COMPANIES_HTML,True,86,cross-directory match
citrin cooperman,Citrin Cooperman,Consulting & Professional Services,Hyderabad,Global Capability Expansion,,,,,—,,1.0,,https://gccindex.in/company/citrin-cooperman,SRC_GCC_INDEX_COMPANIES_HTML,False,72,single-directory seed
civica education operations,Civica Education Operations,Technology,"Vadodara, Ahmedabad, Mumbai, Pune, Delhi",,"5001-10,000 people",,United Kingdom,,,,,https://flexiple.com/gcc/india#gcc-civica-education-operations,,SRC_FLEXIPLE_GCC_INDIA_HTML,False,72,single-directory seed
clariant,Clariant,Engineering & Industrial,Mumbai,,,,"Muttenz, Switzerland",,,,,https://flexiple.com/gcc/india#gcc-clariant,,SRC_FLEXIPLE_GCC_INDIA_HTML,False,72,single-directory seed
clarivate,Clarivate,Professional & Info Services,"Bengaluru, Delhi, Hyderabad, Chennai",Software Engineer,"10,000+ people",,United Kingdom,,,,,https://flexiple.com/gcc/india#gcc-clarivate,,SRC_FLEXIPLE_GCC_INDIA_HTML,False,72,single-directory seed
clean harbors,Clean Harbors,Engineering & Industrial,"Hyderabad, Pune, Bengaluru",,"10,000+ people",,United States,,,,,https://flexiple.com/gcc/india#gcc-clean-harbors,,SRC_FLEXIPLE_GCC_INDIA_HTML,False,72,single-directory seed
cloudera,Cloudera,Technology,"Bengaluru, Chennai, Pune",Software Engineer,1001-5000 people,,United States,,,,,https://flexiple.com/gcc/india#gcc-cloudera,,SRC_FLEXIPLE_GCC_INDIA_HTML,False,72,single-directory seed
cma cgm,CMA CGM,Engineering & Industrial,Delhi,,,,"Marseille, France",,,,,https://flexiple.com/gcc/india#gcc-cma-cgm,,SRC_FLEXIPLE_GCC_INDIA_HTML,False,72,single-directory seed
cme group,CME Group,BFSI,"Bengaluru, Mumbai",,,,"Chicago, United States",2015.0,,,,https://flexiple.com/gcc/india#gcc-cme,,SRC_FLEXIPLE_GCC_INDIA_HTML,False,72,single-directory seed
cnh,CNH,Engineering & Industrial,"Delhi, Kolkata",,,,"Basildon, United Kingdom",,,,,https://flexiple.com/gcc/india#gcc-cnh-industrial,,SRC_FLEXIPLE_GCC_INDIA_HTML,False,72,single-directory seed
codec,Codec,Technology & Software,Bengaluru,Global Operations,,,,,U62099KA2026FTC215998,Subsidiary incorporated — CIN U62099KA2026FTC215998 · IT/Software,3.0,,https://gccindex.in/company/codec,SRC_GCC_INDEX_COMPANIES_HTML,False,72,single-directory seed
cognite,Cognite,Technology & Software,Bengaluru,Global Capability Expansion,,,,,U62099KA2024FTC185777,Subsidiary incorporated — CIN U62099KA2024FTC185777 · IT/Software,2.0,,https://gccindex.in/company/cognite,SRC_GCC_INDEX_COMPANIES_HTML,False,72,single-directory seed
cognyte,Cognyte,Technology & Software,Pune,Innovation & R&D,,,,,—,,1.0,,https://gccindex.in/company/cognyte,SRC_GCC_INDEX_COMPANIES_HTML,False,72,single-directory seed
cohere health,Cohere Health,Healthcare & Life Sciences,Hyderabad,Global Capability Expansion,,,,,—,,1.0,,https://gccindex.in/company/cohere-health,SRC_GCC_INDEX_COMPANIES_HTML,False,72,single-directory seed
cohesity,Cohesity,Technology,"Pune, Bengaluru, Mumbai, Hyderabad",,1001-5000 people,,"San Jose, United States",,,,,https://flexiple.com/gcc/india#gcc-cohesity,,SRC_FLEXIPLE_GCC_INDIA_HTML,False,72,single-directory seed
coinbase,Coinbase,BFSI,"Hyderabad, Bengaluru",,"5001-10,000 people",,"San Francisco, United States",,,,,https://flexiple.com/gcc/india#gcc-coinbase,,SRC_FLEXIPLE_GCC_INDIA_HTML,False,72,single-directory seed
colgate palmolive,Colgate-Palmolive,Retail & Consumer,"Mumbai, Ahmedabad, Kolkata, Bengaluru",,"10,000+ people",,United States,,,,,https://flexiple.com/gcc/india#gcc-colgate-palmolive,,SRC_FLEXIPLE_GCC_INDIA_HTML,False,72,single-directory seed
collabera,Collabera,Consulting & Professional Services,Vadodara,Global Capability Expansion,,,,,—,,4.0,,https://gccindex.in/company/collabera,SRC_GCC_INDEX_COMPANIES_HTML,False,72,single-directory seed
collins aerospace,Collins Aerospace,Engineering & Industrial,"Bengaluru, Delhi, Hyderabad, Kolkata, Mumbai, Nagpur",,,,"Charlotte, United States",,,,,https://flexiple.com/gcc/india#gcc-collins-aerospace,,SRC_FLEXIPLE_GCC_INDIA_HTML,False,72,single-directory seed
columbia group,Columbia Group,Logistics & Transportation,Mumbai,Global Capability Expansion,,,,,U82990MH2025FTC459262,Subsidiary incorporated — CIN U82990MH2025FTC459262 · BPO/Shared Services,2.0,,https://gccindex.in/company/columbia,SRC_GCC_INDEX_COMPANIES_HTML,False,72,single-directory seed
comcast,Comcast,Telecom & Media,"Bengaluru, Chennai, Hyderabad, Mumbai",,,,"Philadelphia, United States",,,,,https://flexiple.com/gcc/india#gcc-comcast,,SRC_FLEXIPLE_GCC_INDIA_HTML,False,72,single-directory seed
commerceiq,CommerceIQ,Technology,"Bengaluru, Chennai",,501-1000 people,,United States,,,,,https://flexiple.com/gcc/india#gcc-commerceiq,,SRC_FLEXIPLE_GCC_INDIA_HTML,False,72,single-directory seed
commonwealth bank,Commonwealth Bank,BFSI,"Bengaluru, Chennai, Hyderabad, Mumbai, Delhi",Software Engineer,"10,000+ people",,"Sydney, Australia",2019.0,,,,https://flexiple.com/gcc/india#gcc-commonwealth-bank,,SRC_FLEXIPLE_GCC_INDIA_HTML,False,72,single-directory seed
commvault,Commvault,Technology,"Bengaluru, Hyderabad, Chennai, Coimbatore, Pune",,1001-5000 people,,"Tinton Falls, United States",,,,,https://flexiple.com/gcc/india#gcc-commvault,,SRC_FLEXIPLE_GCC_INDIA_HTML,False,72,single-directory seed
computacenter,Computacenter,Technology,"Bengaluru, Mumbai, Hyderabad, Chennai, Pune",Technical Analyst,"10,000+ people",services-led,United Kingdom,,,,,https://flexiple.com/gcc/india#gcc-computacenter,,SRC_FLEXIPLE_GCC_INDIA_HTML,False,72,single-directory seed
concentrix,Concentrix,Professional & Info Services,"Bengaluru, Delhi, Kolkata, Hyderabad",Operations Representative; Customer Support Executive; Technical Support Engineer,"10,000+ people",services-led,"Newark, United States",,,,,https://flexiple.com/gcc/india#gcc-concentrix,,SRC_FLEXIPLE_GCC_INDIA_HTML,False,72,single-directory seed
conduent,Conduent,Professional & Info Services,"Bengaluru, Delhi, Kochi, Hyderabad",,"10,000+ people",services-led,"Florham Park, United States",,,,,https://flexiple.com/gcc/india#gcc-conduent,,SRC_FLEXIPLE_GCC_INDIA_HTML,False,72,single-directory seed
confluent,Confluent,Technology,"Bengaluru, Hyderabad, Mumbai",Software Engineer,1001-5000 people,,United States,,,,,https://flexiple.com/gcc/india#gcc-confluent,,SRC_FLEXIPLE_GCC_INDIA_HTML,False,72,single-directory seed
connectwise,ConnectWise,Technology,"Mumbai, Pune, Bengaluru",Software Engineer,1001-5000 people,,United States,,,,,https://flexiple.com/gcc/india#gcc-connectwise,,SRC_FLEXIPLE_GCC_INDIA_HTML,False,72,single-directory seed
consilio,Consilio,Consulting & Professional Services,"Bengaluru, Gurugram","Innovation & R&D, Global Capability Expansion",,,,,—,,2.0,,https://gccindex.in/company/consilio,SRC_GCC_INDEX_COMPANIES_HTML,False,72,single-directory seed
continental,Continental,Engineering & Industrial,Bengaluru,,,,"Hanover, Germany",,,,,https://flexiple.com/gcc/india#gcc-continental,,SRC_FLEXIPLE_GCC_INDIA_HTML,False,72,single-directory seed
cornerstone ondemand,Cornerstone OnDemand,Technology,"Mumbai, Hyderabad, Pune, Bengaluru",Software Engineer,1001-5000 people,,United States,,,,,https://flexiple.com/gcc/india#gcc-cornerstone-ondemand,,SRC_FLEXIPLE_GCC_INDIA_HTML,False,72,single-directory seed
corning,Corning,Engineering & Industrial,Delhi,,,,"Corning, United States",,,,,https://flexiple.com/gcc/india#gcc-corning,,SRC_FLEXIPLE_GCC_INDIA_HTML,False,72,single-directory seed
costco,Costco,Retail & Consumer,"Bengaluru, Hyderabad",,,expanding · 2025,"Issaquah, United States",,,,,https://flexiple.com/gcc/india#gcc-costco,,SRC_FLEXIPLE_GCC_INDIA_HTML,False,72,single-directory seed
costco wholesale,Costco Wholesale,Retail & Consumer,Hyderabad,Innovation & R&D,,,,,U62099TS2025FTC200374,Subsidiary incorporated — CIN U62099TS2025FTC200374 · IT/Software,4.0,,https://gccindex.in/company/costco-wholesale,SRC_GCC_INDEX_COMPANIES_HTML,False,72,single-directory seed
cotiviti,Cotiviti,Healthcare & Pharma,"Hyderabad, Coimbatore, Pune, Chandigarh, Chennai",,"5001-10,000 people",,United States,,,,,https://flexiple.com/gcc/india#gcc-cotiviti,,SRC_FLEXIPLE_GCC_INDIA_HTML,False,72,single-directory seed
coupang,Coupang,Retail & Consumer,Hyderabad,Global Capability Expansion,,,,,—,,1.0,,https://gccindex.in/company/coupang,SRC_GCC_INDEX_COMPANIES_HTML,False,72,single-directory seed
covasant,Covasant Technologies,Technology & Software,Hyderabad,Global Capability Expansion,,,,,—,,2.0,,https://gccindex.in/company/covasant,SRC_GCC_INDEX_COMPANIES_HTML,False,72,single-directory seed
crashplan,CrashPlan,Technology & Software,Bengaluru,Global Capability Expansion,,,,,—,,1.0,,https://gccindex.in/company/crashplan,SRC_GCC_INDEX_COMPANIES_HTML,False,72,single-directory seed
crowe,Crowe,Consulting & Professional Services,Noida,Innovation & R&D,,,,,—,,1.0,,https://gccindex.in/company/crowe,SRC_GCC_INDEX_COMPANIES_HTML,False,72,single-directory seed
csg international,CSG International,Telecom & Media,"Bengaluru, Hyderabad, Pune, Chennai, Delhi",Software Development Engineer,"5001-10,000 people",,United States,,,,,https://flexiple.com/gcc/india#gcc-csg-international,,SRC_FLEXIPLE_GCC_INDIA_HTML,False,72,single-directory seed
ctrls datacenters,CtrlS Datacenters,Technology & Software,Bhopal,AI & Advanced Technology,,,,,—,,1.0,,https://gccindex.in/company/ctrls-datacenters,SRC_GCC_INDEX_COMPANIES_HTML,False,72,single-directory seed
cubic,Cubic,Engineering & Industrial,"Bengaluru, Chennai, Coimbatore, Delhi, Hyderabad, Kochi, Kolkata, Mumbai, Thiruvananthapuram, Visakhapatnam",,,,"San Diego, United States",,,,,https://flexiple.com/gcc/india#gcc-cubic,,SRC_FLEXIPLE_GCC_INDIA_HTML,False,72,single-directory seed
cummins,Cummins Inc.,Engineering & Industrial,"Pune, Indore, Phaltan, Bengaluru, Mumbai",,"10,000+ people",,"Columbus, United States",2003.0,,,,https://flexiple.com/gcc/india#gcc-cummins,,SRC_FLEXIPLE_GCC_INDIA_HTML,False,72,single-directory seed
curriculum associates,Curriculum Associates,Other / Misc,Bengaluru,Global Capability Expansion,,,,,U85500KA2024FTC186526,Subsidiary incorporated — CIN U85500KA2024FTC186526,2.0,,https://gccindex.in/company/curriculum-associates,SRC_GCC_INDEX_COMPANIES_HTML,False,72,single-directory seed
cvent,Cvent,Technology,"Delhi, Bengaluru",Software Engineer,"5001-10,000 people",,United States,,,,,https://flexiple.com/gcc/india#gcc-cvent,,SRC_FLEXIPLE_GCC_INDIA_HTML,False,72,single-directory seed
cyderes,Cyderes,Technology & Software,Bengaluru,Global Capability Expansion,,,,,—,,1.0,,https://gccindex.in/company/cyderes,SRC_GCC_INDEX_COMPANIES_HTML,False,72,single-directory seed
dai ichi life,Dai-ichi Life,BFSI,Hyderabad,,,,"Tokyo, Japan",,,,,https://flexiple.com/gcc/india#gcc-dai-ichi-life,,SRC_FLEXIPLE_GCC_INDIA_HTML,False,72,single-directory seed
dai ichi life group,Dai-ichi Life Group,Financial Services,Hyderabad,Innovation & R&D,,,,,—,,1.0,,https://gccindex.in/company/daiichi-life,SRC_GCC_INDEX_COMPANIES_HTML,False,72,single-directory seed
daikin,Daikin,Engineering & Industrial,"Delhi, Nagpur",,,,"Osaka, Japan",,U46691DL2026FTC461416,Subsidiary incorporated — CIN U46691DL2026FTC461416,2.0,https://flexiple.com/gcc/india#gcc-daikin,https://gccindex.in/company/daikin,SRC_FLEXIPLE_GCC_INDIA_HTML;SRC_GCC_INDEX_COMPANIES_HTML,True,86,cross-directory match
daimler truck,Daimler Truck,Engineering & Industrial,"Bengaluru, Chennai, Coimbatore, Delhi, Hyderabad, Kochi, Kolkata, Mumbai, Thiruvananthapuram, Visakhapatnam",,,,"Leinfelden-Echterdingen, Germany",,,,,https://flexiple.com/gcc/india#gcc-daimler-truck,,SRC_FLEXIPLE_GCC_INDIA_HTML,False,72,single-directory seed
damac group,DAMAC Group,Engineering & Industrial,"Delhi, Pune",,,expanding · 2025,"Dubai, United Arab Emirates",,U70200MH2026FTC470076,Subsidiary incorporated — CIN U70200MH2026FTC470076 · BPO/Shared Services,3.0,https://flexiple.com/gcc/india#gcc-damac,https://gccindex.in/company/damac,SRC_FLEXIPLE_GCC_INDIA_HTML;SRC_GCC_INDEX_COMPANIES_HTML,True,86,cross-directory match
dark matter,Dark Matter,Technology & Software,Hyderabad,Innovation & R&D,,,,,—,,1.0,,https://gccindex.in/company/dark-matter,SRC_GCC_INDEX_COMPANIES_HTML,False,72,single-directory seed
dassault syst mes,Dassault Systèmes,Technology,"Pune, Bengaluru, Mumbai, Chennai",Software Engineering Specialist; Software Engineer; Research And Development Engineer,"10,000+ people",,"Velizy-Villacoublay, France",2001.0,,,,https://flexiple.com/gcc/india#gcc-dassault-systemes,,SRC_FLEXIPLE_GCC_INDIA_HTML,False,72,single-directory seed
databricks,Databricks,Technology,"Bengaluru, Chennai, Mumbai",,,,"San Francisco, United States",,,,,https://flexiple.com/gcc/india#gcc-databricks,,SRC_FLEXIPLE_GCC_INDIA_HTML,False,72,single-directory seed
datadog,Datadog,Technology & Software,Bengaluru,Global Capability Expansion,,,,,—,,1.0,,https://gccindex.in/company/datadog,SRC_GCC_INDEX_COMPANIES_HTML,False,72,single-directory seed
dazn,DAZN,Telecom & Media,"Hyderabad, Mangaluru, Bengaluru, Mumbai",Software Engineer,1001-5000 people,,"London, United Kingdom",,—,,1.0,https://flexiple.com/gcc/india#gcc-dazn,https://gccindex.in/company/dazn,SRC_FLEXIPLE_GCC_INDIA_HTML;SRC_GCC_INDEX_COMPANIES_HTML,True,86,cross-directory match
dbs bank,DBS Bank,BFSI,"Hyderabad, Mumbai, Chennai, Bengaluru, Delhi",Full Stack Engineer; Software Engineer; Senior Associate,"10,000+ people",,Singapore,2016.0,,,,https://flexiple.com/gcc/india#gcc-dbs-bank,,SRC_FLEXIPLE_GCC_INDIA_HTML,False,72,single-directory seed
deepintent,DeepIntent,Technology & Software,Pune,Global Capability Expansion,,,,,—,,1.0,,https://gccindex.in/company/deepintent,SRC_GCC_INDEX_COMPANIES_HTML,False,72,single-directory seed
deepwatch,Deepwatch,Technology,Bengaluru,,,expanding · 2025,"Tampa, United States",,—,,1.0,https://flexiple.com/gcc/india#gcc-deepwatch,https://gccindex.in/company/deepwatch,SRC_FLEXIPLE_GCC_INDIA_HTML;SRC_GCC_INDEX_COMPANIES_HTML,True,86,cross-directory match
deliveroo,Deliveroo,Retail & Consumer,"Hyderabad, Bengaluru",Software Engineer,"5001-10,000 people",,"London, United Kingdom",,,,,https://flexiple.com/gcc/india#gcc-deliveroo,,SRC_FLEXIPLE_GCC_INDIA_HTML,False,72,single-directory seed
dell,Dell Technologies,Technology,"Bengaluru, Hyderabad, Delhi, Chennai, Mumbai",Software Engineer,"10,000+ people",,"Round Rock, United States",2001.0,,,,https://flexiple.com/gcc/india#gcc-dell-technologies,,SRC_FLEXIPLE_GCC_INDIA_HTML,False,72,single-directory seed
deloitte,Deloitte,Professional & Info Services,"Hyderabad, Bengaluru, Mumbai, Delhi",Software Engineer; Data Engineer; Data Analyst,"10,000+ people",services-led,United Kingdom,,—,,4.0,https://flexiple.com/gcc/india#gcc-deloitte,https://gccindex.in/company/deloitte,SRC_FLEXIPLE_GCC_INDIA_HTML;SRC_GCC_INDEX_COMPANIES_HTML,True,86,cross-directory match
delta air lines,Delta Air Lines,Retail & Consumer,"Bengaluru, Delhi, Mumbai, Hyderabad, Chennai",,"10,000+ people",,"Atlanta, United States",,,,,https://flexiple.com/gcc/india#gcc-delta-air-lines,,SRC_FLEXIPLE_GCC_INDIA_HTML,False,72,single-directory seed
desri,DESRI,Energy & Utilities,Hyderabad,Innovation & R&D,,,,,—,,1.0,,https://gccindex.in/company/desri,SRC_GCC_INDEX_COMPANIES_HTML,False,72,single-directory seed
deutsche b rse,Deutsche Börse,Financial Services,Hyderabad,Global Capability Expansion,,,,,U62090TS2025FTC197886,Subsidiary incorporated — CIN U62090TS2025FTC197886 · IT/Software,2.0,,https://gccindex.in/company/deutsche-borse,SRC_GCC_INDEX_COMPANIES_HTML,False,72,single-directory seed
deutsche bank,Deutsche Bank,BFSI,"Bengaluru, Mumbai, Pune, Jaipur, Delhi",Software Engineer; Software Development Engineer,"10,000+ people",,"Frankfurt, Germany",2006.0,,,,https://flexiple.com/gcc/india#gcc-deutsche-bank,,SRC_FLEXIPLE_GCC_INDIA_HTML,False,72,single-directory seed
deutsche telekom digital labs,Deutsche Telekom Digital Labs,Telecom & Media,"Delhi, Bengaluru",Software Engineer,1001-5000 people,,Germany,,,,,https://flexiple.com/gcc/india#gcc-deutsche-telekom-digital-labs,,SRC_FLEXIPLE_GCC_INDIA_HTML,False,72,single-directory seed
dexian,Dexian India,Consulting & Professional Services,Chennai,Global Capability Expansion,,,,,—,,1.0,,https://gccindex.in/company/dexian-india,SRC_GCC_INDEX_COMPANIES_HTML,False,72,single-directory seed
dhl,DHL,Engineering & Industrial,"Ahmedabad, Bengaluru, Chennai, Delhi, Hyderabad, Indore, Jaipur, Kolkata, Mumbai, Pune",,,,"Bonn, Germany",,,,,https://flexiple.com/gcc/india#gcc-dhl,,SRC_FLEXIPLE_GCC_INDIA_HTML,False,72,single-directory seed
diebold nixdorf,Diebold Nixdorf,Technology,"Hyderabad, Mumbai, Bengaluru, Chennai",,"10,000+ people",,United States,,,,,https://flexiple.com/gcc/india#gcc-diebold-nixdorf,,SRC_FLEXIPLE_GCC_INDIA_HTML,False,72,single-directory seed
digikey,DigiKey,Semiconductors & Electronics,Bengaluru,Innovation & R&D,,,,,—,,1.0,,https://gccindex.in/company/digikey,SRC_GCC_INDEX_COMPANIES_HTML,False,72,single-directory seed
digital divide data,Digital Divide Data,Technology & Software,Dehradun,Global Capability Expansion,,,,,U62013DL2026FTC466952,Subsidiary incorporated — CIN U62013DL2026FTC466952 · IT/Software,2.0,,https://gccindex.in/company/digital-divide-data,SRC_GCC_INDEX_COMPANIES_HTML,False,72,single-directory seed
dover,Dover,Engineering & Industrial,"Bengaluru, Chennai, Mumbai, Vadodara",,,expanding · 2026,"Downers Grove, United States",,,,,https://flexiple.com/gcc/india#gcc-dover,,SRC_FLEXIPLE_GCC_INDIA_HTML,False,72,single-directory seed
dp world,DP World,Engineering & Industrial,"Mumbai, Bengaluru, Chennai, Delhi",Software Engineer; Software Development Engineer,"10,000+ people",,"Dubai, United Arab Emirates",,,,,https://flexiple.com/gcc/india#gcc-dp-world,,SRC_FLEXIPLE_GCC_INDIA_HTML,False,72,single-directory seed
druva,Druva,Technology,"Pune, Hyderabad",Software Engineer,1001-5000 people,,United States,,,,,https://flexiple.com/gcc/india#gcc-druva,,SRC_FLEXIPLE_GCC_INDIA_HTML,False,72,single-directory seed
dsp,DSP,Technology & Software,Bengaluru,Global Capability Expansion,,,,,—,,1.0,,https://gccindex.in/company/dsp,SRC_GCC_INDEX_COMPANIES_HTML,False,72,single-directory seed
dun bradstreet,Dun & Bradstreet,Professional & Info Services,"Mumbai, Hyderabad, Chennai, Bengaluru, Pune",Software Engineer,"5001-10,000 people",,United States,,,,,https://flexiple.com/gcc/india#gcc-dun-and-bradstreet,,SRC_FLEXIPLE_GCC_INDIA_HTML,False,72,single-directory seed
dunnhumby,dunnhumby,Professional & Info Services,"Delhi, Bengaluru",,1001-5000 people,,United Kingdom,,,,,https://flexiple.com/gcc/india#gcc-dunnhumby,,SRC_FLEXIPLE_GCC_INDIA_HTML,False,72,single-directory seed
dupont,DuPont,Engineering & Industrial,"Hyderabad, Pune",,,,"Wilmington, United States",,,,,https://flexiple.com/gcc/india#gcc-dupont,,SRC_FLEXIPLE_GCC_INDIA_HTML,False,72,single-directory seed
dxc,DXC Technology,Professional & Info Services,"Bengaluru, Hyderabad, Chennai, Delhi",Software Engineering Analyst; Infrastructure Analyst; Software Engineer,"10,000+ people",services-led,"Ashburn, United States",,,,,https://flexiple.com/gcc/india#gcc-dxc-technology,,SRC_FLEXIPLE_GCC_INDIA_HTML,False,72,single-directory seed
e2open,e2open,Technology,"Bengaluru, Hyderabad, Pune",Software Engineer,1001-5000 people,,United States,,,,,https://flexiple.com/gcc/india#gcc-e2open,,SRC_FLEXIPLE_GCC_INDIA_HTML,False,72,single-directory seed
eaton,Eaton,Engineering & Industrial,"Pune, Puducherry, Chennai, Bengaluru",,"10,000+ people",,"Dublin, Ireland",2016.0,—,,1.0,https://flexiple.com/gcc/india#gcc-eaton,https://gccindex.in/company/eaton,SRC_FLEXIPLE_GCC_INDIA_HTML;SRC_GCC_INDEX_COMPANIES_HTML,True,86,cross-directory match
ebay,eBay,Retail & Consumer,"Bengaluru, Chennai, Mumbai",,,,"San Jose, United States",,U62020KA2025FTC202721,Subsidiary incorporated — CIN U62020KA2025FTC202721 · IT/Software,3.0,https://flexiple.com/gcc/india#gcc-ebay,https://gccindex.in/company/ebay,SRC_FLEXIPLE_GCC_INDIA_HTML;SRC_GCC_INDEX_COMPANIES_HTML,True,86,cross-directory match
ebm papst,ebm-papst,Manufacturing & Industrial,Chennai,Sustainability & Energy Transition,,,,,—,,1.0,,https://gccindex.in/company/ebmpapst,SRC_GCC_INDEX_COMPANIES_HTML,False,72,single-directory seed
eclinicalworks,eClinicalWorks,Healthcare & Pharma,"Ahmedabad, Mumbai, Bengaluru, Vadodara",,"5001-10,000 people",services-led,United States,,,,,https://flexiple.com/gcc/india#gcc-eclinicalworks,,SRC_FLEXIPLE_GCC_INDIA_HTML,False,72,single-directory seed
ecolab,Ecolab,Engineering & Industrial,"Pune, Bengaluru, Mumbai, Kolkata, Chennai",,"10,000+ people",,United States,,,,,https://flexiple.com/gcc/india#gcc-ecolab,,SRC_FLEXIPLE_GCC_INDIA_HTML,False,72,single-directory seed
edwards lifesciences,Edwards Lifesciences,Healthcare & Life Sciences,Pune,Global Capability Expansion,,,,,U62099PN2026FTC257143,Subsidiary incorporated — CIN U62099PN2026FTC257143 · IT/Software,2.0,,https://gccindex.in/company/edwards-lifesciences,SRC_GCC_INDEX_COMPANIES_HTML,False,72,single-directory seed
eisai,Eisai,Healthcare & Pharma,"Chennai, Visakhapatnam",,,,"Tokyo, Japan",,,,,https://flexiple.com/gcc/india#gcc-eisai,,SRC_FLEXIPLE_GCC_INDIA_HTML,False,72,single-directory seed
eisai co,"Eisai Co., Ltd.",Healthcare & Life Sciences,Visakhapatnam,Talent & Workforce Development,,,,,—,,1.0,,https://gccindex.in/company/eisai-co,SRC_GCC_INDEX_COMPANIES_HTML,False,72,single-directory seed
eisneramper,EisnerAmper,Consulting & Professional Services,Mumbai,Innovation & R&D,,,,,—,,1.0,,https://gccindex.in/company/eisneramper,SRC_GCC_INDEX_COMPANIES_HTML,False,72,single-directory seed
electronic arts,Electronic Arts,Telecom & Media,"Hyderabad, Delhi, Bengaluru, Mumbai, Chennai",,"10,000+ people",,United States,,,,,https://flexiple.com/gcc/india#gcc-electronic-arts,,SRC_FLEXIPLE_GCC_INDIA_HTML,False,72,single-directory seed
eli lilly,Eli Lilly,Healthcare & Pharma,"Bengaluru, Hyderabad, Delhi, Mumbai, Chennai",,"10,000+ people",expanding · 2025,"Indianapolis, United States",,,,,https://flexiple.com/gcc/india#gcc-eli-lilly-and-company,,SRC_FLEXIPLE_GCC_INDIA_HTML,False,72,single-directory seed
eli lilly and company,Eli Lilly and Company (India),Healthcare & Life Sciences,Hyderabad,Global Capability Expansion,,,,,—,,1.0,,https://gccindex.in/company/eli-lilly-and-company-india,SRC_GCC_INDEX_COMPANIES_HTML,False,72,single-directory seed
ellucian,Ellucian,Technology,Bengaluru,Software Engineer,"5001-10,000 people",,United States,,,,,https://flexiple.com/gcc/india#gcc-ellucian,,SRC_FLEXIPLE_GCC_INDIA_HTML,False,72,single-directory seed
emerson,Emerson,Engineering & Industrial,"Pune, Chennai, Mumbai, Delhi, Nashik",,"10,000+ people",,"St. Louis, United States",2001.0,—,,1.0,https://flexiple.com/gcc/india#gcc-emerson,https://gccindex.in/company/emerson,SRC_FLEXIPLE_GCC_INDIA_HTML;SRC_GCC_INDEX_COMPANIES_HTML,True,86,cross-directory match
enphase energy,Enphase Energy,Energy,"Bengaluru, Delhi, Hyderabad, Chennai",Software Engineer,1001-5000 people,,United States,,,,,https://flexiple.com/gcc/india#gcc-enphase-energy,,SRC_FLEXIPLE_GCC_INDIA_HTML,False,72,single-directory seed
entain,Entain,Telecom & Media,"Hyderabad, Pune, Bengaluru",Software Engineer,1001-5000 people,,"London, United Kingdom",,—,,1.0,https://flexiple.com/gcc/india#gcc-entain-india,https://gccindex.in/company/entain,SRC_FLEXIPLE_GCC_INDIA_HTML;SRC_GCC_INDEX_COMPANIES_HTML,True,86,cross-directory match
epam,EPAM Systems,Professional & Info Services,"Hyderabad, Bengaluru, Pune, Chennai, Delhi",Software Engineer; Test Automation Engineer; Data Engineer,"10,000+ people",services-led,"Newtown, United States",,,,,https://flexiple.com/gcc/india#gcc-epam-systems,,SRC_FLEXIPLE_GCC_INDIA_HTML,False,72,single-directory seed
epsilon,Epsilon,Telecom & Media,"Bengaluru, Hyderabad, Chennai, Mysuru, Mumbai",Software Engineer,"10,000+ people",,France,,,,,https://flexiple.com/gcc/india#gcc-epsilon,,SRC_FLEXIPLE_GCC_INDIA_HTML,False,72,single-directory seed
equifax,Equifax,BFSI,"Pune, Thiruvananthapuram, Bengaluru, Mumbai, Kochi",Software Engineer,"10,000+ people",,United States,,,,,https://flexiple.com/gcc/india#gcc-equifax,,SRC_FLEXIPLE_GCC_INDIA_HTML,False,72,single-directory seed
ericsson,Ericsson,Telecom & Media,"Bengaluru, Delhi, Kolkata, Chennai",Software Engineer; DevOps Engineer; Solutions Integrator,"10,000+ people",,"Stockholm, Sweden",2010.0,—,,1.0,https://flexiple.com/gcc/india#gcc-ericsson,https://gccindex.in/company/ericsson,SRC_FLEXIPLE_GCC_INDIA_HTML;SRC_GCC_INDEX_COMPANIES_HTML,True,86,cross-directory match
euronet worldwide,Euronet Worldwide,BFSI,"Delhi, Mumbai, Pune",,,,"Leawood, United States",,,,,https://flexiple.com/gcc/india#gcc-euronet-worldwide,,SRC_FLEXIPLE_GCC_INDIA_HTML,False,72,single-directory seed
eventbrite,Eventbrite,Technology,"Bengaluru, Hyderabad",Software Engineer,1001-5000 people,,United States,,,,,https://flexiple.com/gcc/india#gcc-eventbrite,,SRC_FLEXIPLE_GCC_INDIA_HTML,False,72,single-directory seed
evergent,Evergent Technologies,Technology & Software,Hyderabad,Global Capability Expansion,,,,,—,,1.0,,https://gccindex.in/company/evergent,SRC_GCC_INDEX_COMPANIES_HTML,False,72,single-directory seed
evernorth health,Evernorth Health Services,Healthcare & Pharma,"Hyderabad, Bengaluru, Chennai",,1001-5000 people,,"St. Louis, United States",,,,,https://flexiple.com/gcc/india#gcc-evernorth-health-services,,SRC_FLEXIPLE_GCC_INDIA_HTML,False,72,single-directory seed
evonik,Evonik,Engineering & Industrial,Delhi,,,,"Essen, Germany",,,,,https://flexiple.com/gcc/india#gcc-evonik,,SRC_FLEXIPLE_GCC_INDIA_HTML,False,72,single-directory seed
expedia group,Expedia Group,Retail & Consumer,"Delhi, Bengaluru",Software Development Engineer,"10,000+ people",,"Seattle, United States",,,,,https://flexiple.com/gcc/india#gcc-expedia-group,,SRC_FLEXIPLE_GCC_INDIA_HTML,False,72,single-directory seed
experian,Experian,Professional & Info Services,"Delhi, Hyderabad",,,,"Dublin, Ireland",,,,,https://flexiple.com/gcc/india#gcc-experian,,SRC_FLEXIPLE_GCC_INDIA_HTML,False,72,single-directory seed
exxonmobil,ExxonMobil,Energy,Bengaluru,,,,"Spring, United States",,,,,https://flexiple.com/gcc/india#gcc-exxonmobil,,SRC_FLEXIPLE_GCC_INDIA_HTML,False,72,single-directory seed
ey delivery,EY Global Delivery Services,Professional & Info Services,"Bengaluru, Mumbai, Delhi, Hyderabad",Software Engineer; Data Engineer; Technology Consultant,"10,000+ people",services-led,"London, United Kingdom",,,,,https://flexiple.com/gcc/india#gcc-ey,,SRC_FLEXIPLE_GCC_INDIA_HTML,False,72,single-directory seed
f5,F5,Technology,"Hyderabad, Bengaluru, Mumbai, Delhi",Software Engineer,"5001-10,000 people",,United States,,,,,https://flexiple.com/gcc/india#gcc-f5,,SRC_FLEXIPLE_GCC_INDIA_HTML,False,72,single-directory seed
facebook online,Facebook India Online Services Pvt Ltd,Technology & Software,Hyderabad,Global Capability Expansion,,,,,—,,1.0,,https://gccindex.in/company/facebook-india-online,SRC_GCC_INDEX_COMPANIES_HTML,False,72,single-directory seed
factset,FactSet,Professional & Info Services,"Hyderabad, Mumbai, Bengaluru, Visakhapatnam, Vijayawada",Software Engineer; Research Analyst,"10,000+ people",,"Norwalk, USA",2008.0,,,,https://flexiple.com/gcc/india#gcc-factset,,SRC_FLEXIPLE_GCC_INDIA_HTML,False,72,single-directory seed
fareportal,Fareportal,Retail & Consumer,"Delhi, Pune",Software Engineer,1001-5000 people,,United States,,,,,https://flexiple.com/gcc/india#gcc-fareportal,,SRC_FLEXIPLE_GCC_INDIA_HTML,False,72,single-directory seed
fastenal,Fastenal India,Engineering & Industrial,Bengaluru,Software Engineer,201-500 people,,United States,,,,,https://flexiple.com/gcc/india#gcc-fastenal-india,,SRC_FLEXIPLE_GCC_INDIA_HTML,False,72,single-directory seed
fastly,Fastly,Technology & Software,Pune,Global Capability Expansion,,,,,—,,1.0,,https://gccindex.in/company/fastly,SRC_GCC_INDEX_COMPANIES_HTML,False,72,single-directory seed
ferguson,Ferguson,Manufacturing & Industrial,Bengaluru,Innovation & R&D,,,,,U63111UP2025FTC216813,Subsidiary incorporated — CIN U63111UP2025FTC216813 · Analytics,2.0,,https://gccindex.in/company/ferguson,SRC_GCC_INDEX_COMPANIES_HTML,False,72,single-directory seed
festo,Festo,Engineering & Industrial,Bengaluru,,,expanding · 2026,"Esslingen, Germany",,—,,1.0,https://flexiple.com/gcc/india#gcc-festo,https://gccindex.in/company/festo,SRC_FLEXIPLE_GCC_INDIA_HTML;SRC_GCC_INDEX_COMPANIES_HTML,True,86,cross-directory match
fico,FICO,Technology,"Bengaluru, Mumbai",Software Engineer,1001-5000 people,,United States,,,,,https://flexiple.com/gcc/india#gcc-fico,,SRC_FLEXIPLE_GCC_INDIA_HTML,False,72,single-directory seed
fidelity international,Fidelity International,BFSI,"Delhi, Bengaluru",Programming Analyst; Software Engineer,"5001-10,000 people",,"Hamilton, Bermuda",,,,,https://flexiple.com/gcc/india#gcc-fidelity-international,,SRC_FLEXIPLE_GCC_INDIA_HTML,False,72,single-directory seed
fidelity investments,Fidelity Investments,BFSI,"Bengaluru, Chennai, Delhi, Hyderabad, Coimbatore",Software Engineer,"10,000+ people",,"Boston, USA",2003.0,—,,1.0,https://flexiple.com/gcc/india#gcc-fidelity-investments,https://gccindex.in/company/fidelity-investments,SRC_FLEXIPLE_GCC_INDIA_HTML;SRC_GCC_INDEX_COMPANIES_HTML,True,86,cross-directory match
finastra,Finastra,Technology,"Bengaluru, Pune, Thiruvananthapuram, Mumbai, Hyderabad",Software Engineer,"10,000+ people",,United Kingdom,,,,,https://flexiple.com/gcc/india#gcc-finastra,,SRC_FLEXIPLE_GCC_INDIA_HTML,False,72,single-directory seed
findability sciences,Findability Sciences,Consulting & Professional Services,Mumbai,Global Capability Expansion,,,,,—,,1.0,,https://gccindex.in/company/findability-sciences,SRC_GCC_INDEX_COMPANIES_HTML,False,72,single-directory seed
first american,First American,BFSI,"Bengaluru, Hyderabad, Salem, Chennai, Coimbatore",,1001-5000 people,,United States,,,,,https://flexiple.com/gcc/india#gcc-first-american,,SRC_FLEXIPLE_GCC_INDIA_HTML,False,72,single-directory seed
first citizens bank,First Citizens Bank,Financial Services,Bengaluru,Talent & Workforce Development,,,,,—,,1.0,,https://gccindex.in/company/first-citizens-bank,SRC_GCC_INDEX_COMPANIES_HTML,False,72,single-directory seed
fis,FIS,Technology,"Bengaluru, Pune, Chennai, Delhi, Mumbai",Software Engineer; Software Test Analyst,"10,000+ people",,"Jacksonville, USA",2003.0,—,,2.0,https://flexiple.com/gcc/india#gcc-fis,https://gccindex.in/company/fis,SRC_FLEXIPLE_GCC_INDIA_HTML;SRC_GCC_INDEX_COMPANIES_HTML,True,86,cross-directory match
fiserv,Fiserv,BFSI,"Chennai, Delhi, Pune, Bengaluru",Software Engineer; Software Development Engineer,"10,000+ people",,United States,,,,,https://flexiple.com/gcc/india#gcc-fiserv,,SRC_FLEXIPLE_GCC_INDIA_HTML,False,72,single-directory seed
flex,Flex,Engineering & Industrial,"Chennai, Coimbatore, Pune, Bengaluru, Kanchipuram",,"10,000+ people",,"Singapore, Singapore",2001.0,,,,https://flexiple.com/gcc/india#gcc-flex,,SRC_FLEXIPLE_GCC_INDIA_HTML,False,72,single-directory seed
flowserve,Flowserve,Engineering & Industrial,"Bengaluru, Chandigarh, Chennai, Coimbatore, Delhi, Hyderabad",,,,"Irving, United States",1962.0,,,,https://flexiple.com/gcc/india#gcc-flowserve,,SRC_FLEXIPLE_GCC_INDIA_HTML,False,72,single-directory seed
fluidra,Fluidra,Manufacturing & Industrial,Pune,Global Capability Expansion,,,,,—,,1.0,,https://gccindex.in/company/fluidra,SRC_GCC_INDEX_COMPANIES_HTML,False,72,single-directory seed
flutter entertainment,Flutter Entertainment,Retail & Consumer,Hyderabad,Global Capability Expansion,,,,,—,,2.0,,https://gccindex.in/company/flutter-entertainment,SRC_GCC_INDEX_COMPANIES_HTML,False,72,single-directory seed
fnz ireland ipsi,FNZ Ireland (IPSI),Technology,Delhi,,1001-5000 people,,United Kingdom,,,,,https://flexiple.com/gcc/india#gcc-fnz-ireland-ipsi,,SRC_FLEXIPLE_GCC_INDIA_HTML,False,72,single-directory seed
forage,Forage,Technology,"Hyderabad, Bengaluru, Chennai, Delhi",,501-1000 people,,United States,,,,,https://flexiple.com/gcc/india#gcc-forage,,SRC_FLEXIPLE_GCC_INDIA_HTML,False,72,single-directory seed
ford business,Ford Business Solutions,Manufacturing & Industrial,"Bengaluru, Coimbatore",Global Capability Expansion,,,,,—,,3.0,,https://gccindex.in/company/ford-business,SRC_GCC_INDEX_COMPANIES_HTML,False,72,single-directory seed
ford motor company,Ford Motor Company,Engineering & Industrial,"Chennai, Ahmedabad, Bengaluru, Coimbatore, Delhi",Software Engineer,"10,000+ people",,"Dearborn, United States",1998.0,,,,https://flexiple.com/gcc/india#gcc-ford-motor-company,,SRC_FLEXIPLE_GCC_INDIA_HTML,False,72,single-directory seed
fortuna entertainment group,Fortuna Entertainment Group,Retail & Consumer,Hyderabad,Global Capability Expansion,,,,,—,,1.0,,https://gccindex.in/company/fortuna-entertainment,SRC_GCC_INDEX_COMPANIES_HTML,False,72,single-directory seed
forvia,Forvia,Engineering & Industrial,"Bengaluru, Chennai, Delhi, Mumbai, Pune",,,,"Nanterre, France",,,,,https://flexiple.com/gcc/india#gcc-faurecia,,SRC_FLEXIPLE_GCC_INDIA_HTML,False,72,single-directory seed
fourkites,FourKites,Technology,"Chennai, Bengaluru",Software Engineer,501-1000 people,,United States,,,,,https://flexiple.com/gcc/india#gcc-fourkites,,SRC_FLEXIPLE_GCC_INDIA_HTML,False,72,single-directory seed
foxconn,Foxconn,Engineering & Industrial,"Bengaluru, Chennai, Delhi, Kolkata, Mumbai",,,,"New Taipei City, Taiwan",,,,,https://flexiple.com/gcc/india#gcc-foxconn,,SRC_FLEXIPLE_GCC_INDIA_HTML,False,72,single-directory seed
fresenius medical care,Fresenius Medical Care,Healthcare & Life Sciences,Bengaluru,Global Capability Expansion,,,,,U82110KA2025FTC206373,Subsidiary incorporated — CIN U82110KA2025FTC206373 · BPO/Shared Services,2.0,,https://gccindex.in/company/fresenius-medical-care,SRC_GCC_INDEX_COMPANIES_HTML,False,72,single-directory seed
freshworks,Freshworks,Technology,"Chennai, Bengaluru, Hyderabad, Delhi, Mumbai",Software Engineer; Software Test Engineer,"5001-10,000 people",,United States,,,,,https://flexiple.com/gcc/india#gcc-freshworks,,SRC_FLEXIPLE_GCC_INDIA_HTML,False,72,single-directory seed
fuel cycle,Fuel Cycle,Technology & Software,Mumbai,Innovation & R&D,,,,,—,,1.0,,https://gccindex.in/company/fuel-cycle,SRC_GCC_INDEX_COMPANIES_HTML,False,72,single-directory seed
fujitsu,Fujitsu,Technology,"Bengaluru, Pune, Chennai, Hyderabad, Delhi",,"10,000+ people",services-led,"Kawasaki, Japan",1997.0,,,,https://flexiple.com/gcc/india#gcc-fujitsu,,SRC_FLEXIPLE_GCC_INDIA_HTML,False,72,single-directory seed
fulcrum digital,Fulcrum Digital,Professional & Info Services,"Bengaluru, Chennai, Coimbatore, Delhi, Hyderabad, Kochi, Kolkata, Mumbai, Thiruvananthapuram, Visakhapatnam",,,services-led,"Jersey City, United States",,,,,https://flexiple.com/gcc/india#gcc-fulcrum-digital,,SRC_FLEXIPLE_GCC_INDIA_HTML,False,72,single-directory seed
full creative,FULL Creative,Technology,Chennai,,501-1000 people,,United States,,,,,https://flexiple.com/gcc/india#gcc-full-creative,,SRC_FLEXIPLE_GCC_INDIA_HTML,False,72,single-directory seed
gallagher of excellence,Gallagher Center of Excellence,BFSI,"Mumbai, Bengaluru, Pune, Chandigarh",,"10,000+ people",,United States,,,,,https://flexiple.com/gcc/india#gcc-gallagher-center-of-excellence,,SRC_FLEXIPLE_GCC_INDIA_HTML,False,72,single-directory seed
gartner,Gartner,Professional & Info Services,"Delhi, Bengaluru, Mumbai, Chennai",,"10,000+ people",,United States,,,,,https://flexiple.com/gcc/india#gcc-gartner,,SRC_FLEXIPLE_GCC_INDIA_HTML,False,72,single-directory seed
ge healthcare,GE HealthCare,Healthcare & Pharma,"Bengaluru, Delhi, Hyderabad, Mumbai, Chennai",Software Engineer; Software Engineering Specialist,"10,000+ people",,"Chicago, United States",2000.0,,,,https://flexiple.com/gcc/india#gcc-ge-healthcare,,SRC_FLEXIPLE_GCC_INDIA_HTML,False,72,single-directory seed
ge vernova,GE Vernova,Energy,"Vadodara, Delhi, Chennai, Kolkata",Software Engineer; Software Engineering Specialist,"10,000+ people",,United States,,,,,https://flexiple.com/gcc/india#gcc-ge-vernova,,SRC_FLEXIPLE_GCC_INDIA_HTML,False,72,single-directory seed
generac,Generac,Manufacturing & Industrial,Pune,Global Capability Expansion,,,,,—,,2.0,,https://gccindex.in/company/generac,SRC_GCC_INDEX_COMPANIES_HTML,False,72,single-directory seed
general mills,General Mills,Retail & Consumer,"Mumbai, Pune, Bengaluru, Nashik",,"10,000+ people",,"Minneapolis, United States",,,,,https://flexiple.com/gcc/india#gcc-general-mills,,SRC_FLEXIPLE_GCC_INDIA_HTML,False,72,single-directory seed
gi outsourcing,GI Outsourcing,Consulting & Professional Services,Hyderabad,Innovation & R&D,,,,,—,,1.0,,https://gccindex.in/company/gi-outsourcing,SRC_GCC_INDEX_COMPANIES_HTML,False,72,single-directory seed
globaldata academia,GlobalData Academia,Professional & Info Services,"Hyderabad, Bengaluru, Kolkata",,"5001-10,000 people",,United Kingdom,,,,,https://flexiple.com/gcc/india#gcc-globaldata-academia,,SRC_FLEXIPLE_GCC_INDIA_HTML,False,72,single-directory seed
globalfoundries,GlobalFoundries,Technology,"Delhi, Kolkata, Mumbai",,,,"Malta, United States",,—,,1.0,https://flexiple.com/gcc/india#gcc-globalfoundries,https://gccindex.in/company/globalfoundries,SRC_FLEXIPLE_GCC_INDIA_HTML;SRC_GCC_INDEX_COMPANIES_HTML,True,86,cross-directory match
globallogic,GlobalLogic,Professional & Info Services,"Hyderabad, Bengaluru, Delhi",Software Engineer,"10,000+ people",services-led,"San Jose, United States",,—,,1.0,https://flexiple.com/gcc/india#gcc-globallogic,https://gccindex.in/company/globallogic,SRC_FLEXIPLE_GCC_INDIA_HTML;SRC_GCC_INDEX_COMPANIES_HTML,True,86,cross-directory match
goldman sachs,Goldman Sachs,BFSI,"Bengaluru, Hyderabad, Mumbai, Delhi, Chennai",Software Engineer; Software Engineering Analyst; Software Developer,"10,000+ people",,"New York, USA",2004.0,,,,https://flexiple.com/gcc/india#gcc-goldman-sachs,,SRC_FLEXIPLE_GCC_INDIA_HTML,False,72,single-directory seed
google,Google,Technology,"Bengaluru, Hyderabad, Delhi, Mumbai, Chennai",Software Engineer; Data Analyst,"10,000+ people",,"Mountain View, United States",2004.0,—,,2.0,https://flexiple.com/gcc/india#gcc-google,https://gccindex.in/company/google,SRC_FLEXIPLE_GCC_INDIA_HTML;SRC_GCC_INDEX_COMPANIES_HTML,True,86,cross-directory match
goto group,GoTo Group,Technology,"Bengaluru, Delhi",Software Engineer,"10,000+ people",,Indonesia,,,,,https://flexiple.com/gcc/india#gcc-goto-group,,SRC_FLEXIPLE_GCC_INDIA_HTML,False,72,single-directory seed
gradiant,Gradiant,Energy & Utilities,Coimbatore,Global Capability Expansion,,,,,—,,1.0,,https://gccindex.in/company/gradiant,SRC_GCC_INDEX_COMPANIES_HTML,False,72,single-directory seed
graphcore,Graphcore,Semiconductors & Electronics,Bengaluru,Innovation & R&D,,,,,—,,1.0,,https://gccindex.in/company/graphcore,SRC_GCC_INDEX_COMPANIES_HTML,False,72,single-directory seed
greenway health,Greenway Health,Healthcare & Pharma,"Bengaluru, Hyderabad",Software Engineer,1001-5000 people,,United States,,,,,https://flexiple.com/gcc/india#gcc-greenway-health,,SRC_FLEXIPLE_GCC_INDIA_HTML,False,72,single-directory seed
greif,Greif,Manufacturing & Industrial,Chennai,Global Capability Expansion,,,,,—,,1.0,,https://gccindex.in/company/greif,SRC_GCC_INDEX_COMPANIES_HTML,False,72,single-directory seed
gsk,GSK,Healthcare & Pharma,"Bengaluru, Mumbai, Delhi, Hyderabad, Kolkata",,"10,000+ people",,"London, United Kingdom",2021.0,,,,https://flexiple.com/gcc/india#gcc-gsk,,SRC_FLEXIPLE_GCC_INDIA_HTML,False,72,single-directory seed
guardian life,Guardian Life,BFSI,"Chennai, Delhi, Coimbatore",,"5001-10,000 people",,"New York, United States",,,,,https://flexiple.com/gcc/india#gcc-guardian-life,,SRC_FLEXIPLE_GCC_INDIA_HTML,False,72,single-directory seed
guidehouse,Guidehouse,Professional & Info Services,"Chennai, Thiruvananthapuram, Kollam, Bengaluru, Coimbatore",,"10,000+ people",services-led,United States,,—,,1.0,https://flexiple.com/gcc/india#gcc-guidehouse,https://gccindex.in/company/guidehouse,SRC_FLEXIPLE_GCC_INDIA_HTML;SRC_GCC_INDEX_COMPANIES_HTML,True,86,cross-directory match
guidewire,Guidewire,Technology & Software,Bengaluru,Digital Transformation,,,,,—,,1.0,,https://gccindex.in/company/guidewire,SRC_GCC_INDEX_COMPANIES_HTML,False,72,single-directory seed
gupshup,Gupshup,Technology,"Mumbai, Bengaluru, Delhi, Chennai",Software Engineer,1001-5000 people,,United States,,,,,https://flexiple.com/gcc/india#gcc-gupshup,,SRC_FLEXIPLE_GCC_INDIA_HTML,False,72,single-directory seed
hackerrank,HackerRank,Technology,"Bengaluru, Delhi",,1001-5000 people,,United States,,,,,https://flexiple.com/gcc/india#gcc-hackerrank,,SRC_FLEXIPLE_GCC_INDIA_HTML,False,72,single-directory seed
harman international,HARMAN International,Technology,"Bengaluru, Pune, Hyderabad, Mumbai, Chennai",Software Engineer; Product Development Engineer,"10,000+ people",,"Stamford, United States",,,,,https://flexiple.com/gcc/india#gcc-harman-international,,SRC_FLEXIPLE_GCC_INDIA_HTML,False,72,single-directory seed
harvey ai,Harvey AI,Technology & Software,Bengaluru,Global Capability Expansion,,,,,U62011KA2025FTC210719,Subsidiary incorporated — CIN U62011KA2025FTC210719 · IT/Software,2.0,,https://gccindex.in/company/harvey-ai,SRC_GCC_INDEX_COMPANIES_HTML,False,72,single-directory seed
hca healthcare,HCA Healthcare,Healthcare & Pharma,"Chennai, Delhi, Hyderabad, Mumbai",,,expanding · 2025,"Nashville, United States",2025.0,U62099TS2023FTC179791,Subsidiary incorporated — CIN U62099TS2023FTC179791 · IT/Software,2.0,https://flexiple.com/gcc/india#gcc-hca-healthcare,https://gccindex.in/company/hca-healthcare,SRC_FLEXIPLE_GCC_INDIA_HTML;SRC_GCC_INDEX_COMPANIES_HTML,True,86,cross-directory match
heineken,HEINEKEN,Retail & Consumer,"Ahmedabad, Bengaluru, Coimbatore, Delhi, Hyderabad, Indore, Mumbai, Pune, Vadodara",,,expanding · 2026,"Amsterdam, Netherlands",,U82990TS2025FTC200339,Subsidiary incorporated — CIN U82990TS2025FTC200339 · BPO/Shared Services,4.0,https://flexiple.com/gcc/india#gcc-heineken,https://gccindex.in/company/heineken,SRC_FLEXIPLE_GCC_INDIA_HTML;SRC_GCC_INDEX_COMPANIES_HTML,True,86,cross-directory match
henkel,Henkel,Retail & Consumer,"Bengaluru, Delhi, Kolkata, Mumbai, Pune",,,,"Dusseldorf, Germany",,,,,https://flexiple.com/gcc/india#gcc-henkel,,SRC_FLEXIPLE_GCC_INDIA_HTML,False,72,single-directory seed
here,HERE Technologies,Technology,"Mumbai, Bengaluru, Pune",Software Engineer; Full Stack Engineer,"5001-10,000 people",,Netherlands,,,,,https://flexiple.com/gcc/india#gcc-here-technologies,,SRC_FLEXIPLE_GCC_INDIA_HTML,False,72,single-directory seed
hewlett packard enterprise,Hewlett Packard Enterprise,Technology,"Bengaluru, Chennai, Hyderabad, Mumbai, Delhi",Software Engineer; Cloud Engineer; Technical Solutions Consultant,"10,000+ people",,"Spring, United States",2015.0,,,,https://flexiple.com/gcc/india#gcc-hewlett-packard-enterprise,,SRC_FLEXIPLE_GCC_INDIA_HTML,False,72,single-directory seed
hexadex,Hexadex,Manufacturing & Industrial,Pune,Global Capability Expansion,,,,,U70200PN2026FTC255187,Subsidiary incorporated — CIN U70200PN2026FTC255187 · IT/Software,2.0,,https://gccindex.in/company/hexadex,SRC_GCC_INDEX_COMPANIES_HTML,False,72,single-directory seed
hexagon,Hexagon,Technology,"Bengaluru, Coimbatore, Delhi, Hyderabad, Kolkata, Mumbai, Pune",,,,"Stockholm, Sweden",,,,,https://flexiple.com/gcc/india#gcc-hexagon,,SRC_FLEXIPLE_GCC_INDIA_HTML,False,72,single-directory seed
highlevel,HighLevel,Technology,"Bengaluru, Chennai, Mumbai, Delhi, Hyderabad",,1001-5000 people,,United States,,,,,https://flexiple.com/gcc/india#gcc-highlevel,,SRC_FLEXIPLE_GCC_INDIA_HTML,False,72,single-directory seed
highradius,HighRadius,Technology,"Hyderabad, Bhubaneswar, Bengaluru, Kolkata, Chennai",Software Development Engineer; Software Engineer,1001-5000 people,,United States,,,,,https://flexiple.com/gcc/india#gcc-highradius,,SRC_FLEXIPLE_GCC_INDIA_HTML,False,72,single-directory seed
hitachi energy,Hitachi Energy,Energy,"Ahmedabad, Bengaluru, Bhubaneswar, Chandigarh, Chennai, Delhi, Hyderabad, Kolkata, Mumbai, Vadodara",,,,"Zurich, Switzerland",,U82990DL2025FTC441264,Subsidiary incorporated — CIN U82990DL2025FTC441264 · BPO/Shared Services,2.0,https://flexiple.com/gcc/india#gcc-hitachi-energy,https://gccindex.in/company/hitachi-energy,SRC_FLEXIPLE_GCC_INDIA_HTML;SRC_GCC_INDEX_COMPANIES_HTML,True,86,cross-directory match
hitachi vantara,Hitachi Vantara,Technology,"Hyderabad, Bengaluru, Pune, Mumbai, Chennai",,"10,000+ people",,"Santa Clara, United States",,,,,https://flexiple.com/gcc/india#gcc-hitachi-vantara,,SRC_FLEXIPLE_GCC_INDIA_HTML,False,72,single-directory seed
hmh tech,HMH Tech India,Technology & Software,Pune,Global Capability Expansion,,,,,—,,1.0,,https://gccindex.in/company/hmh-tech-india,SRC_GCC_INDEX_COMPANIES_HTML,False,72,single-directory seed
honeywell,Honeywell,Engineering & Industrial,"Bengaluru, Hyderabad, Pune, Mumbai, Chennai",Software Engineer,"10,000+ people",,"Charlotte, United States",1994.0,U62020KA2025FTC205745,Subsidiary incorporated — CIN U62020KA2025FTC205745 · IT/Software,2.0,https://flexiple.com/gcc/india#gcc-honeywell,https://gccindex.in/company/honeywell,SRC_FLEXIPLE_GCC_INDIA_HTML;SRC_GCC_INDEX_COMPANIES_HTML,True,86,cross-directory match
house of shipping,House of Shipping,Logistics & Transportation,Chennai,Global Capability Expansion,,,,,—,,1.0,,https://gccindex.in/company/house-of-shipping,SRC_GCC_INDEX_COMPANIES_HTML,False,72,single-directory seed
hp,HP,Technology,"Bengaluru, Chennai, Delhi, Mumbai, Hyderabad",Software Engineer; Technical Support Engineer,"10,000+ people",,"Palo Alto, United States",1989.0,,,,https://flexiple.com/gcc/india#gcc-hp,,SRC_FLEXIPLE_GCC_INDIA_HTML,False,72,single-directory seed
hsbc,HSBC,BFSI,"Bengaluru, Hyderabad, Pune, Kolkata, Mumbai",Software Engineer; Data Engineer,"10,000+ people",,"London, UK",2000.0,—,,2.0,https://flexiple.com/gcc/india#gcc-hsbc,https://gccindex.in/company/hsbc,SRC_FLEXIPLE_GCC_INDIA_HTML;SRC_GCC_INDEX_COMPANIES_HTML,True,86,cross-directory match
huawei,Huawei,Technology,"Bengaluru, Kochi",,,,"Shenzhen, China",,,,,https://flexiple.com/gcc/india#gcc-huawei,,SRC_FLEXIPLE_GCC_INDIA_HTML,False,72,single-directory seed
hudl,Hudl,Technology,"Mumbai, Pune, Bengaluru",Sports Analyst,1001-5000 people,,United States,,,,,https://flexiple.com/gcc/india#gcc-hudl,,SRC_FLEXIPLE_GCC_INDIA_HTML,False,72,single-directory seed
huron,Huron,Professional & Info Services,"Bengaluru, Chennai, Hyderabad, Delhi, Pune",,"5001-10,000 people",services-led,United States,,,,,https://flexiple.com/gcc/india#gcc-huron,,SRC_FLEXIPLE_GCC_INDIA_HTML,False,72,single-directory seed
hyland,Hyland,Technology & Software,Hyderabad,Global Capability Expansion,,,,,—,,1.0,,https://gccindex.in/company/hyland,SRC_GCC_INDEX_COMPANIES_HTML,False,72,single-directory seed
hyundai mobis,Hyundai Mobis,Engineering & Industrial,Hyderabad,,,expanding · 2025,"Seoul, South Korea",,,,,https://flexiple.com/gcc/india#gcc-hyundai-mobis,,SRC_FLEXIPLE_GCC_INDIA_HTML,False,72,single-directory seed
hyundai motor,Hyundai Motor,Engineering & Industrial,"Ahmedabad, Bengaluru, Chandigarh, Chennai, Delhi, Hyderabad, Jaipur, Kolkata, Mumbai, Pune",,,,"Seoul, South Korea",,,,,https://flexiple.com/gcc/india#gcc-hyundai-motor,,SRC_FLEXIPLE_GCC_INDIA_HTML,False,72,single-directory seed
ibm,IBM,Technology,"Bengaluru, Hyderabad, Chennai, Kolkata, Delhi",Software Engineer; Application Developer; Data Engineer,"10,000+ people",services-led,"Armonk, United States",1992.0,,,,https://flexiple.com/gcc/india#gcc-ibm,,SRC_FLEXIPLE_GCC_INDIA_HTML,False,72,single-directory seed
ice,ICE,BFSI,"Hyderabad, Pune, Bengaluru, Bhubaneswar, Mumbai",,"5001-10,000 people",,United States,,,,,https://flexiple.com/gcc/india#gcc-ice,,SRC_FLEXIPLE_GCC_INDIA_HTML,False,72,single-directory seed
icertis,Icertis,Technology,"Pune, Mumbai, Bengaluru, Nagpur",Software Engineer,1001-5000 people,,United States,,,,,https://flexiple.com/gcc/india#gcc-icertis,,SRC_FLEXIPLE_GCC_INDIA_HTML,False,72,single-directory seed
idp education digital campus,IDP Education Digital Campus,Professional & Info Services,"Chennai, Delhi, Mumbai, Hyderabad",Software Engineer,"5001-10,000 people",,Australia,,,,,https://flexiple.com/gcc/india#gcc-idp-education-digital-campus,,SRC_FLEXIPLE_GCC_INDIA_HTML,False,72,single-directory seed
ig group,IG Group,BFSI,Bengaluru,,1001-5000 people,,United Kingdom,,,,,https://flexiple.com/gcc/india#gcc-ig-group,,SRC_FLEXIPLE_GCC_INDIA_HTML,False,72,single-directory seed
ikea ingka group,IKEA (Ingka Group),Retail & Consumer,"Delhi, Kolkata, Mumbai",,,,"Leiden, Netherlands",,,,,https://flexiple.com/gcc/india#gcc-ikea,,SRC_FLEXIPLE_GCC_INDIA_HTML,False,72,single-directory seed
illumia,Illumia,Healthcare & Life Sciences,Chennai,Innovation & R&D,,,,,—,,1.0,,https://gccindex.in/company/illumia,SRC_GCC_INDEX_COMPANIES_HTML,False,72,single-directory seed
imagine learning,Imagine Learning,Technology & Software,Bengaluru,Innovation & R&D,,,,,U62013KA2026FTC218878,Subsidiary incorporated — CIN U62013KA2026FTC218878 · IT/Software,2.0,,https://gccindex.in/company/imagine-learning,SRC_GCC_INDEX_COMPANIES_HTML,False,72,single-directory seed
impact analytics,Impact Analytics,Technology,Bengaluru,,501-1000 people,,United States,,,,,https://flexiple.com/gcc/india#gcc-impact-analytics,,SRC_FLEXIPLE_GCC_INDIA_HTML,False,72,single-directory seed
indeed,Indeed,Technology,"Bengaluru, Hyderabad, Mumbai, Delhi, Chennai",,"10,000+ people",,Japan,,,,,https://flexiple.com/gcc/india#gcc-indeed,,SRC_FLEXIPLE_GCC_INDIA_HTML,False,72,single-directory seed
infineon,Infineon Technologies,Technology,"Bengaluru, Ahmedabad, Hyderabad, Chennai, Pune",,"10,000+ people",,Germany,,—,,2.0,https://flexiple.com/gcc/india#gcc-infineon-technologies,https://gccindex.in/company/infineon,SRC_FLEXIPLE_GCC_INDIA_HTML;SRC_GCC_INDEX_COMPANIES_HTML,True,86,cross-directory match
infor,Infor,Technology,"Hyderabad, Bengaluru, Mumbai, Pune, Chennai",Software Engineer,"10,000+ people",,"Atlanta, USA",,,,,https://flexiple.com/gcc/india#gcc-infor,,SRC_FLEXIPLE_GCC_INDIA_HTML,False,72,single-directory seed
informatica,Informatica,Technology,"Bengaluru, Hyderabad, Chennai",Software Engineer,"5001-10,000 people",,"Redwood City, United States",,,,,https://flexiple.com/gcc/india#gcc-informatica,,SRC_FLEXIPLE_GCC_INDIA_HTML,False,72,single-directory seed
innocean,Innocean,Consulting & Professional Services,Bengaluru,AI & Advanced Technology,,,,,—,,1.0,,https://gccindex.in/company/innocean,SRC_GCC_INDEX_COMPANIES_HTML,False,72,single-directory seed
innovaccer,Innovaccer,Healthcare & Pharma,"Delhi, Bengaluru",Data Analyst; Software Development Engineer; Data Engineer,1001-5000 people,,United States,,,,,https://flexiple.com/gcc/india#gcc-innovaccer,,SRC_FLEXIPLE_GCC_INDIA_HTML,False,72,single-directory seed
insight,Insight Global,Consulting & Professional Services,Hyderabad,Talent & Workforce Development,,,,,—,,1.0,,https://gccindex.in/company/insight,SRC_GCC_INDEX_COMPANIES_HTML,False,72,single-directory seed
institutional shareholder,Institutional Shareholder Services,Professional & Info Services,Mumbai,,1001-5000 people,,Germany,,,,,https://flexiple.com/gcc/india#gcc-institutional-shareholder-services,,SRC_FLEXIPLE_GCC_INDIA_HTML,False,72,single-directory seed
intel corporation,Intel Corporation,Technology,"Bengaluru, Hyderabad, Chennai, Delhi, Mumbai",,"10,000+ people",,"Santa Clara, United States",1988.0,,,,https://flexiple.com/gcc/india#gcc-intel-corporation,,SRC_FLEXIPLE_GCC_INDIA_HTML,False,72,single-directory seed
intercontinental exchange,Intercontinental Exchange,Financial Services,Pune,Global Capability Expansion,,,,,—,,1.0,,https://gccindex.in/company/intercontinental-exchange,SRC_GCC_INDEX_COMPANIES_HTML,False,72,single-directory seed
intuit,Intuit,Technology,"Bengaluru, Delhi, Hyderabad, Mumbai, Chennai",Software Engineer,"10,000+ people",,"Mountain View, United States",2005.0,,,,https://flexiple.com/gcc/india#gcc-intuit,,SRC_FLEXIPLE_GCC_INDIA_HTML,False,72,single-directory seed
intuitive,Intuitive,Healthcare & Pharma,Bengaluru,,,,"Sunnyvale, United States",,,,,https://flexiple.com/gcc/india#gcc-intuitive-surgical,,SRC_FLEXIPLE_GCC_INDIA_HTML,False,72,single-directory seed
invesco,Invesco,BFSI,"Ahmedabad, Delhi, Hyderabad, Kolkata, Mumbai, Pune",,,,"Atlanta, United States",,,,,https://flexiple.com/gcc/india#gcc-invesco,,SRC_FLEXIPLE_GCC_INDIA_HTML,False,72,single-directory seed
invoicecloud,InvoiceCloud,Financial Services,Hyderabad,AI & Advanced Technology,,,,,U62099TS2024FTC186949,Subsidiary incorporated — CIN U62099TS2024FTC186949 · IT/Software,4.0,,https://gccindex.in/company/invoicecloud,SRC_GCC_INDEX_COMPANIES_HTML,False,72,single-directory seed
ion investment group,ION Investment Group,Technology,"Pune, Bengaluru",Software Engineer,"10,000+ people",,Ireland,,,,,https://flexiple.com/gcc/india#gcc-ion-investment-group,,SRC_FLEXIPLE_GCC_INDIA_HTML,False,72,single-directory seed
ipsos,Ipsos,Professional & Info Services,"Mumbai, Bengaluru, Delhi, Kolkata",,"10,000+ people",services-led,France,,,,,https://flexiple.com/gcc/india#gcc-ipsos,,SRC_FLEXIPLE_GCC_INDIA_HTML,False,72,single-directory seed
iq eq,IQ-EQ,Financial Services,Hyderabad,Global Capability Expansion,,,,,—,,1.0,,https://gccindex.in/company/iq-eq,SRC_GCC_INDEX_COMPANIES_HTML,False,72,single-directory seed
iqvia,IQVIA,Healthcare & Pharma,"Bengaluru, Mumbai, Hyderabad, Chennai",Software Development Engineer; Software Engineer,"10,000+ people",services-led,"Durham, United States",2002.0,,,,https://flexiple.com/gcc/india#gcc-iqvia,,SRC_FLEXIPLE_GCC_INDIA_HTML,False,72,single-directory seed
isolved,isolved,Technology & Software,Hyderabad,Global Capability Expansion,,,,,U62099TS2026FTC212049,Subsidiary incorporated — CIN U62099TS2026FTC212049 · IT/Software,2.0,,https://gccindex.in/company/isolved,SRC_GCC_INDEX_COMPANIES_HTML,False,72,single-directory seed
itineris,Itineris,Technology & Software,Hyderabad,Global Capability Expansion,,,,,U62099TS2025FTC207141,Subsidiary incorporated — CIN U62099TS2025FTC207141 · IT/Software,2.0,,https://gccindex.in/company/itineris,SRC_GCC_INDEX_COMPANIES_HTML,False,72,single-directory seed
ivanti,Ivanti,Technology,"Bengaluru, Hyderabad, Mumbai, Chennai",Software Engineer,1001-5000 people,,"South Jordan, United States",,,,,https://flexiple.com/gcc/india#gcc-ivanti,,SRC_FLEXIPLE_GCC_INDIA_HTML,False,72,single-directory seed
jaggaer,JAGGAER,Technology,"Bengaluru, Chennai, Coimbatore, Delhi, Hyderabad, Kochi, Kolkata, Mumbai, Thiruvananthapuram, Visakhapatnam",,,,"Morrisville, United States",,—,,1.0,https://flexiple.com/gcc/india#gcc-jaggaer,https://gccindex.in/company/jaggaer,SRC_FLEXIPLE_GCC_INDIA_HTML;SRC_GCC_INDEX_COMPANIES_HTML,True,86,cross-directory match
jll,JLL,Professional & Info Services,"Bengaluru, Delhi, Mumbai, Hyderabad",,"10,000+ people",expanding · 2026,"Chicago, United States",,—,,2.0,https://flexiple.com/gcc/india#gcc-jll,https://gccindex.in/company/jll,SRC_FLEXIPLE_GCC_INDIA_HTML;SRC_GCC_INDEX_COMPANIES_HTML,True,86,cross-directory match
john deere,John Deere,Engineering & Industrial,"Pune, Bengaluru, Hyderabad, Mumbai, Indore",,"10,000+ people",,"Moline, United States",2005.0,,,,https://flexiple.com/gcc/india#gcc-john-deere,,SRC_FLEXIPLE_GCC_INDIA_HTML,False,72,single-directory seed
johnson controls,Johnson Controls,Engineering & Industrial,"Pune, Bengaluru, Mumbai, Delhi, Hyderabad",,"10,000+ people",,"Cork, Ireland",1995.0,,,,https://flexiple.com/gcc/india#gcc-johnson-controls,,SRC_FLEXIPLE_GCC_INDIA_HTML,False,72,single-directory seed
johnson johnson,Johnson & Johnson,Healthcare & Life Sciences,Hyderabad,Talent & Workforce Development,,,,,—,,1.0,,https://gccindex.in/company/johnson-johnson,SRC_GCC_INDEX_COMPANIES_HTML,False,72,single-directory seed
jp morgan,JP Morgan,Financial Services,Mumbai,Global Capability Expansion,,,,,F07017,Subsidiary incorporated — CIN F07017,4.0,,https://gccindex.in/company/jp-morgan,SRC_GCC_INDEX_COMPANIES_HTML,False,72,single-directory seed
jpmorgan chase,JPMorgan Chase,Financial Services,Hyderabad,Global Capability Expansion,,,,,—,,1.0,,https://gccindex.in/company/jpmorgan-chase,SRC_GCC_INDEX_COMPANIES_HTML,False,72,single-directory seed
jpmorganchase,JPMorganChase,BFSI,"Bengaluru, Mumbai, Hyderabad, Pune",Software Engineer; Software Development Engineer; Full Stack Engineer,"10,000+ people",,"New York, USA",2002.0,,,,https://flexiple.com/gcc/india#gcc-jpmorganchase,,SRC_FLEXIPLE_GCC_INDIA_HTML,False,72,single-directory seed
julius baer,Julius Baer,Financial Services,Mumbai,Operational Efficiency,,,,,U70200MH2025FTC443293,Subsidiary incorporated — CIN U70200MH2025FTC443293 · BPO/Shared Services,4.0,,https://gccindex.in/company/julius-baer,SRC_GCC_INDEX_COMPANIES_HTML,False,72,single-directory seed
jumpcloud,JumpCloud,Technology,"Bengaluru, Chennai",,501-1000 people,,United States,,,,,https://flexiple.com/gcc/india#gcc-jumpcloud,,SRC_FLEXIPLE_GCC_INDIA_HTML,False,72,single-directory seed
juniper networks,Juniper Networks,Technology,"Bengaluru, Hyderabad, Chennai, Mumbai, Delhi",Software Engineer,"10,000+ people",,"Sunnyvale, United States",,,,,https://flexiple.com/gcc/india#gcc-juniper-networks,,SRC_FLEXIPLE_GCC_INDIA_HTML,False,72,single-directory seed
kantar,Kantar,Professional & Info Services,"Bengaluru, Hyderabad, Mumbai, Kolkata, Delhi",Research Manager,"10,000+ people",services-led,United Kingdom,,,,,https://flexiple.com/gcc/india#gcc-kantar,,SRC_FLEXIPLE_GCC_INDIA_HTML,False,72,single-directory seed
keysight,Keysight Technologies,Engineering & Industrial,"Bengaluru, Delhi, Kolkata, Hyderabad",,"10,000+ people",,United States,,,,,https://flexiple.com/gcc/india#gcc-keysight-technologies,,SRC_FLEXIPLE_GCC_INDIA_HTML,False,72,single-directory seed
kimberly clark,Kimberly-Clark,Retail & Consumer,Bengaluru,,,,"Irving, United States",,,,,https://flexiple.com/gcc/india#gcc-kimberly-clark,,SRC_FLEXIPLE_GCC_INDIA_HTML,False,72,single-directory seed
kla,KLA,Technology,"Chennai, Delhi",,,expanding · 2026,"Milpitas, United States",,,,,https://flexiple.com/gcc/india#gcc-kla,,SRC_FLEXIPLE_GCC_INDIA_HTML,False,72,single-directory seed
kla corp,KLA Corp,Semiconductors & Electronics,Chennai,Global Capability Expansion,,,,,U33130TN2025FTC186129,Subsidiary incorporated — CIN U33130TN2025FTC186129,2.0,,https://gccindex.in/company/kla,SRC_GCC_INDEX_COMPANIES_HTML,False,72,single-directory seed
kore ai,Kore.ai,Technology,"Hyderabad, Bengaluru",Software Engineer,1001-5000 people,,United States,,,,,https://flexiple.com/gcc/india#gcc-kore-ai,,SRC_FLEXIPLE_GCC_INDIA_HTML,False,72,single-directory seed
kpmg,KPMG Global Services,Professional & Info Services,"Bengaluru, Delhi, Mumbai, Hyderabad",Audit; Data Analyst,"10,000+ people",services-led,"Amstelveen, Netherlands",,,,,https://flexiple.com/gcc/india#gcc-kpmg,,SRC_FLEXIPLE_GCC_INDIA_HTML,False,72,single-directory seed
kraft heinz,Kraft Heinz,Retail & Consumer,"Ahmedabad, Bengaluru, Chennai, Delhi, Hyderabad, Jaipur, Kolkata, Mumbai, Pune",,,,"Chicago, United States",2023.0,—,,2.0,https://flexiple.com/gcc/india#gcc-kraft-heinz,https://gccindex.in/company/kraft-heinz,SRC_FLEXIPLE_GCC_INDIA_HTML;SRC_GCC_INDEX_COMPANIES_HTML,True,86,cross-directory match
l or al,L'Oréal,Retail & Consumer,"Delhi, Hyderabad, Mumbai",,,,"Clichy, France",,—,,3.0,https://flexiple.com/gcc/india#gcc-l-oreal,https://gccindex.in/company/loreal,SRC_FLEXIPLE_GCC_INDIA_HTML;SRC_GCC_INDEX_COMPANIES_HTML,True,86,cross-directory match
ladera,Ladera Technology,Technology & Software,Bengaluru,Innovation & R&D,,,,,—,,1.0,,https://gccindex.in/company/ladera,SRC_GCC_INDEX_COMPANIES_HTML,False,72,single-directory seed
lam research,Lam Research,Technology,"Bengaluru, Delhi",,,,"Fremont, United States",,,,,https://flexiple.com/gcc/india#gcc-lam-research,,SRC_FLEXIPLE_GCC_INDIA_HTML,False,72,single-directory seed
landis gyr,Landis+Gyr,Energy,"Delhi, Kolkata",Software Engineer,"5001-10,000 people",,Switzerland,,,,,https://flexiple.com/gcc/india#gcc-landis-gyr,,SRC_FLEXIPLE_GCC_INDIA_HTML,False,72,single-directory seed
leadiq,LeadIQ,Technology,,,51-200 people,,United States,,,,,https://flexiple.com/gcc/india#gcc-leadiq,,SRC_FLEXIPLE_GCC_INDIA_HTML,False,72,single-directory seed
leidos,Leidos,Aerospace & Defense,Pune,Global Capability Expansion,,,,,—,,1.0,,https://gccindex.in/company/leidos,SRC_GCC_INDEX_COMPANIES_HTML,False,72,single-directory seed
lennox,Lennox,Manufacturing & Industrial,Chennai,Sustainability & Energy Transition,,,,,—,,1.0,,https://gccindex.in/company/lennox,SRC_GCC_INDEX_COMPANIES_HTML,False,72,single-directory seed
lennox international,Lennox International,Engineering & Industrial,,,,,"Richardson, United States",,,,,https://flexiple.com/gcc/india#gcc-lennox-international,,SRC_FLEXIPLE_GCC_INDIA_HTML,False,72,single-directory seed
lenovo,Lenovo,Technology,"Bengaluru, Mumbai, Delhi, Chennai, Puducherry",,"10,000+ people",,China,,,,,https://flexiple.com/gcc/india#gcc-lenovo,,SRC_FLEXIPLE_GCC_INDIA_HTML,False,72,single-directory seed
lexitas,Lexitas,Consulting & Professional Services,Chennai,Innovation & R&D,,,,,U62099TN2024FTC171755,Subsidiary incorporated — CIN U62099TN2024FTC171755 · IT/Software,2.0,,https://gccindex.in/company/lexitas,SRC_GCC_INDEX_COMPANIES_HTML,False,72,single-directory seed
lg corporation,LG Corporation,Manufacturing & Industrial,Noida,Global Capability Expansion,,,,,—,,1.0,,https://gccindex.in/company/lg-corporation,SRC_GCC_INDEX_COMPANIES_HTML,False,72,single-directory seed
lg electronics,LG Electronics,Technology,"Delhi, Pune, Bengaluru, Mumbai",,"10,000+ people",expanding · 2025,"Seoul, South Korea",,,,,https://flexiple.com/gcc/india#gcc-lg-electronics,,SRC_FLEXIPLE_GCC_INDIA_HTML,False,72,single-directory seed
liebherr,Liebherr,Manufacturing & Industrial,Pune,Global Capability Expansion,,,,,—,,1.0,,https://gccindex.in/company/liebherr,SRC_GCC_INDEX_COMPANIES_HTML,False,72,single-directory seed
light wonder,Light & Wonder,Telecom & Media,"Bengaluru, Chennai, Pune",Software Engineer; Software,1001-5000 people,,United States,,,,,https://flexiple.com/gcc/india#gcc-light-and-wonder,,SRC_FLEXIPLE_GCC_INDIA_HTML,False,72,single-directory seed
linde wiemann,Linde-Wiemann,Manufacturing & Industrial,Gurugram,Global Capability Expansion,,,,,—,,1.0,,https://gccindex.in/company/lindewiemann,SRC_GCC_INDEX_COMPANIES_HTML,False,72,single-directory seed
linkedin,LinkedIn,Technology,"Bengaluru, Delhi, Mumbai, Hyderabad, Chennai",Software Engineer,"10,000+ people",,"Sunnyvale, United States",,,,,https://flexiple.com/gcc/india#gcc-linkedin,,SRC_FLEXIPLE_GCC_INDIA_HTML,False,72,single-directory seed
litmos,Litmos,Technology & Software,Pune,Innovation & R&D,,,,,—,,1.0,,https://gccindex.in/company/litmos,SRC_GCC_INDEX_COMPANIES_HTML,False,72,single-directory seed
liveramp,LiveRamp,Technology & Software,Hyderabad,Global Capability Expansion,,,,,—,,1.0,,https://gccindex.in/company/liveramp,SRC_GCC_INDEX_COMPANIES_HTML,False,72,single-directory seed
lkq,LKQ,Engineering & Industrial,Bengaluru,,"5001-10,000 people",,United States,,,,,https://flexiple.com/gcc/india#gcc-lkq,,SRC_FLEXIPLE_GCC_INDIA_HTML,False,72,single-directory seed
lloyds banking group,Lloyds Banking Group,BFSI,"Bengaluru, Chennai, Delhi, Hyderabad, Kolkata, Mumbai",,,,"London, United Kingdom",,,,,https://flexiple.com/gcc/india#gcc-lloyds-banking-group,,SRC_FLEXIPLE_GCC_INDIA_HTML,False,72,single-directory seed
logitech,Logitech,Technology,Chennai,,,,"Lausanne, Switzerland",,,,,https://flexiple.com/gcc/india#gcc-logitech,,SRC_FLEXIPLE_GCC_INDIA_HTML,False,72,single-directory seed
lonza group,Lonza Group,Healthcare & Life Sciences,Hyderabad,Global Capability Expansion,,,,,U62099TS2025FTC203333,Subsidiary incorporated — CIN U62099TS2025FTC203333 · IT/Software,2.0,,https://gccindex.in/company/lonza,SRC_GCC_INDEX_COMPANIES_HTML,False,72,single-directory seed
lowe s,Lowe's India,Retail & Consumer,"Bengaluru, Chennai, Mysuru, Hyderabad",Software Engineer,1001-5000 people,,"Mooresville, United States",,U62099KA2025FTC198037,Subsidiary incorporated — CIN U62099KA2025FTC198037 · IT/Software,2.0,https://flexiple.com/gcc/india#gcc-lowe-s-india,https://gccindex.in/company/lowes,SRC_FLEXIPLE_GCC_INDIA_HTML;SRC_GCC_INDEX_COMPANIES_HTML,True,86,cross-directory match
loyalty juggernaut,Loyalty Juggernaut,Technology,Hyderabad,,201-500 people,,United States,,,,,https://flexiple.com/gcc/india#gcc-loyalty-juggernaut,,SRC_FLEXIPLE_GCC_INDIA_HTML,False,72,single-directory seed
lpl financial,LPL Financial,Financial Services,Hyderabad,Global Capability Expansion,,,,,—,,2.0,,https://gccindex.in/company/lpl-financial,SRC_GCC_INDEX_COMPANIES_HTML,False,72,single-directory seed
lseg london stock exchange group,LSEG (London Stock Exchange Group),BFSI,"Bengaluru, Hyderabad, Mumbai, Chennai, Delhi",,"10,000+ people",,"London, UK",,,,,https://flexiple.com/gcc/india#gcc-lseg-london-stock-exchange-group,,SRC_FLEXIPLE_GCC_INDIA_HTML,False,72,single-directory seed
lubrizol,Lubrizol,Engineering & Industrial,"Bengaluru, Chennai, Coimbatore, Delhi, Hyderabad, Kochi, Kolkata, Mumbai, Pune, Thiruvananthapuram, Visakhapatnam",,,,"Wickliffe, United States",,,,,https://flexiple.com/gcc/india#gcc-lubrizol,,SRC_FLEXIPLE_GCC_INDIA_HTML,False,72,single-directory seed
lufthansa,Lufthansa,Logistics & Transportation,Bengaluru,Global Capability Expansion,,,,,U62099KA2025FTC210433,Subsidiary incorporated — CIN U62099KA2025FTC210433 · IT/Software,2.0,,https://gccindex.in/company/lufthansa,SRC_GCC_INDEX_COMPANIES_HTML,False,72,single-directory seed
lumen,Lumen Technologies,Telecom & Media,"Bengaluru, Hyderabad, Delhi, Chennai",Software Development Engineer,"10,000+ people",,United States,,,,,https://flexiple.com/gcc/india#gcc-lumen-technologies,,SRC_FLEXIPLE_GCC_INDIA_HTML,False,72,single-directory seed
macquarie group,Macquarie Group,BFSI,"Delhi, Mumbai, Hyderabad",,"10,000+ people",,Australia,,,,,https://flexiple.com/gcc/india#gcc-macquarie-group,,SRC_FLEXIPLE_GCC_INDIA_HTML,False,72,single-directory seed
magna international,Magna International,Engineering & Industrial,Bengaluru,,,,"Aurora, Canada",,,,,https://flexiple.com/gcc/india#gcc-magna-international,,SRC_FLEXIPLE_GCC_INDIA_HTML,False,72,single-directory seed
magnum ice cream company,Magnum Ice Cream Company,Retail & Consumer,"Bengaluru, Pune","Innovation & R&D, Global Capability Expansion",,,,,U74909MH2025FTC446209,Subsidiary incorporated — CIN U74909MH2025FTC446209,6.0,,https://gccindex.in/company/magnum-ice-cream-company,SRC_GCC_INDEX_COMPANIES_HTML,False,72,single-directory seed
makino,Makino,Engineering & Industrial,"Ahmedabad, Bengaluru, Chennai, Coimbatore, Delhi, Hyderabad, Jaipur, Kolkata, Mumbai, Pune",,,,"Tokyo, Japan",,,,,https://flexiple.com/gcc/india#gcc-makino,,SRC_FLEXIPLE_GCC_INDIA_HTML,False,72,single-directory seed
manhattan associates,Manhattan Associates,Technology,Bengaluru,Software Engineer,1001-5000 people,,United States,,,,,https://flexiple.com/gcc/india#gcc-manhattan-associates,,SRC_FLEXIPLE_GCC_INDIA_HTML,False,72,single-directory seed
mann hummel,MANN+HUMMEL,Engineering & Industrial,"Bengaluru, Pune",,,,"Ludwigsburg, Germany",,—,,1.0,https://flexiple.com/gcc/india#gcc-mann-hummel,https://gccindex.in/company/mannhummel,SRC_FLEXIPLE_GCC_INDIA_HTML;SRC_GCC_INDEX_COMPANIES_HTML,True,86,cross-directory match
map my crop,Map My Crop,Technology,,,,,United States,,,,,https://flexiple.com/gcc/india#gcc-map-my-crop,,SRC_FLEXIPLE_GCC_INDIA_HTML,False,72,single-directory seed
markem imaje,Markem-Imaje,Engineering & Industrial,"Bengaluru, Chennai, Mumbai, Vadodara",,,,"Geneva, Switzerland",,,,,https://flexiple.com/gcc/india#gcc-markem-imaje,,SRC_FLEXIPLE_GCC_INDIA_HTML,False,72,single-directory seed
marriott international,Marriott International,Retail & Consumer,"Bengaluru, Mumbai, Delhi, Kolkata, Hyderabad",,"10,000+ people",,"Bethesda, United States",,—,,1.0,https://flexiple.com/gcc/india#gcc-marriott-international,https://gccindex.in/company/marriott-international,SRC_FLEXIPLE_GCC_INDIA_HTML;SRC_GCC_INDEX_COMPANIES_HTML,True,86,cross-directory match
marsh mclennan,Marsh McLennan,BFSI,"Mumbai, Pune, Delhi",,"10,000+ people",,"New York, USA",2007.0,,,,https://flexiple.com/gcc/india#gcc-marsh-mclennan,,SRC_FLEXIPLE_GCC_INDIA_HTML,False,72,single-directory seed
marvell,Marvell,Technology,"Bengaluru, Delhi, Hyderabad, Mumbai, Pune",,,,"Santa Clara, United States",,,,,https://flexiple.com/gcc/india#gcc-marvell,,SRC_FLEXIPLE_GCC_INDIA_HTML,False,72,single-directory seed
mastercard,Mastercard,BFSI,"Pune, Mumbai, Delhi, Vadodara",Software Engineer,"10,000+ people",,"Purchase, USA",2014.0,,,,https://flexiple.com/gcc/india#gcc-mastercard,,SRC_FLEXIPLE_GCC_INDIA_HTML,False,72,single-directory seed
mathworks,MathWorks,Technology,"Bengaluru, Hyderabad, Delhi",Software Engineer,"5001-10,000 people",,United States,,,,,https://flexiple.com/gcc/india#gcc-mathworks,,SRC_FLEXIPLE_GCC_INDIA_HTML,False,72,single-directory seed
mattel,Mattel,Retail & Consumer,Hyderabad,Innovation & R&D,,,,,—,,2.0,,https://gccindex.in/company/mattel,SRC_GCC_INDEX_COMPANIES_HTML,False,72,single-directory seed
mavenir,Mavenir,Telecom & Media,"Bengaluru, Delhi, Mumbai",,"5001-10,000 people",,"Richardson, United States",,,,,https://flexiple.com/gcc/india#gcc-mavenir,,SRC_FLEXIPLE_GCC_INDIA_HTML,False,72,single-directory seed
maximus,Maximus Inc,Healthcare & Life Sciences,Hyderabad,Global Capability Expansion,,,,,—,,1.0,,https://gccindex.in/company/maximus,SRC_GCC_INDEX_COMPANIES_HTML,False,72,single-directory seed
mcdonald s,McDonald's,Retail & Consumer,"Ahmedabad, Bengaluru, Delhi, Hyderabad, Mumbai, Nagpur, Pune",,,expanding · 2025,"Chicago, United States",,U63119DL2024FTC438910,Subsidiary incorporated — CIN U63119DL2024FTC438910 · IT/Software,2.0,https://flexiple.com/gcc/india#gcc-mcdonalds,https://gccindex.in/company/mcdonalds,SRC_FLEXIPLE_GCC_INDIA_HTML;SRC_GCC_INDEX_COMPANIES_HTML,True,86,cross-directory match
medexpert billing,MedExpert Billing,Healthcare & Life Sciences,Chennai,Global Capability Expansion,,,,,—,,1.0,,https://gccindex.in/company/medexpert-billing,SRC_GCC_INDEX_COMPANIES_HTML,False,72,single-directory seed
media net,Media.net,Telecom & Media,"Mumbai, Bengaluru",Web Application Developer,1001-5000 people,,United Arab Emirates,,,,,https://flexiple.com/gcc/india#gcc-media-net,,SRC_FLEXIPLE_GCC_INDIA_HTML,False,72,single-directory seed
mediatek,MediaTek,Technology,"Bengaluru, Delhi",,,,"Hsinchu, Taiwan",,,,,https://flexiple.com/gcc/india#gcc-mediatek,,SRC_FLEXIPLE_GCC_INDIA_HTML,False,72,single-directory seed
meditab software,Meditab Software,Healthcare & Pharma,"Ahmedabad, Pune",Programming Analyst,501-1000 people,,United States,,,,,https://flexiple.com/gcc/india#gcc-meditab-software,,SRC_FLEXIPLE_GCC_INDIA_HTML,False,72,single-directory seed
medtronic,Medtronic,Healthcare & Pharma,"Bengaluru, Chennai, Coimbatore, Delhi, Hyderabad, Kochi, Kolkata, Mumbai, Thiruvananthapuram, Visakhapatnam",,,,"Dublin, Ireland",,U62099MH2024FTC430077,Subsidiary incorporated — CIN U62099MH2024FTC430077 · IT/Software,2.0,https://flexiple.com/gcc/india#gcc-medtronic,https://gccindex.in/company/medtronic,SRC_FLEXIPLE_GCC_INDIA_HTML;SRC_GCC_INDEX_COMPANIES_HTML,True,86,cross-directory match
meltwater,Meltwater,Technology & Software,Hyderabad,Global Capability Expansion,,,,,—,,1.0,,https://gccindex.in/company/meltwater,SRC_GCC_INDEX_COMPANIES_HTML,False,72,single-directory seed
mercedes benz research and development,Mercedes-Benz Research and Development India,Engineering & Industrial,"Bengaluru, Pune, Chennai, Mysuru, Hyderabad",Software Engineer; Full Stack Engineer; Software Consultant,"10,000+ people",,"Stuttgart, Germany",1996.0,,,,https://flexiple.com/gcc/india#gcc-mercedes-benz-research-and-development-india,,SRC_FLEXIPLE_GCC_INDIA_HTML,False,72,single-directory seed
mercer,Mercer,Professional & Info Services,"Delhi, Mumbai, Bengaluru",,"10,000+ people",services-led,United States,,,,,https://flexiple.com/gcc/india#gcc-mercer,,SRC_FLEXIPLE_GCC_INDIA_HTML,False,72,single-directory seed
merck,Merck,Healthcare & Life Sciences,Bengaluru,Global Capability Expansion,,,,,—,,1.0,,https://gccindex.in/company/merck,SRC_GCC_INDEX_COMPANIES_HTML,False,72,single-directory seed
merck group,Merck Group,Healthcare & Pharma,"Bengaluru, Mumbai, Hyderabad, Chennai, Kolkata",,"10,000+ people",,"Darmstadt, Germany",,,,,https://flexiple.com/gcc/india#gcc-merck-group,,SRC_FLEXIPLE_GCC_INDIA_HTML,False,72,single-directory seed
meta,Meta,Technology,"Delhi, Mumbai",,,,"Menlo Park, United States",,,,,https://flexiple.com/gcc/india#gcc-meta-platforms,,SRC_FLEXIPLE_GCC_INDIA_HTML,False,72,single-directory seed
meta platforms,Meta Platforms,Technology,"Ahmedabad, Bengaluru, Delhi, Hyderabad, Mumbai",,,,"Menlo Park, United States",,,,,https://flexiple.com/gcc/india#gcc-meta,,SRC_FLEXIPLE_GCC_INDIA_HTML,False,72,single-directory seed
metlife,MetLife,BFSI,"Delhi, Jaipur, Hyderabad",,"10,000+ people",expanding · 2026,United States,,,,,https://flexiple.com/gcc/india#gcc-metlife,,SRC_FLEXIPLE_GCC_INDIA_HTML,False,72,single-directory seed
metro ag,METRO AG,Retail & Consumer,Pune,Innovation & R&D,,,,,—,,1.0,,https://gccindex.in/company/metro,SRC_GCC_INDEX_COMPANIES_HTML,False,72,single-directory seed
metro solution,METRO Global Solution Centre,Retail & Consumer,"Bengaluru, Chandigarh, Delhi, Hyderabad, Jaipur, Mumbai, Pune",,,,"Dusseldorf, Germany",,,,,https://flexiple.com/gcc/india#gcc-metro-gsc,,SRC_FLEXIPLE_GCC_INDIA_HTML,False,72,single-directory seed
miamin,Miamin Systems,Technology & Software,Hyderabad,Global Capability Expansion,,,,,—,,1.0,,https://gccindex.in/company/miamin,SRC_GCC_INDEX_COMPANIES_HTML,False,72,single-directory seed
microchip,Microchip Technology,Technology,"Bengaluru, Chennai, Delhi, Hyderabad, Pune",,,,"Chandler, United States",,—,,1.0,https://flexiple.com/gcc/india#gcc-microchip-technology,https://gccindex.in/company/microchip,SRC_FLEXIPLE_GCC_INDIA_HTML;SRC_GCC_INDEX_COMPANIES_HTML,True,86,cross-directory match
micron,Micron Technology,Technology,"Hyderabad, Bengaluru, Ahmedabad, Mumbai, Delhi",Data Engineer; Software Engineer,"10,000+ people",,"Boise, USA",,,,,https://flexiple.com/gcc/india#gcc-micron-technology,,SRC_FLEXIPLE_GCC_INDIA_HTML,False,72,single-directory seed
microsoft,Microsoft,Technology,"Bengaluru, Hyderabad, Delhi, Mumbai, Chennai",Software Engineer; Software Development Engineer,"10,000+ people",,"Redmond, United States",1998.0,,,,https://flexiple.com/gcc/india#gcc-microsoft,,SRC_FLEXIPLE_GCC_INDIA_HTML,False,72,single-directory seed
milacron,Milacron,Manufacturing & Industrial,Coimbatore,Innovation & R&D,,,,,—,,1.0,,https://gccindex.in/company/milacron,SRC_GCC_INDEX_COMPANIES_HTML,False,72,single-directory seed
mindcrest,Mindcrest,Professional & Info Services,"Bengaluru, Delhi, Pune",,,services-led,"London, United Kingdom",,,,,https://flexiple.com/gcc/india#gcc-mindcrest,,SRC_FLEXIPLE_GCC_INDIA_HTML,False,72,single-directory seed
mindsprint,Mindsprint,Technology & Software,Chennai,Global Capability Expansion,,,,,—,,1.0,,https://gccindex.in/company/mindsprint,SRC_GCC_INDEX_COMPANIES_HTML,False,72,single-directory seed
mindzvue,MindZvue,Consulting & Professional Services,Pune,Global Capability Expansion,,,,,—,,1.0,,https://gccindex.in/company/mindzvue,SRC_GCC_INDEX_COMPANIES_HTML,False,72,single-directory seed
mizuho,Mizuho,Financial Services,Pune,Digital Transformation,,,,,—,,1.0,,https://gccindex.in/company/mizuho,SRC_GCC_INDEX_COMPANIES_HTML,False,72,single-directory seed
mks,MKS,Semiconductors & Electronics,Bengaluru,Innovation & R&D,,,,,—,,1.0,,https://gccindex.in/company/mks,SRC_GCC_INDEX_COMPANIES_HTML,False,72,single-directory seed
mobileum,Mobileum,Telecom & Media,"Bengaluru, Mumbai",Software Engineer,1001-5000 people,,United States,,,,,https://flexiple.com/gcc/india#gcc-mobileum,,SRC_FLEXIPLE_GCC_INDIA_HTML,False,72,single-directory seed
moody s,Moody's,BFSI,"Bengaluru, Delhi, Mumbai",,"10,000+ people",,United States,,,,,https://flexiple.com/gcc/india#gcc-moody-s,,SRC_FLEXIPLE_GCC_INDIA_HTML,False,72,single-directory seed
morgan stanley,Morgan Stanley,BFSI,"Mumbai, Bengaluru, Hyderabad, Delhi",Software Engineer; Senior Associate; Technology,"10,000+ people",,"New York, USA",2003.0,—,,1.0,https://flexiple.com/gcc/india#gcc-morgan-stanley,https://gccindex.in/company/morgan-stanley,SRC_FLEXIPLE_GCC_INDIA_HTML;SRC_GCC_INDEX_COMPANIES_HTML,True,86,cross-directory match
morningstar,Morningstar,Professional & Info Services,"Mumbai, Delhi, Pune",Data Analyst; Software Engineer,"10,000+ people",,"Chicago, USA",2004.0,,,,https://flexiple.com/gcc/india#gcc-morningstar,,SRC_FLEXIPLE_GCC_INDIA_HTML,False,72,single-directory seed
motorola,Motorola Solutions,Telecom & Media,"Bengaluru, Hyderabad, Kolkata, Delhi, Chennai",Software Engineer,"10,000+ people",,United States,,,,,https://flexiple.com/gcc/india#gcc-motorola-solutions,,SRC_FLEXIPLE_GCC_INDIA_HTML,False,72,single-directory seed
mr cooper,Mr. Cooper,BFSI,"Chennai, Bengaluru, Coimbatore",,"5001-10,000 people",,United States,,,,,https://flexiple.com/gcc/india#gcc-mr-cooper,,SRC_FLEXIPLE_GCC_INDIA_HTML,False,72,single-directory seed
mri software,MRI Software,Technology,"Bengaluru, Vadodara, Delhi, Pune",Software Engineer,1001-5000 people,,United States,,,,,https://flexiple.com/gcc/india#gcc-mri-software,,SRC_FLEXIPLE_GCC_INDIA_HTML,False,72,single-directory seed
msci,MSCI,BFSI,"Mumbai, Coimbatore, Pune, Bengaluru",,"5001-10,000 people",,"New York, United States",,,,,https://flexiple.com/gcc/india#gcc-msci,,SRC_FLEXIPLE_GCC_INDIA_HTML,False,72,single-directory seed
msd,MSD,Healthcare & Life Sciences,Hyderabad,Global Capability Expansion,,,,,U62099TS2025FTC198952,Subsidiary incorporated — CIN U62099TS2025FTC198952 · IT/Software,2.0,,https://gccindex.in/company/msd,SRC_GCC_INDEX_COMPANIES_HTML,False,72,single-directory seed
mufg,MUFG,BFSI,"Bengaluru, Gift-City, Mumbai",,,,"Tokyo, Japan",,,,,https://flexiple.com/gcc/india#gcc-mufg,,SRC_FLEXIPLE_GCC_INDIA_HTML,False,72,single-directory seed
n able,"N-able, Inc.",Technology & Software,Bengaluru,Global Capability Expansion,,,,,U62013KA2024FTC196072,Subsidiary incorporated — CIN U62013KA2024FTC196072 · IT/Software,2.0,,https://gccindex.in/company/nable,SRC_GCC_INDEX_COMPANIES_HTML,False,72,single-directory seed
nab,NAB,BFSI,"Delhi, Bengaluru, Hyderabad",,"10,000+ people",,Australia,,,,,https://flexiple.com/gcc/india#gcc-nab,,SRC_FLEXIPLE_GCC_INDIA_HTML,False,72,single-directory seed
nagarro,Nagarro,Professional & Info Services,"Delhi, Bengaluru, Jaipur",Software Engineer; Full Stack Engineer; Data Engineer,"10,000+ people",services-led,"Munich, Germany",,,,,https://flexiple.com/gcc/india#gcc-nagarro,,SRC_FLEXIPLE_GCC_INDIA_HTML,False,72,single-directory seed
nasuni,Nasuni,Technology & Software,Hyderabad,Innovation & R&D,,,,,U62099TS2025FTC201666,Subsidiary incorporated — CIN U62099TS2025FTC201666 · IT/Software,2.0,,https://gccindex.in/company/nasuni,SRC_GCC_INDEX_COMPANIES_HTML,False,72,single-directory seed
nationwide,Nationwide,Financial Services,Hyderabad,Talent & Workforce Development,,,,,U63999TS2025FTC197561,Subsidiary incorporated — CIN U63999TS2025FTC197561 · IT/Software,4.0,,https://gccindex.in/company/nationwide,SRC_GCC_INDEX_COMPANIES_HTML,False,72,single-directory seed
natus sensory,Natus Sensory,Healthcare & Life Sciences,Bengaluru,Innovation & R&D,,,,,—,,1.0,,https://gccindex.in/company/natus-sensory,SRC_GCC_INDEX_COMPANIES_HTML,False,72,single-directory seed
natwest,NatWest,Financial Services,Bengaluru,Global Capability Expansion,,,,,—,,1.0,,https://gccindex.in/company/natwest,SRC_GCC_INDEX_COMPANIES_HTML,False,72,single-directory seed
natwest group,NatWest Group,BFSI,"Chennai, Bengaluru, Delhi",Software Engineer,"10,000+ people",,"Edinburgh, UK",2001.0,,,,https://flexiple.com/gcc/india#gcc-natwest-group-356563,,SRC_FLEXIPLE_GCC_INDIA_HTML,False,72,single-directory seed
ncr atleos,NCR Atleos,Technology,"Mumbai, Hyderabad, Chennai, Delhi",,"5001-10,000 people",,United States,,,,,https://flexiple.com/gcc/india#gcc-ncr-atleos,,SRC_FLEXIPLE_GCC_INDIA_HTML,False,72,single-directory seed
ncr voyix,NCR Voyix,Technology,"Hyderabad, Chennai, Bengaluru, Delhi, Mumbai",Software Engineer,"5001-10,000 people",,United States,,,,,https://flexiple.com/gcc/india#gcc-ncr-voyix,,SRC_FLEXIPLE_GCC_INDIA_HTML,False,72,single-directory seed
nec corporation,NEC Corporation,Technology,"Delhi, Bengaluru, Mumbai, Chennai",,"10,000+ people",,"Tokyo, Japan",,,,,https://flexiple.com/gcc/india#gcc-nec-corporation,,SRC_FLEXIPLE_GCC_INDIA_HTML,False,72,single-directory seed
nemetschek group,Nemetschek Group,Technology & Software,Hyderabad,Innovation & R&D,,,,,—,,1.0,,https://gccindex.in/company/nemetschek,SRC_GCC_INDEX_COMPANIES_HTML,False,72,single-directory seed
ness digital engineering,Ness Digital Engineering,Professional & Info Services,"Bengaluru, Hyderabad, Mumbai, Pune",,"5001-10,000 people",services-led,"Teaneck, United States",,,,,https://flexiple.com/gcc/india#gcc-ness-digital-engineering,,SRC_FLEXIPLE_GCC_INDIA_HTML,False,72,single-directory seed
nestl,Nestlé,Retail & Consumer,Hyderabad,,,,"Vevey, Switzerland",,,,,https://flexiple.com/gcc/india#gcc-nestl,,SRC_FLEXIPLE_GCC_INDIA_HTML,False,72,single-directory seed
nestle,Nestle,Retail & Consumer,"Hyderabad, Mumbai",,,expanding · 2026,"Vevey, Switzerland",,,,,https://flexiple.com/gcc/india#gcc-nestle,,SRC_FLEXIPLE_GCC_INDIA_HTML,False,72,single-directory seed
netapp,NetApp,Technology,"Bengaluru, Hyderabad, Mumbai, Delhi, Chennai",Software Engineer,"10,000+ people",,"San Jose, United States",,,,,https://flexiple.com/gcc/india#gcc-netapp,,SRC_FLEXIPLE_GCC_INDIA_HTML,False,72,single-directory seed
netcracker,Netcracker,Telecom & Media,"Hyderabad, Bengaluru, Pune, Delhi",Software Engineer; Quality Assurance Engineer,"5001-10,000 people",,United States,,,,,https://flexiple.com/gcc/india#gcc-netcracker,,SRC_FLEXIPLE_GCC_INDIA_HTML,False,72,single-directory seed
netflix,Netflix,Telecom & Media,"Bengaluru, Delhi, Hyderabad, Mumbai",,,expanding · 2025,"Los Gatos, United States",,—,,1.0,https://flexiple.com/gcc/india#gcc-netflix,https://gccindex.in/company/netflix,SRC_FLEXIPLE_GCC_INDIA_HTML;SRC_GCC_INDEX_COMPANIES_HTML,True,86,cross-directory match
netgear,Netgear,Technology,Chennai,,,,"San Jose, United States",,,,,https://flexiple.com/gcc/india#gcc-netgear,,SRC_FLEXIPLE_GCC_INDIA_HTML,False,72,single-directory seed
netradyne,Netradyne,Technology,Bengaluru,Software Engineer,501-1000 people,,United States,,,,,https://flexiple.com/gcc/india#gcc-netradyne,,SRC_FLEXIPLE_GCC_INDIA_HTML,False,72,single-directory seed
netsmart,Netsmart,Healthcare & Life Sciences,Bengaluru,Global Capability Expansion,,,,,U62099KA2025FTC201022,Subsidiary incorporated — CIN U62099KA2025FTC201022 · IT/Software,2.0,,https://gccindex.in/company/netsmart,SRC_GCC_INDEX_COMPANIES_HTML,False,72,single-directory seed
new relic,New Relic,Technology,"Bengaluru, Hyderabad",Software Engineer,1001-5000 people,,"San Francisco, United States",,,,,https://flexiple.com/gcc/india#gcc-new-relic,,SRC_FLEXIPLE_GCC_INDIA_HTML,False,72,single-directory seed
newfold digital,Newfold Digital,Technology,"Mumbai, Bengaluru, Hyderabad",,1001-5000 people,,United States,,,,,https://flexiple.com/gcc/india#gcc-newfold-digital,,SRC_FLEXIPLE_GCC_INDIA_HTML,False,72,single-directory seed
nference,nference,Healthcare & Pharma,Bengaluru,Software Engineer,201-500 people,,United States,,,,,https://flexiple.com/gcc/india#gcc-nference,,SRC_FLEXIPLE_GCC_INDIA_HTML,False,72,single-directory seed
nice,NICE,Technology,"Pune, Bengaluru, Mumbai, Delhi",Software Engineer,"10,000+ people",,"Ra'anana, Israel",,,,,https://flexiple.com/gcc/india#gcc-nice,,SRC_FLEXIPLE_GCC_INDIA_HTML,False,72,single-directory seed
nielsen,Nielsen,Professional & Info Services,"Bengaluru, Mumbai, Vadodara, Delhi, Chennai",Software Engineer; Data Engineer,"10,000+ people",,"New York, United States",,,,,https://flexiple.com/gcc/india#gcc-nielsen,,SRC_FLEXIPLE_GCC_INDIA_HTML,False,72,single-directory seed
nielseniq,NielsenIQ,Professional & Info Services,"Chennai, Vadodara, Pune, Mumbai, Bengaluru",Data Analyst; Software Engineer; Data Processing Specialist,"10,000+ people",,"Chicago, USA",,,,,https://flexiple.com/gcc/india#gcc-nielseniq,,SRC_FLEXIPLE_GCC_INDIA_HTML,False,72,single-directory seed
nlb,NLB Services,Consulting & Professional Services,Mumbai,Sustainability & Energy Transition,,,,,—,,4.0,,https://gccindex.in/company/nlb,SRC_GCC_INDEX_COMPANIES_HTML,False,72,single-directory seed
nokia,Nokia,Telecom & Media,"Bengaluru, Chennai, Delhi, Mumbai",Software Engineer; Research And Development Engineer,"10,000+ people",,"Espoo, Finland",1995.0,,,,https://flexiple.com/gcc/india#gcc-nokia,,SRC_FLEXIPLE_GCC_INDIA_HTML,False,72,single-directory seed
nomura,Nomura,BFSI,"Mumbai, Pune, Delhi",,"10,000+ people",,"Tokyo, Japan",2008.0,,,,https://flexiple.com/gcc/india#gcc-nomura,,SRC_FLEXIPLE_GCC_INDIA_HTML,False,72,single-directory seed
northern trust,Northern Trust,BFSI,"Bengaluru, Pune, Mumbai, Hyderabad, Chennai",,"10,000+ people",,"Chicago, USA",2005.0,,,,https://flexiple.com/gcc/india#gcc-northern-trust,,SRC_FLEXIPLE_GCC_INDIA_HTML,False,72,single-directory seed
novartis,Novartis,Healthcare & Pharma,"Hyderabad, Mumbai, Bengaluru, Delhi, Chennai",,"10,000+ people",,"Basel, Switzerland",2014.0,—,,1.0,https://flexiple.com/gcc/india#gcc-novartis,https://gccindex.in/company/novartis,SRC_FLEXIPLE_GCC_INDIA_HTML;SRC_GCC_INDEX_COMPANIES_HTML,True,86,cross-directory match
novo nordisk,Novo Nordisk,Healthcare & Pharma,"Bengaluru, Hyderabad, Mumbai, Chennai, Kolkata",,"10,000+ people",,"Bagsvaerd, Denmark",,,,,https://flexiple.com/gcc/india#gcc-novo-nordisk,,SRC_FLEXIPLE_GCC_INDIA_HTML,False,72,single-directory seed
ntt data business,NTT DATA Business Solutions,Technology & Software,Visakhapatnam,Innovation & R&D,,,,,—,,1.0,,https://gccindex.in/company/ntt-data-business-solutions,SRC_GCC_INDEX_COMPANIES_HTML,False,72,single-directory seed
numerator,Numerator,Professional & Info Services,"Vadodara, Bengaluru, Ahmedabad, Delhi, Pune",Data; Data Analyst,1001-5000 people,,United States,,,,,https://flexiple.com/gcc/india#gcc-numerator,,SRC_FLEXIPLE_GCC_INDIA_HTML,False,72,single-directory seed
nutanix,Nutanix,Technology,"Bengaluru, Pune, Mumbai, Hyderabad, Delhi",,"5001-10,000 people",,"San Jose, United States",,,,,https://flexiple.com/gcc/india#gcc-nutanix,,SRC_FLEXIPLE_GCC_INDIA_HTML,False,72,single-directory seed
nvidia,NVIDIA,Technology,"Bengaluru, Pune, Hyderabad, Delhi, Mumbai",,"10,000+ people",,"Santa Clara, United States",2004.0,,,,https://flexiple.com/gcc/india#gcc-nvidia,,SRC_FLEXIPLE_GCC_INDIA_HTML,False,72,single-directory seed
nxp semiconductors,NXP Semiconductors,Technology,"Bengaluru, Delhi, Hyderabad, Pune",Software Engineer,"10,000+ people",,"Eindhoven, Netherlands",,,,,https://flexiple.com/gcc/india#gcc-nxp-semiconductors,,SRC_FLEXIPLE_GCC_INDIA_HTML,False,72,single-directory seed
o9,o9 Solutions,Technology,"Bengaluru, Hyderabad, Coimbatore, Chennai, Mumbai",DevOps Engineer; Software Engineer,1001-5000 people,,United States,,,,,https://flexiple.com/gcc/india#gcc-o9-solutions,,SRC_FLEXIPLE_GCC_INDIA_HTML,False,72,single-directory seed
oaktree capital,Oaktree Capital,Financial Services,Hyderabad,Talent & Workforce Development,,,,,—,,1.0,,https://gccindex.in/company/oaktree-capital,SRC_GCC_INDEX_COMPANIES_HTML,False,72,single-directory seed
octave,Octave,Technology & Software,Hyderabad,Global Capability Expansion,,,,,—,,1.0,,https://gccindex.in/company/octave,SRC_GCC_INDEX_COMPANIES_HTML,False,72,single-directory seed
omnicom,Omnicom Global Solutions,Telecom & Media,"Bengaluru, Hyderabad, Chennai, Delhi, Coimbatore",,1001-5000 people,,"New York, United States",,,,,https://flexiple.com/gcc/india#gcc-omnicom-global-solutions,,SRC_FLEXIPLE_GCC_INDIA_HTML,False,72,single-directory seed
omnicom group,Omnicom Group,Consulting & Professional Services,Hyderabad,Innovation & R&D,,,,,—,,1.0,,https://gccindex.in/company/omnicom,SRC_GCC_INDEX_COMPANIES_HTML,False,72,single-directory seed
onemagnify,OneMagnify,Retail & Consumer,Chennai,Global Capability Expansion,,,,,—,,1.0,,https://gccindex.in/company/onemagnify,SRC_GCC_INDEX_COMPANIES_HTML,False,72,single-directory seed
opentext,OpenText,Technology,"Bengaluru, Hyderabad, Chennai, Mumbai, Coimbatore",Software Engineer; Quality Assurance Engineer,"10,000+ people",,"Waterloo, Canada",,,,,https://flexiple.com/gcc/india#gcc-opentext,,SRC_FLEXIPLE_GCC_INDIA_HTML,False,72,single-directory seed
optimum,Optimum Solutions,Consulting & Professional Services,Hyderabad,Global Capability Expansion,,,,,—,,1.0,,https://gccindex.in/company/optimum,SRC_GCC_INDEX_COMPANIES_HTML,False,72,single-directory seed
optum,Optum,Healthcare & Pharma,"Hyderabad, Bengaluru, Delhi, Chennai",Software Engineer; Data Engineer,"10,000+ people",,"Minnetonka, USA",,,,,https://flexiple.com/gcc/india#gcc-optum,,SRC_FLEXIPLE_GCC_INDIA_HTML,False,72,single-directory seed
oracle,Oracle,Technology,"Bengaluru, Hyderabad, Mumbai, Chennai, Delhi",Software Engineer; Application Developer; Application Engineer,"10,000+ people",,"Austin, United States",1994.0,,,,https://flexiple.com/gcc/india#gcc-oracle,,SRC_FLEXIPLE_GCC_INDIA_HTML,False,72,single-directory seed
orange business,Orange Business,Telecom & Media,"Delhi, Mumbai, Bengaluru",Software Engineer,"10,000+ people",services-led,France,,,,,https://flexiple.com/gcc/india#gcc-orange-business,,SRC_FLEXIPLE_GCC_INDIA_HTML,False,72,single-directory seed
orbia,Orbia,Manufacturing & Industrial,Pune,Sustainability & Energy Transition,,,,,U62099PN2025FTC242511,Subsidiary incorporated — CIN U62099PN2025FTC242511 · IT/Software,2.0,,https://gccindex.in/company/orbia,SRC_GCC_INDEX_COMPANIES_HTML,False,72,single-directory seed
orion innovation,Orion Innovation,Consulting & Professional Services,Pune,Innovation & R&D,,,,,—,,1.0,,https://gccindex.in/company/orion-innovation,SRC_GCC_INDEX_COMPANIES_HTML,False,72,single-directory seed
otto group,Otto Group,Retail & Consumer,Hyderabad,Global Capability Expansion,,,,,—,,1.0,,https://gccindex.in/company/otto-group,SRC_GCC_INDEX_COMPANIES_HTML,False,72,single-directory seed
palo alto networks,Palo Alto Networks,Technology,"Bengaluru, Hyderabad, Mumbai, Delhi, Chennai",,"10,000+ people",,United States,,,,,https://flexiple.com/gcc/india#gcc-palo-alto-networks,,SRC_FLEXIPLE_GCC_INDIA_HTML,False,72,single-directory seed
panasonic,Panasonic,Technology,"Bengaluru, Delhi, Kolkata",,,,"Osaka, Japan",,,,,https://flexiple.com/gcc/india#gcc-panasonic,,SRC_FLEXIPLE_GCC_INDIA_HTML,False,72,single-directory seed
payoneer,Payoneer,Financial Services,Gurugram,Innovation & R&D,,,,,U62099KA2024FTC186709,Subsidiary incorporated — CIN U62099KA2024FTC186709 · IT/Software,2.0,,https://gccindex.in/company/payoneer,SRC_GCC_INDEX_COMPANIES_HTML,False,72,single-directory seed
paypal,PayPal,BFSI,"Bengaluru, Chennai, Hyderabad, Mumbai, Delhi",Software Engineer; Software Development Engineer,"10,000+ people",,"San Jose, United States",,,,,https://flexiple.com/gcc/india#gcc-paypal,,SRC_FLEXIPLE_GCC_INDIA_HTML,False,72,single-directory seed
pegasystems,Pegasystems,Technology,"Hyderabad, Bengaluru, Chennai",,"5001-10,000 people",,"Cambridge, United States",,—,,2.0,https://flexiple.com/gcc/india#gcc-pegasystems,https://gccindex.in/company/pegasystems,SRC_FLEXIPLE_GCC_INDIA_HTML;SRC_GCC_INDEX_COMPANIES_HTML,True,86,cross-directory match
pepsico,PepsiCo,Retail & Consumer,"Hyderabad, Delhi, Bengaluru, Mumbai",,"10,000+ people",,"Purchase, USA",,,,,https://flexiple.com/gcc/india#gcc-pepsico,,SRC_FLEXIPLE_GCC_INDIA_HTML,False,72,single-directory seed
pfizer,Pfizer,Healthcare & Pharma,"Bengaluru, Delhi, Mumbai",,,,"New York, United States",,,,,https://flexiple.com/gcc/india#gcc-pfizer,,SRC_FLEXIPLE_GCC_INDIA_HTML,False,72,single-directory seed
phenom,Phenom,Technology,"Hyderabad, Visakhapatnam, Bengaluru",Product Development Engineer; Software Engineer,1001-5000 people,,"Ambler, United States",,,,,https://flexiple.com/gcc/india#gcc-phenom,,SRC_FLEXIPLE_GCC_INDIA_HTML,False,72,single-directory seed
philips,Philips,Healthcare & Pharma,"Bengaluru, Chennai, Pune, Mumbai, Delhi",Software Engineer,"10,000+ people",,"Amsterdam, Netherlands",1996.0,,,,https://flexiple.com/gcc/india#gcc-philips,,SRC_FLEXIPLE_GCC_INDIA_HTML,False,72,single-directory seed
pioneer,Pioneer India,Manufacturing & Industrial,Bengaluru,Global Capability Expansion,,,,,—,,1.0,,https://gccindex.in/company/pioneer-india,SRC_GCC_INDEX_COMPANIES_HTML,False,72,single-directory seed
plivo,Plivo,Technology,Bengaluru,,201-500 people,,United States,,,,,https://flexiple.com/gcc/india#gcc-plivo,,SRC_FLEXIPLE_GCC_INDIA_HTML,False,72,single-directory seed
poshmark,Poshmark,Retail & Consumer,Chennai,,1001-5000 people,,South Korea,,,,,https://flexiple.com/gcc/india#gcc-poshmark,,SRC_FLEXIPLE_GCC_INDIA_HTML,False,72,single-directory seed
powerschool,PowerSchool,Technology,"Bengaluru, Chennai",Software Engineer,1001-5000 people,,United States,,,,,https://flexiple.com/gcc/india#gcc-powerschool,,SRC_FLEXIPLE_GCC_INDIA_HTML,False,72,single-directory seed
pratt whitney,Pratt & Whitney,Engineering & Industrial,"Bengaluru, Hyderabad, Mumbai",,,,"East Hartford, United States",,,,,https://flexiple.com/gcc/india#gcc-pratt-and-whitney,,SRC_FLEXIPLE_GCC_INDIA_HTML,False,72,single-directory seed
precisely,Precisely,Technology,"Bengaluru, Delhi, Chandigarh, Pune",Software Engineer,1001-5000 people,,United States,,,,,https://flexiple.com/gcc/india#gcc-precisely,,SRC_FLEXIPLE_GCC_INDIA_HTML,False,72,single-directory seed
principal financial group,Principal Financial Group,BFSI,"Pune, Hyderabad, Mumbai, Nagpur",Software Engineer,"10,000+ people",,"Des Moines, USA",2005.0,,,,https://flexiple.com/gcc/india#gcc-principal-financial-group,,SRC_FLEXIPLE_GCC_INDIA_HTML,False,72,single-directory seed
procter gamble,Procter & Gamble,Retail & Consumer,"Mumbai, Hyderabad, Bhopal, Delhi, Ahmedabad",,"10,000+ people",,"Cincinnati, United States",2008.0,,,,https://flexiple.com/gcc/india#gcc-procter-and-gamble,,SRC_FLEXIPLE_GCC_INDIA_HTML,False,72,single-directory seed
productsquads,ProductSquads,Technology & Software,Hyderabad,Innovation & R&D,,,,,—,,2.0,,https://gccindex.in/company/productsquads,SRC_GCC_INDEX_COMPANIES_HTML,False,72,single-directory seed
progress software,Progress Software,Technology,"Bengaluru, Hyderabad",,1001-5000 people,,"Burlington, United States",,—,,1.0,https://flexiple.com/gcc/india#gcc-progress,https://gccindex.in/company/progress-software,SRC_FLEXIPLE_GCC_INDIA_HTML;SRC_GCC_INDEX_COMPANIES_HTML,True,86,cross-directory match
proofpoint,Proofpoint,Technology & Software,Hyderabad,Innovation & R&D,,,,,—,,2.0,,https://gccindex.in/company/proofpoint,SRC_GCC_INDEX_COMPANIES_HTML,False,72,single-directory seed
protolabs,Protolabs,Manufacturing & Industrial,Hyderabad,Global Capability Expansion,,,,,U62090TS2026FTC214883,Subsidiary incorporated — CIN U62090TS2026FTC214883 · IT/Software,2.0,,https://gccindex.in/company/protolabs,SRC_GCC_INDEX_COMPANIES_HTML,False,72,single-directory seed
providence,Providence India,Healthcare & Pharma,"Hyderabad, Bengaluru",Software Engineer,1001-5000 people,,"Renton, United States",,,,,https://flexiple.com/gcc/india#gcc-providence-india,,SRC_FLEXIPLE_GCC_INDIA_HTML,False,72,single-directory seed
providence health,Providence Health,Healthcare & Life Sciences,Hyderabad,Global Capability Expansion,,,,,—,,1.0,,https://gccindex.in/company/providence-health,SRC_GCC_INDEX_COMPANIES_HTML,False,72,single-directory seed
proximus,Proximus,Telecom & Media,Bengaluru,Innovation & R&D,,,,,U70200KA2025FTC197078,Subsidiary incorporated — CIN U70200KA2025FTC197078 · BPO/Shared Services,3.0,,https://gccindex.in/company/proximus,SRC_GCC_INDEX_COMPANIES_HTML,False,72,single-directory seed
prudential financial,Prudential Financial,Financial Services,Gurugram,Talent & Workforce Development,,,,,U82990HR2025FTC139816,"Subsidiary incorporated — CIN U82990HR2025FTC139816 · IT/Software; Intent announced — Prudential Financial (US) is establishing PFI Innovation Centre India in Gurugram, a scaled multi-functional capability hub supporting transformation of its US and global businesses across AI/GenAI, data engineering and cybersecurity, and is hiring across disciplines. Its India entity was incorporated in December 2025. Not to be confused with Prudential plc (UK), which operates a separate Bengaluru services hub.",3.0,,https://gccindex.in/company/prudential-financial,SRC_GCC_INDEX_COMPANIES_HTML,False,72,single-directory seed
publicis sapient,Publicis Sapient,Professional & Info Services,"Bengaluru, Delhi, Hyderabad",Software Engineer; Technology; Senior Associate,"10,000+ people",services-led,"Boston, United States",,,,,https://flexiple.com/gcc/india#gcc-publicis-sapient,,SRC_FLEXIPLE_GCC_INDIA_HTML,False,72,single-directory seed
pubmatic,PubMatic,Telecom & Media,Pune,Software Engineer,1001-5000 people,,United States,,,,,https://flexiple.com/gcc/india#gcc-pubmatic,,SRC_FLEXIPLE_GCC_INDIA_HTML,False,72,single-directory seed
pwc,PwC India,Consulting & Professional Services,Nagpur,Global Capability Expansion,,,,,—,,1.0,,https://gccindex.in/company/pwc-india,SRC_GCC_INDEX_COMPANIES_HTML,False,72,single-directory seed
pwc acceleration centers,PwC Acceleration Centers,Professional & Info Services,"Bengaluru, Kolkata, Hyderabad, Mumbai, Delhi",Senior Associate; Data Engineer; Software Engineer,"10,000+ people",services-led,"London, United Kingdom",,,,,https://flexiple.com/gcc/india#gcc-pwc,,SRC_FLEXIPLE_GCC_INDIA_HTML,False,72,single-directory seed
q2,Q2,Technology,Bengaluru,Software Engineer,1001-5000 people,,United States,,,,,https://flexiple.com/gcc/india#gcc-q2,,SRC_FLEXIPLE_GCC_INDIA_HTML,False,72,single-directory seed
qatar airways,Qatar Airways,Retail & Consumer,"Mumbai, Ahmedabad, Delhi, Bengaluru, Hyderabad",,"10,000+ people",,Qatar,,,,,https://flexiple.com/gcc/india#gcc-qatar-airways,,SRC_FLEXIPLE_GCC_INDIA_HTML,False,72,single-directory seed
qualcomm,Qualcomm,Technology,"Bengaluru, Hyderabad, Chennai, Delhi",Software Engineer,"10,000+ people",,"San Diego, United States",1996.0,,,,https://flexiple.com/gcc/india#gcc-qualcomm,,SRC_FLEXIPLE_GCC_INDIA_HTML,False,72,single-directory seed
qualitest,Qualitest,Professional & Info Services,"Bengaluru, Delhi, Hyderabad, Chennai",,"5001-10,000 people",services-led,"London, United Kingdom",,,,,https://flexiple.com/gcc/india#gcc-qualitest,,SRC_FLEXIPLE_GCC_INDIA_HTML,False,72,single-directory seed
qualys,Qualys,Technology,"Pune, Mumbai",Software Engineer,1001-5000 people,,United States,,,,,https://flexiple.com/gcc/india#gcc-qualys,,SRC_FLEXIPLE_GCC_INDIA_HTML,False,72,single-directory seed
r,R Systems,Consulting & Professional Services,Mangaluru,Global Capability Expansion,,,,,—,,1.0,,https://gccindex.in/company/r,SRC_GCC_INDEX_COMPANIES_HTML,False,72,single-directory seed
r1 rcm,R1 RCM,Healthcare & Pharma,"Delhi, Hyderabad, Chennai",Accounts Receivable Analyst,"10,000+ people",services-led,"Murray, United States",2009.0,,,,https://flexiple.com/gcc/india#gcc-r1-rcm,,SRC_FLEXIPLE_GCC_INDIA_HTML,False,72,single-directory seed
rackspace,Rackspace Technology,Technology,"Bengaluru, Delhi, Hyderabad",,"5001-10,000 people",services-led,United States,,,,,https://flexiple.com/gcc/india#gcc-rackspace-technology,,SRC_FLEXIPLE_GCC_INDIA_HTML,False,72,single-directory seed
raksul,RakSul,Technology & Software,Bengaluru,Innovation & R&D,,,,,U62099KA2026FTC217538,Subsidiary incorporated — CIN U62099KA2026FTC217538 · IT/Software,2.0,,https://gccindex.in/company/raksul,SRC_GCC_INDEX_COMPANIES_HTML,False,72,single-directory seed
rakuten,Rakuten India,Technology,"Bengaluru, Indore",Software Engineer,1001-5000 people,,"Tokyo, Japan",,—,,1.0,https://flexiple.com/gcc/india#gcc-rakuten-india,https://gccindex.in/company/rakuten,SRC_FLEXIPLE_GCC_INDIA_HTML;SRC_GCC_INDEX_COMPANIES_HTML,True,86,cross-directory match
ramboll,Ramboll,Engineering & Industrial,"Bengaluru, Chennai, Delhi, Hyderabad, Mumbai",,,,"Copenhagen, Denmark",,,,,https://flexiple.com/gcc/india#gcc-ramboll,,SRC_FLEXIPLE_GCC_INDIA_HTML,False,72,single-directory seed
rapid7,Rapid7,Technology & Software,Pune,Global Capability Expansion,,,,,—,,2.0,,https://gccindex.in/company/rapid7,SRC_GCC_INDEX_COMPANIES_HTML,False,72,single-directory seed
realpage,RealPage,Technology,"Hyderabad, Bengaluru",,"5001-10,000 people",,United States,,,,,https://flexiple.com/gcc/india#gcc-realpage,,SRC_FLEXIPLE_GCC_INDIA_HTML,False,72,single-directory seed
reckitt,Reckitt,Retail & Consumer,Delhi,,,,"Slough, United Kingdom",,—,,1.0,https://flexiple.com/gcc/india#gcc-reckitt-benckiser,https://gccindex.in/company/reckitt,SRC_FLEXIPLE_GCC_INDIA_HTML;SRC_GCC_INDEX_COMPANIES_HTML,True,86,cross-directory match
red hat,Red Hat,Technology,"Bengaluru, Pune, Mumbai, Delhi, Hyderabad",Software Engineer,"10,000+ people",,"Raleigh, United States",,,,,https://flexiple.com/gcc/india#gcc-red-hat,,SRC_FLEXIPLE_GCC_INDIA_HTML,False,72,single-directory seed
redwood software,Redwood Software,Technology,Hyderabad,,,,"Frisco, United States",,U62099TS2025FTC196471,Subsidiary incorporated — CIN U62099TS2025FTC196471 · IT/Software,2.0,https://flexiple.com/gcc/india#gcc-redwood-software,https://gccindex.in/company/redwood-software,SRC_FLEXIPLE_GCC_INDIA_HTML;SRC_GCC_INDEX_COMPANIES_HTML,True,86,cross-directory match
regeneron pharmaceuticals,Regeneron Pharmaceuticals,Healthcare & Life Sciences,Hyderabad,Global Capability Expansion,,,,,—,,2.0,,https://gccindex.in/company/regeneron-pharmaceuticals,SRC_GCC_INDEX_COMPANIES_HTML,False,72,single-directory seed
reltio,Reltio,Technology & Software,Bengaluru,Global Capability Expansion,,,,,—,,1.0,,https://gccindex.in/company/reltio,SRC_GCC_INDEX_COMPANIES_HTML,False,72,single-directory seed
remote,Remote,Technology,"Bengaluru, Mumbai, Delhi, Hyderabad, Kolkata",,"5001-10,000 people",,United States,,,,,https://flexiple.com/gcc/india#gcc-remote,,SRC_FLEXIPLE_GCC_INDIA_HTML,False,72,single-directory seed
renault nissan business,Renault Nissan Technology & Business Centre India,Engineering & Industrial,"Chennai, Bengaluru, Coimbatore, Hyderabad, Salem",Software Engineer,"5001-10,000 people",,"Boulogne-Billancourt, France",2007.0,,,,https://flexiple.com/gcc/india#gcc-renault-nissan-technology-and-business-centre-india,,SRC_FLEXIPLE_GCC_INDIA_HTML,False,72,single-directory seed
renesas,Renesas,Technology,"Bengaluru, Chennai, Coimbatore, Delhi",,,,"Tokyo, Japan",,,,,https://flexiple.com/gcc/india#gcc-renesas,,SRC_FLEXIPLE_GCC_INDIA_HTML,False,72,single-directory seed
reveleer,Reveleer,Healthcare & Life Sciences,Chennai,Innovation & R&D,,,,,U62099TN2025FTC176204,Subsidiary incorporated — CIN U62099TN2025FTC176204 · IT/Software,2.0,,https://gccindex.in/company/reveleer,SRC_GCC_INDEX_COMPANIES_HTML,False,72,single-directory seed
revolut,Revolut,BFSI,"Bengaluru, Kolkata, Indore, Delhi, Hyderabad",Support Specialist; Anti-Money Laundering Analyst,"10,000+ people",,"London, United Kingdom",2021.0,,,,https://flexiple.com/gcc/india#gcc-revolut,,SRC_FLEXIPLE_GCC_INDIA_HTML,False,72,single-directory seed
rippling,Rippling,Technology,"Bengaluru, Hyderabad, Delhi, Kolkata",Software Engineer,"5001-10,000 people",,United States,,,,,https://flexiple.com/gcc/india#gcc-rippling,,SRC_FLEXIPLE_GCC_INDIA_HTML,False,72,single-directory seed
riverbed,Riverbed,Technology,Bengaluru,,,,"San Francisco, United States",,,,,https://flexiple.com/gcc/india#gcc-riverbed,,SRC_FLEXIPLE_GCC_INDIA_HTML,False,72,single-directory seed
riveron,Riveron,Consulting & Professional Services,Bengaluru,Global Capability Expansion,,,,,—,,1.0,,https://gccindex.in/company/riveron,SRC_GCC_INDEX_COMPANIES_HTML,False,72,single-directory seed
roche,Roche,Healthcare & Pharma,"Bengaluru, Chennai, Coimbatore, Delhi, Hyderabad, Kochi, Kolkata, Mumbai, Pune, Thiruvananthapuram, Visakhapatnam",,,,"Basel, Switzerland",,,,,https://flexiple.com/gcc/india#gcc-roche,,SRC_FLEXIPLE_GCC_INDIA_HTML,False,72,single-directory seed
rockwell automation,Rockwell Automation,Engineering & Industrial,"Bengaluru, Pune, Delhi, Chennai",,"10,000+ people",,"Milwaukee, United States",,,,,https://flexiple.com/gcc/india#gcc-rockwell-automation,,SRC_FLEXIPLE_GCC_INDIA_HTML,False,72,single-directory seed
rolls royce,Rolls-Royce,Aerospace & Defense,Bengaluru,Innovation & R&D,,,,,—,,1.0,,https://gccindex.in/company/rollsroyce,SRC_GCC_INDEX_COMPANIES_HTML,False,72,single-directory seed
rxlogix,RxLogix,Healthcare & Pharma,"Delhi, Bengaluru",Software Engineer,501-1000 people,,United States,,,,,https://flexiple.com/gcc/india#gcc-rxlogix,,SRC_FLEXIPLE_GCC_INDIA_HTML,False,72,single-directory seed
s p,S&P Global,Professional & Info Services,"Hyderabad, Ahmedabad, Delhi, Bengaluru",Software Engineer; Data Analyst; Research,"10,000+ people",,"New York, USA",,—,,1.0,https://flexiple.com/gcc/india#gcc-s-and-p-global,https://gccindex.in/company/sp-global,SRC_FLEXIPLE_GCC_INDIA_HTML;SRC_GCC_INDEX_COMPANIES_HTML,True,86,cross-directory match
saab,Saab,Engineering & Industrial,"Bengaluru, Delhi, Hyderabad",,,,"Stockholm, Sweden",,,,,https://flexiple.com/gcc/india#gcc-saab,,SRC_FLEXIPLE_GCC_INDIA_HTML,False,72,single-directory seed
sabic,SABIC,Engineering & Industrial,Bengaluru,,,,"Riyadh, Saudi Arabia",,,,,https://flexiple.com/gcc/india#gcc-sabic,,SRC_FLEXIPLE_GCC_INDIA_HTML,False,72,single-directory seed
sabre,Sabre,Technology,Delhi,,,,"Southlake, United States",,,,,https://flexiple.com/gcc/india#gcc-sabre,,SRC_FLEXIPLE_GCC_INDIA_HTML,False,72,single-directory seed
safran,Safran,Engineering & Industrial,Delhi,,,,"Paris, France",,,,,https://flexiple.com/gcc/india#gcc-safran,,SRC_FLEXIPLE_GCC_INDIA_HTML,False,72,single-directory seed
salesforce,Salesforce,Technology,"Hyderabad, Bengaluru, Mumbai, Delhi, Jaipur",Software Engineer,"10,000+ people",,"San Francisco, United States",2016.0,,,,https://flexiple.com/gcc/india#gcc-salesforce,,SRC_FLEXIPLE_GCC_INDIA_HTML,False,72,single-directory seed
salezshark,SalezShark,Technology,"Delhi, Bengaluru, Pune",Software Engineer,51-200 people,,United States,,,,,https://flexiple.com/gcc/india#gcc-salezshark,,SRC_FLEXIPLE_GCC_INDIA_HTML,False,72,single-directory seed
samsung electronics,Samsung Electronics,Technology,"Delhi, Bengaluru, Chennai, Mumbai",Software Engineer; Software Development Engineer; Research And Development Engineer,"10,000+ people",,"Suwon, South Korea",1996.0,—,,1.0,https://flexiple.com/gcc/india#gcc-samsung-electronics,https://gccindex.in/company/samsung-india-electronics,SRC_FLEXIPLE_GCC_INDIA_HTML;SRC_GCC_INDEX_COMPANIES_HTML,True,86,cross-directory match
samsung sds,Samsung SDS,Technology,"Delhi, Bengaluru, Chennai",Software Engineer,"10,000+ people",,South Korea,,,,,https://flexiple.com/gcc/india#gcc-samsung-sds,,SRC_FLEXIPLE_GCC_INDIA_HTML,False,72,single-directory seed
sandoz,Sandoz,Healthcare & Pharma,Hyderabad,,,,"Basel, Switzerland",,,,,https://flexiple.com/gcc/india#gcc-sandoz,,SRC_FLEXIPLE_GCC_INDIA_HTML,False,72,single-directory seed
sandvik,Sandvik,Manufacturing & Industrial,Pune,Sustainability & Energy Transition,,,,,—,,1.0,,https://gccindex.in/company/sandvik,SRC_GCC_INDEX_COMPANIES_HTML,False,72,single-directory seed
sanofi,Sanofi,Healthcare & Pharma,"Hyderabad, Mumbai, Bengaluru, Delhi, Kolkata",,"10,000+ people",,"Paris, France",,—,,1.0,https://flexiple.com/gcc/india#gcc-sanofi,https://gccindex.in/company/sanofi,SRC_FLEXIPLE_GCC_INDIA_HTML;SRC_GCC_INDEX_COMPANIES_HTML,True,86,cross-directory match
sap,SAP,Technology,"Bengaluru, Delhi, Hyderabad, Mumbai",Software Engineer; Software Developer; Full Stack Engineer,"10,000+ people",expanding · 2025,"Walldorf, Germany",1998.0,,,,https://flexiple.com/gcc/india#gcc-sap,,SRC_FLEXIPLE_GCC_INDIA_HTML,False,72,single-directory seed
sap labs,SAP Labs India,Technology & Software,Bengaluru,Innovation & R&D,,,,,—,,1.0,,https://gccindex.in/company/sap-labs-india,SRC_GCC_INDEX_COMPANIES_HTML,False,72,single-directory seed
saptharushi,Saptharushi India,Technology & Software,Bengaluru,Global Capability Expansion,,,,,—,,1.0,,https://gccindex.in/company/saptharushi-india,SRC_GCC_INDEX_COMPANIES_HTML,False,72,single-directory seed
saviynt,Saviynt,Technology & Software,Bengaluru,Innovation & R&D,,,,,—,,1.0,,https://gccindex.in/company/saviynt,SRC_GCC_INDEX_COMPANIES_HTML,False,72,single-directory seed
sbm offshore,SBM Offshore,Energy & Utilities,Bengaluru,Talent & Workforce Development,,,,,—,,1.0,,https://gccindex.in/company/sbm-offshore,SRC_GCC_INDEX_COMPANIES_HTML,False,72,single-directory seed
scale ai,Scale AI,Technology,"Bengaluru, Delhi",,1001-5000 people,,United States,,,,,https://flexiple.com/gcc/india#gcc-scale-ai,,SRC_FLEXIPLE_GCC_INDIA_HTML,False,72,single-directory seed
schaeffler,Schaeffler,Engineering & Industrial,"Bengaluru, Delhi, Kolkata, Mumbai, Pune",,,,"Herzogenaurach, Germany",,,,,https://flexiple.com/gcc/india#gcc-schaeffler,,SRC_FLEXIPLE_GCC_INDIA_HTML,False,72,single-directory seed
schmersal,Schmersal,Manufacturing & Industrial,Pune,Innovation & R&D,,,,,—,,1.0,,https://gccindex.in/company/schmersal,SRC_GCC_INDEX_COMPANIES_HTML,False,72,single-directory seed
schneider electric,Schneider Electric,Engineering & Industrial,"Bengaluru, Chennai, Mumbai, Hyderabad, Vadodara",,"10,000+ people",,"Rueil-Malmaison, France",2003.0,,,,https://flexiple.com/gcc/india#gcc-schneider-electric,,SRC_FLEXIPLE_GCC_INDIA_HTML,False,72,single-directory seed
scribd,Scribd,Telecom & Media,,,201-500 people,,United States,,,,,https://flexiple.com/gcc/india#gcc-scribd,,SRC_FLEXIPLE_GCC_INDIA_HTML,False,72,single-directory seed
self financial,Self Financial,BFSI,,,501-1000 people,,United States,,,,,https://flexiple.com/gcc/india#gcc-self-financial,,SRC_FLEXIPLE_GCC_INDIA_HTML,False,72,single-directory seed
serko,Serko,Technology & Software,Bengaluru,Global Capability Expansion,,,,,—,,1.0,,https://gccindex.in/company/serko,SRC_GCC_INDEX_COMPANIES_HTML,False,72,single-directory seed
servicenow,ServiceNow,Technology,"Hyderabad, Bengaluru, Mumbai, Delhi, Chennai",Software Engineer; Software Development Engineer,"10,000+ people",,"Santa Clara, United States",2018.0,,,,https://flexiple.com/gcc/india#gcc-servicenow,,SRC_FLEXIPLE_GCC_INDIA_HTML,False,72,single-directory seed
ses,SES,Telecom & Media,Chennai,Global Capability Expansion,,,,,—,,1.0,,https://gccindex.in/company/ses,SRC_GCC_INDEX_COMPANIES_HTML,False,72,single-directory seed
shell,Shell,Energy,"Bengaluru, Chennai, Mumbai, Delhi, Hyderabad",,"10,000+ people",,"London, United Kingdom",2006.0,,,,https://flexiple.com/gcc/india#gcc-shell,,SRC_FLEXIPLE_GCC_INDIA_HTML,False,72,single-directory seed
shl,SHL,Professional & Info Services,"Delhi, Mumbai, Bengaluru",Software Engineer,1001-5000 people,,United Kingdom,,,,,https://flexiple.com/gcc/india#gcc-shl,,SRC_FLEXIPLE_GCC_INDIA_HTML,False,72,single-directory seed
siemens,Siemens,Engineering & Industrial,"Bengaluru, Mumbai, Chennai, Pune",Software Engineer,"10,000+ people",,"Munich, Germany",1992.0,,,,https://flexiple.com/gcc/india#gcc-siemens,,SRC_FLEXIPLE_GCC_INDIA_HTML,False,72,single-directory seed
siemens healthineers,Siemens Healthineers,Healthcare & Pharma,"Bengaluru, Mumbai, Chennai, Hyderabad, Delhi",Software Engineer,"10,000+ people",,"Erlangen, Germany",,,,,https://flexiple.com/gcc/india#gcc-siemens-healthineers,,SRC_FLEXIPLE_GCC_INDIA_HTML,False,72,single-directory seed
signify,Signify,Engineering & Industrial,"Bengaluru, Pune, Delhi",Development Engineer,"10,000+ people",,Netherlands,,,,,https://flexiple.com/gcc/india#gcc-signify,,SRC_FLEXIPLE_GCC_INDIA_HTML,False,72,single-directory seed
silicon labs,Silicon Labs,Semiconductors & Electronics,Hyderabad,Global Capability Expansion,,,,,—,,1.0,,https://gccindex.in/company/silicon-labs,SRC_GCC_INDEX_COMPANIES_HTML,False,72,single-directory seed
simplify healthcare,Simplify Healthcare,Healthcare & Pharma,Pune,Business Analyst,501-1000 people,,United States,,,,,https://flexiple.com/gcc/india#gcc-simplify-healthcare,,SRC_FLEXIPLE_GCC_INDIA_HTML,False,72,single-directory seed
sinch,Sinch,Technology,"Delhi, Bengaluru, Mumbai, Chennai",,1001-5000 people,services-led,Sweden,,,,,https://flexiple.com/gcc/india#gcc-sinch,,SRC_FLEXIPLE_GCC_INDIA_HTML,False,72,single-directory seed
sirva,Sirva,Logistics & Transportation,Bengaluru,Global Capability Expansion,,,,,—,,1.0,,https://gccindex.in/company/sirva,SRC_GCC_INDEX_COMPANIES_HTML,False,72,single-directory seed
skf,SKF,Manufacturing & Industrial,Pune,Global Capability Expansion,,,,,—,,2.0,,https://gccindex.in/company/skf,SRC_GCC_INDEX_COMPANIES_HTML,False,72,single-directory seed
skillz,Skillz,Technology & Software,Bengaluru,Global Capability Expansion,,,,,U63999KA2026FTC221469,Subsidiary incorporated — CIN U63999KA2026FTC221469 · Analytics,2.0,,https://gccindex.in/company/skillz,SRC_GCC_INDEX_COMPANIES_HTML,False,72,single-directory seed
slb,SLB,Energy,"Coimbatore, Pune, Mumbai, Delhi, Chennai",,"10,000+ people",,"Houston, United States",,,,,https://flexiple.com/gcc/india#gcc-slb,,SRC_FLEXIPLE_GCC_INDIA_HTML,False,72,single-directory seed
smartsheet,Smartsheet,Technology & Software,Bengaluru,Global Capability Expansion,,,,,U62090KA2025FTC199227,Subsidiary incorporated — CIN U62090KA2025FTC199227 · IT/Software,2.0,,https://gccindex.in/company/smartsheet,SRC_GCC_INDEX_COMPANIES_HTML,False,72,single-directory seed
snowflake,Snowflake,Technology & Software,Pune,Global Capability Expansion,,,,,—,,1.0,,https://gccindex.in/company/snowflake,SRC_GCC_INDEX_COMPANIES_HTML,False,72,single-directory seed
societe generale solution,Societe Generale Global Solution Centre,BFSI,"Bengaluru, Chennai, Hyderabad, Coimbatore, Mumbai",Software Engineer,"5001-10,000 people",,"Paris, France",2000.0,,,,https://flexiple.com/gcc/india#gcc-societe-generale-global-solution-centre,,SRC_FLEXIPLE_GCC_INDIA_HTML,False,72,single-directory seed
solaredge,SolarEdge Technologies,Energy & Utilities,Bengaluru,Global Capability Expansion,,,,,—,,1.0,,https://gccindex.in/company/solaredge,SRC_GCC_INDEX_COMPANIES_HTML,False,72,single-directory seed
solartis,Solartis,Technology,"Madurai, Chennai, Coimbatore",Software Engineer,501-1000 people,,United States,,,,,https://flexiple.com/gcc/india#gcc-solartis,,SRC_FLEXIPLE_GCC_INDIA_HTML,False,72,single-directory seed
solera,Solera,Technology,"Bengaluru, Hyderabad",Software Engineer,"5001-10,000 people",,United States,,,,,https://flexiple.com/gcc/india#gcc-solera,,SRC_FLEXIPLE_GCC_INDIA_HTML,False,72,single-directory seed
sonatype,Sonatype,Technology,"Ahmedabad, Bengaluru, Chennai, Delhi, Hyderabad, Kolkata, Mumbai, Pune",,,,"Fulton, United States",,U62099TS2025FTC197345,Subsidiary incorporated — CIN U62099TS2025FTC197345 · IT/Software,3.0,https://flexiple.com/gcc/india#gcc-sonatype,https://gccindex.in/company/sonatype,SRC_FLEXIPLE_GCC_INDIA_HTML;SRC_GCC_INDEX_COMPANIES_HTML,True,86,cross-directory match
sonny s enterprises,Sonny's Enterprises,Manufacturing & Industrial,Pune,Innovation & R&D,,,,,—,,1.0,,https://gccindex.in/company/sonnys-enterprises,SRC_GCC_INDEX_COMPANIES_HTML,False,72,single-directory seed
sonoco,Sonoco,Manufacturing & Industrial,Hyderabad,"Global Capability Expansion, AI & Advanced Technology",,,,,U62099TS2024FTC192439,Subsidiary incorporated — CIN U62099TS2024FTC192439 · IT/Software,3.0,,https://gccindex.in/company/sonoco,SRC_GCC_INDEX_COMPANIES_HTML,False,72,single-directory seed
sony software,Sony India Software Centre,Technology,"Bengaluru, Hyderabad",Software Engineer,1001-5000 people,,Japan,,,,,https://flexiple.com/gcc/india#gcc-sony-india-software-centre,,SRC_FLEXIPLE_GCC_INDIA_HTML,False,72,single-directory seed
sopra steria,Sopra Steria,Technology,"Delhi, Chennai, Bengaluru",Software Engineer,"10,000+ people",services-led,France,,,,,https://flexiple.com/gcc/india#gcc-sopra-steria,,SRC_FLEXIPLE_GCC_INDIA_HTML,False,72,single-directory seed
soti,SOTI,Technology,"Delhi, Kochi",Software Engineer,1001-5000 people,,Canada,,,,,https://flexiple.com/gcc/india#gcc-soti,,SRC_FLEXIPLE_GCC_INDIA_HTML,False,72,single-directory seed
southwest airlines,Southwest Airlines,Engineering & Industrial,"Delhi, Hyderabad, Mumbai",,,expanding · 2026,"Dallas, United States",,U62099TS2025FTC206009,Subsidiary incorporated — CIN U62099TS2025FTC206009 · IT/Software,3.0,https://flexiple.com/gcc/india#gcc-southwest-airlines,https://gccindex.in/company/southwest-airlines,SRC_FLEXIPLE_GCC_INDIA_HTML;SRC_GCC_INDEX_COMPANIES_HTML,True,86,cross-directory match
sprinklr,Sprinklr,Technology,"Bengaluru, Delhi, Hyderabad, Mumbai",Product Engineer,1001-5000 people,,"New York, United States",,,,,https://flexiple.com/gcc/india#gcc-sprinklr,,SRC_FLEXIPLE_GCC_INDIA_HTML,False,72,single-directory seed
ss c,SS&C Technologies,Technology,"Mumbai, Hyderabad, Pune, Bengaluru",Software Engineer,"10,000+ people",,United States,,,,,https://flexiple.com/gcc/india#gcc-ss-and-c-technologies,,SRC_FLEXIPLE_GCC_INDIA_HTML,False,72,single-directory seed
standard chartered,Standard Chartered,BFSI,"Chennai, Bengaluru, Mumbai, Delhi, Kolkata",Software Engineer; Software Development Engineer; Development Engineer,"10,000+ people",,"London, UK",2001.0,,,,https://flexiple.com/gcc/india#gcc-standard-chartered,,SRC_FLEXIPLE_GCC_INDIA_HTML,False,72,single-directory seed
starrez,StarRez,Consulting & Professional Services,Hyderabad,Innovation & R&D,,,,,U62099TS2025FTC197153,Subsidiary incorporated — CIN U62099TS2025FTC197153 · IT/Software,2.0,,https://gccindex.in/company/starrez,SRC_GCC_INDEX_COMPANIES_HTML,False,72,single-directory seed
state bank of,State Bank of India,Financial Services,Bengaluru,Global Capability Expansion,,,,,—,,1.0,,https://gccindex.in/company/state-bank-of-india,SRC_GCC_INDEX_COMPANIES_HTML,False,72,single-directory seed
state street,State Street,BFSI,"Bengaluru, Hyderabad, Mumbai, Chennai, Coimbatore",,"10,000+ people",,"Boston, USA",2004.0,,,,https://flexiple.com/gcc/india#gcc-state-street,,SRC_FLEXIPLE_GCC_INDIA_HTML,False,72,single-directory seed
stellantis,Stellantis,Engineering & Industrial,"Chennai, Bengaluru, Hyderabad, Pune, Hosur",Software Engineer,"10,000+ people",,"Hoofddorp, Netherlands",,,,,https://flexiple.com/gcc/india#gcc-stellantis,,SRC_FLEXIPLE_GCC_INDIA_HTML,False,72,single-directory seed
stmicroelectronics,STMicroelectronics,Technology,"Delhi, Bengaluru",,"10,000+ people",,"Geneva, Switzerland",,,,,https://flexiple.com/gcc/india#gcc-stmicroelectronics,,SRC_FLEXIPLE_GCC_INDIA_HTML,False,72,single-directory seed
stolt nielsen,Stolt-Nielsen,Logistics & Transportation,Hyderabad,Innovation & R&D,,,,,U62099TS2025FTC207427,Subsidiary incorporated — CIN U62099TS2025FTC207427 · IT/Software,2.0,,https://gccindex.in/company/stoltnielsen,SRC_GCC_INDEX_COMPANIES_HTML,False,72,single-directory seed
stoneriver,StoneRiver,Technology,"Bengaluru, Delhi, Chennai, Hyderabad",Software Engineer,501-1000 people,,United Kingdom,,,,,https://flexiple.com/gcc/india#gcc-stoneriver,,SRC_FLEXIPLE_GCC_INDIA_HTML,False,72,single-directory seed
stryker,Stryker,Healthcare & Pharma,"Delhi, Bengaluru, Chennai, Mumbai",,"10,000+ people",,United States,,—,,1.0,https://flexiple.com/gcc/india#gcc-stryker,https://gccindex.in/company/stryker,SRC_FLEXIPLE_GCC_INDIA_HTML;SRC_GCC_INDEX_COMPANIES_HTML,True,86,cross-directory match
sumitomo mitsui banking corporation,Sumitomo Mitsui Banking Corporation,Financial Services,Chennai,Global Capability Expansion,,,,,U62099TN2025FTC181192,Subsidiary incorporated — CIN U62099TN2025FTC181192 · IT/Software,2.0,,https://gccindex.in/company/sumitomo-mitsui-banking-corporation,SRC_GCC_INDEX_COMPANIES_HTML,False,72,single-directory seed
sun life,Sun Life,BFSI,"Delhi, Bengaluru",,"10,000+ people",,"Toronto, Canada",,,,,https://flexiple.com/gcc/india#gcc-sun-life,,SRC_FLEXIPLE_GCC_INDIA_HTML,False,72,single-directory seed
swiss re,Swiss Re,BFSI,"Bengaluru, Hyderabad, Mumbai, Delhi, Kolkata",,"10,000+ people",,"Zurich, Switzerland",,,,,https://flexiple.com/gcc/india#gcc-swiss-re,,SRC_FLEXIPLE_GCC_INDIA_HTML,False,72,single-directory seed
syensqo,Syensqo,Manufacturing & Industrial,Pune,Global Capability Expansion,,,,,—,,1.0,,https://gccindex.in/company/syensqo,SRC_GCC_INDEX_COMPANIES_HTML,False,72,single-directory seed
symphonyai,SymphonyAI,Technology,Bengaluru,,1001-5000 people,,United States,,,,,https://flexiple.com/gcc/india#gcc-symphonyai,,SRC_FLEXIPLE_GCC_INDIA_HTML,False,72,single-directory seed
synaptics,Synaptics,Technology,"Bengaluru, Delhi, Hyderabad",,,,"San Jose, United States",,,,,https://flexiple.com/gcc/india#gcc-synaptics,,SRC_FLEXIPLE_GCC_INDIA_HTML,False,72,single-directory seed
syncfusion,Syncfusion,Technology,"Chennai, Salem, Erode, Tiruchirappalli, Coimbatore",Software Engineer,1001-5000 people,,United States,,,,,https://flexiple.com/gcc/india#gcc-syncfusion,,SRC_FLEXIPLE_GCC_INDIA_HTML,False,72,single-directory seed
synchrony,Synchrony,BFSI,"Hyderabad, Bengaluru, Delhi, Chennai, Kolkata",,"10,000+ people",,"Stamford, USA",2008.0,,,,https://flexiple.com/gcc/india#gcc-synchrony,,SRC_FLEXIPLE_GCC_INDIA_HTML,False,72,single-directory seed
synechron,Synechron,Professional & Info Services,"Pune, Bengaluru, Hyderabad, Chennai, Mumbai",Technology; Software Engineer; Senior Associate,"10,000+ people",services-led,"New York, United States",,,,,https://flexiple.com/gcc/india#gcc-synechron,,SRC_FLEXIPLE_GCC_INDIA_HTML,False,72,single-directory seed
syneos health,Syneos Health,Healthcare & Life Sciences,Hyderabad,Global Capability Expansion,,,,,—,,1.0,,https://gccindex.in/company/syneos-health,SRC_GCC_INDEX_COMPANIES_HTML,False,72,single-directory seed
syneriq,Syneriq Global,Consulting & Professional Services,Hyderabad,Global Capability Expansion,,,,,—,,1.0,,https://gccindex.in/company/syneriq,SRC_GCC_INDEX_COMPANIES_HTML,False,72,single-directory seed
syngenta,Syngenta,Engineering & Industrial,"Delhi, Kolkata, Mumbai",,,,"Basel, Switzerland",,—,,1.0,https://flexiple.com/gcc/india#gcc-syngenta,https://gccindex.in/company/syngenta,SRC_FLEXIPLE_GCC_INDIA_HTML;SRC_GCC_INDEX_COMPANIES_HTML,True,86,cross-directory match
synopsys,Synopsys,Technology,"Bengaluru, Hyderabad, Delhi, Pune",Research And Development Engineer,"10,000+ people",,"Sunnyvale, United States",,,,,https://flexiple.com/gcc/india#gcc-synopsys,,SRC_FLEXIPLE_GCC_INDIA_HTML,False,72,single-directory seed
t international,T-Systems International,Technology,"Pune, Bengaluru, Mumbai, Hyderabad",,"10,000+ people",services-led,"Frankfurt, Germany",2009.0,,,,https://flexiple.com/gcc/india#gcc-t-systems-international,,SRC_FLEXIPLE_GCC_INDIA_HTML,False,72,single-directory seed
t mobile us,T-Mobile US,Telecom & Media,Hyderabad,,,expanding · 2026,"Bellevue, United States",,,,,https://flexiple.com/gcc/india#gcc-t-mobile,,SRC_FLEXIPLE_GCC_INDIA_HTML,False,72,single-directory seed
t mobile usa,T-Mobile USA,Telecom & Media,Hyderabad,Innovation & R&D,,,,,—,,1.0,,https://gccindex.in/company/tmobile-usa,SRC_GCC_INDEX_COMPANIES_HTML,False,72,single-directory seed
target,Target,Retail & Consumer,"Bengaluru, Delhi, Kolkata, Mumbai, Hyderabad",,"10,000+ people",,"Minneapolis, United States",2005.0,,,,https://flexiple.com/gcc/india#gcc-target,,SRC_FLEXIPLE_GCC_INDIA_HTML,False,72,single-directory seed
target corporation,Target Corporation,Retail & Consumer,Bengaluru,Global Capability Expansion,,,,,U78300GJ2025FTC159039,Subsidiary incorporated — CIN U78300GJ2025FTC159039,3.0,,https://gccindex.in/company/target-corporation,SRC_GCC_INDEX_COMPANIES_HTML,False,72,single-directory seed
tavant,Tavant,Technology,"Bengaluru, Hyderabad, Delhi, Kolkata",Software Engineer,1001-5000 people,services-led,United States,,,,,https://flexiple.com/gcc/india#gcc-tavant,,SRC_FLEXIPLE_GCC_INDIA_HTML,False,72,single-directory seed
tazapay,Tazapay,Financial Services,Bengaluru,Global Capability Expansion,,,,,—,,1.0,,https://gccindex.in/company/tazapay,SRC_GCC_INDEX_COMPANIES_HTML,False,72,single-directory seed
te connectivity,TE Connectivity,Engineering & Industrial,"Bengaluru, Pune, Chennai, Hyderabad, Mumbai",,"10,000+ people",,Ireland,,,,,https://flexiple.com/gcc/india#gcc-te-connectivity,,SRC_FLEXIPLE_GCC_INDIA_HTML,False,72,single-directory seed
technipfmc,TechnipFMC,Energy,"Bengaluru, Delhi, Hyderabad, Mumbai",,,,"Newcastle, United Kingdom",,,,,https://flexiple.com/gcc/india#gcc-technipfmc,,SRC_FLEXIPLE_GCC_INDIA_HTML,False,72,single-directory seed
tekion,Tekion,Technology,"Bengaluru, Chennai",Software Engineer; Software Development Engineer,1001-5000 people,,United States,,,,,https://flexiple.com/gcc/india#gcc-tekion,,SRC_FLEXIPLE_GCC_INDIA_HTML,False,72,single-directory seed
telstra,Telstra,Telecom & Media,"Bengaluru, Hyderabad, Pune, Mumbai, Chennai",Software Engineer,"10,000+ people",,"Melbourne, Australia",,,,,https://flexiple.com/gcc/india#gcc-telstra,,SRC_FLEXIPLE_GCC_INDIA_HTML,False,72,single-directory seed
temenos,Temenos,Technology,"Chennai, Bengaluru, Hyderabad, Coimbatore, Erode",Product Manager; Product Engineer,"5001-10,000 people",,"Geneva, Switzerland",1995.0,,,,https://flexiple.com/gcc/india#gcc-temenos,,SRC_FLEXIPLE_GCC_INDIA_HTML,False,72,single-directory seed
tenthpin,Tenthpin,Consulting & Professional Services,Pune,Innovation & R&D,,,,,—,,1.0,,https://gccindex.in/company/tenthpin,SRC_GCC_INDEX_COMPANIES_HTML,False,72,single-directory seed
teradata,Teradata,Technology,"Hyderabad, Mumbai, Pune, Bengaluru",Software Engineer,"10,000+ people",,"San Diego, United States",,,,,https://flexiple.com/gcc/india#gcc-teradata,,SRC_FLEXIPLE_GCC_INDIA_HTML,False,72,single-directory seed
tesco bengaluru,Tesco Bengaluru,Retail & Consumer,"Bengaluru, Hyderabad, Chennai",,1001-5000 people,,"Welwyn Garden City, United Kingdom",2004.0,,,,https://flexiple.com/gcc/india#gcc-tesco-bengaluru,,SRC_FLEXIPLE_GCC_INDIA_HTML,False,72,single-directory seed
testingxperts,TestingXperts,Technology & Software,Hyderabad,Global Capability Expansion,,,,,—,,1.0,,https://gccindex.in/company/testingxperts,SRC_GCC_INDEX_COMPANIES_HTML,False,72,single-directory seed
texas instruments,Texas Instruments,Technology,"Bengaluru, Hyderabad, Mumbai, Delhi, Chennai",,"10,000+ people",,"Dallas, United States",1985.0,—,,1.0,https://flexiple.com/gcc/india#gcc-texas-instruments,https://gccindex.in/company/texas-instruments,SRC_FLEXIPLE_GCC_INDIA_HTML;SRC_GCC_INDEX_COMPANIES_HTML,True,86,cross-directory match
thales,Thales,Engineering & Industrial,"Delhi, Bengaluru, Mumbai",Software Engineer,"10,000+ people",,"Paris, France",,—,,1.0,https://flexiple.com/gcc/india#gcc-thales,https://gccindex.in/company/thales,SRC_FLEXIPLE_GCC_INDIA_HTML;SRC_GCC_INDEX_COMPANIES_HTML,True,86,cross-directory match
the cigna group,The Cigna Group,Healthcare & Pharma,Hyderabad,,,,"Bloomfield, United States",,,,,https://flexiple.com/gcc/india#gcc-cigna,,SRC_FLEXIPLE_GCC_INDIA_HTML,False,72,single-directory seed
the d e shaw group,The D. E. Shaw Group,BFSI,"Hyderabad, Bengaluru, Delhi, Mumbai",,1001-5000 people,,United States,,,,,https://flexiple.com/gcc/india#gcc-the-d-e-shaw-group,,SRC_FLEXIPLE_GCC_INDIA_HTML,False,72,single-directory seed
the hartford,The Hartford,Financial Services,Hyderabad,Global Capability Expansion,,,,,U62099TS2025FTC202536,Subsidiary incorporated — CIN U62099TS2025FTC202536 · IT/Software,2.0,,https://gccindex.in/company/the-hartford,SRC_GCC_INDEX_COMPANIES_HTML,False,72,single-directory seed
the standard,The Standard,BFSI,Bengaluru,,,expanding · 2026,"Portland, United States",,—,,4.0,https://flexiple.com/gcc/india#gcc-the-standard,https://gccindex.in/company/the-standard,SRC_FLEXIPLE_GCC_INDIA_HTML;SRC_GCC_INDEX_COMPANIES_HTML,True,86,cross-directory match
the walt disney company,The Walt Disney Company,Telecom & Media,"Ahmedabad, Bengaluru, Chennai, Delhi, Hyderabad, Jaipur, Kolkata, Mumbai, Pune",,,expanding · 2026,"Burbank, United States",,,,,https://flexiple.com/gcc/india#gcc-walt-disney,,SRC_FLEXIPLE_GCC_INDIA_HTML,False,72,single-directory seed
theom,Theom,Technology & Software,Hyderabad,Global Capability Expansion,,,,,—,,1.0,,https://gccindex.in/company/theom,SRC_GCC_INDEX_COMPANIES_HTML,False,72,single-directory seed
thermo fisher scientific,Thermo Fisher Scientific,Healthcare & Pharma,"Bengaluru, Mumbai, Hyderabad, Ahmedabad",Software Engineer,"10,000+ people",,"Waltham, United States",,—,,1.0,https://flexiple.com/gcc/india#gcc-thermo-fisher-scientific,https://gccindex.in/company/thermo-fisher-scientific,SRC_FLEXIPLE_GCC_INDIA_HTML;SRC_GCC_INDEX_COMPANIES_HTML,True,86,cross-directory match
thomson reuters,Thomson Reuters,Professional & Info Services,"Bengaluru, Hyderabad, Mumbai, Chennai, Ahmedabad",Software Engineer,"10,000+ people",,"Toronto, Canada",2007.0,,,,https://flexiple.com/gcc/india#gcc-thomson-reuters,,SRC_FLEXIPLE_GCC_INDIA_HTML,False,72,single-directory seed
thoughtspot,ThoughtSpot,Technology,"Bengaluru, Hyderabad",,1001-5000 people,,United States,,,,,https://flexiple.com/gcc/india#gcc-thoughtspot,,SRC_FLEXIPLE_GCC_INDIA_HTML,False,72,single-directory seed
tiaa,TIAA,BFSI,"Pune, Mumbai, Bengaluru",,"10,000+ people",,"New York, United States",,,,,https://flexiple.com/gcc/india#gcc-tiaa,,SRC_FLEXIPLE_GCC_INDIA_HTML,False,72,single-directory seed
tide,Tide,BFSI,"Hyderabad, Delhi, Bengaluru",,1001-5000 people,,United Kingdom,,,,,https://flexiple.com/gcc/india#gcc-tide,,SRC_FLEXIPLE_GCC_INDIA_HTML,False,72,single-directory seed
toast,Toast,Technology & Software,Bengaluru,Global Capability Expansion,,,,,—,,1.0,,https://gccindex.in/company/toast,SRC_GCC_INDEX_COMPANIES_HTML,False,72,single-directory seed
tomtom,TomTom,Technology,Pune,,,,"Amsterdam, Netherlands",,,,,https://flexiple.com/gcc/india#gcc-tomtom,,SRC_FLEXIPLE_GCC_INDIA_HTML,False,72,single-directory seed
toyo engineering,Toyo Engineering,Engineering & Industrial,Bengaluru,,,,"Chiba, Japan",,,,,https://flexiple.com/gcc/india#gcc-toyo-engineering,,SRC_FLEXIPLE_GCC_INDIA_HTML,False,72,single-directory seed
toyo engineering corporation and modec,"TOYO Engineering Corporation and MODEC, Inc.",Manufacturing & Industrial,Bengaluru,Innovation & R&D,,,,,—,,1.0,,https://gccindex.in/company/toyo-engineering-corporation-and-modec,SRC_GCC_INDEX_COMPANIES_HTML,False,72,single-directory seed
toyota,Toyota,Engineering & Industrial,Bengaluru,,,expanding · 2025,"Toyota City, Japan",,,,,https://flexiple.com/gcc/india#gcc-toyota,,SRC_FLEXIPLE_GCC_INDIA_HTML,False,72,single-directory seed
toyota motor corporation,Toyota Motor Corporation,Manufacturing & Industrial,Bengaluru,Global Capability Expansion,,,,,U45100KA2024FTC192055,Subsidiary incorporated — CIN U45100KA2024FTC192055,2.0,,https://gccindex.in/company/toyota-motor-corporation,SRC_GCC_INDEX_COMPANIES_HTML,False,72,single-directory seed
tracelink,TraceLink,Healthcare & Pharma,"Pune, Mumbai",Software Engineer,1001-5000 people,,United States,,,,,https://flexiple.com/gcc/india#gcc-tracelink,,SRC_FLEXIPLE_GCC_INDIA_HTML,False,72,single-directory seed
transunion,TransUnion,BFSI,"Chennai, Bengaluru, Pune, Mumbai, Hyderabad",Software Developer; Software Engineer,"10,000+ people",,"Chicago, United States",,,,,https://flexiple.com/gcc/india#gcc-transunion,,SRC_FLEXIPLE_GCC_INDIA_HTML,False,72,single-directory seed
tredence,Tredence,Technology & Software,Hyderabad,Global Capability Expansion,,,,,—,,1.0,,https://gccindex.in/company/tredence,SRC_GCC_INDEX_COMPANIES_HTML,False,72,single-directory seed
trellix,Trellix,Technology,"Bengaluru, Hyderabad, Chennai, Mumbai",,1001-5000 people,,United States,,,,,https://flexiple.com/gcc/india#gcc-trellix,,SRC_FLEXIPLE_GCC_INDIA_HTML,False,72,single-directory seed
trimble,Trimble,Technology,"Bengaluru, Chennai, Hyderabad, Indore, Mumbai, Pune",,,,"Westminster, United States",,,,,https://flexiple.com/gcc/india#gcc-trimble,,SRC_FLEXIPLE_GCC_INDIA_HTML,False,72,single-directory seed
trubridge,TruBridge,Healthcare & Life Sciences,Chennai,Global Capability Expansion,,,,,—,,1.0,,https://gccindex.in/company/trubridge,SRC_GCC_INDEX_COMPANIES_HTML,False,72,single-directory seed
truist financial corporation,Truist Financial Corporation,Financial Services,Hyderabad,Global Capability Expansion,,,,,—,,2.0,,https://gccindex.in/company/truist-financial-corporation,SRC_GCC_INDEX_COMPANIES_HTML,False,72,single-directory seed
truveta,Truveta,Healthcare & Life Sciences,Hyderabad,Global Capability Expansion,,,,,U62099TS2026FTC212548,Subsidiary incorporated — CIN U62099TS2026FTC212548 · IT/Software,2.0,,https://gccindex.in/company/truveta,SRC_GCC_INDEX_COMPANIES_HTML,False,72,single-directory seed
tvh,TVH India,Manufacturing & Industrial,Pune,Global Capability Expansion,,,,,—,,1.0,,https://gccindex.in/company/tvh-india,SRC_GCC_INDEX_COMPANIES_HTML,False,72,single-directory seed
tvs motor company,TVS Motor Company,Manufacturing & Industrial,Mysuru,Innovation & R&D,,,,,—,,1.0,,https://gccindex.in/company/tvs-motor-company,SRC_GCC_INDEX_COMPANIES_HTML,False,72,single-directory seed
twilio,Twilio,Technology,"Bengaluru, Hyderabad, Delhi, Chennai, Pune",,"5001-10,000 people",,United States,,,,,https://flexiple.com/gcc/india#gcc-twilio,,SRC_FLEXIPLE_GCC_INDIA_HTML,False,72,single-directory seed
uber,Uber,Technology,"Bengaluru, Hyderabad, Delhi, Mumbai, Kolkata",Software Engineer,"10,000+ people",,"San Francisco, United States",2016.0,,,,https://flexiple.com/gcc/india#gcc-uber,,SRC_FLEXIPLE_GCC_INDIA_HTML,False,72,single-directory seed
ubs,UBS,BFSI,"Pune, Hyderabad, Mumbai, Bengaluru",Software Engineer,"10,000+ people",,"Zurich, Switzerland",2006.0,F06877,Subsidiary incorporated — CIN F06877,2.0,https://flexiple.com/gcc/india#gcc-ubs,https://gccindex.in/company/ubs,SRC_FLEXIPLE_GCC_INDIA_HTML;SRC_GCC_INDEX_COMPANIES_HTML,True,86,cross-directory match
ukg,UKG,Technology,"Delhi, Bengaluru, Pune",Software Engineer,"10,000+ people",,"Lowell, United States",,,,,https://flexiple.com/gcc/india#gcc-ukg,,SRC_FLEXIPLE_GCC_INDIA_HTML,False,72,single-directory seed
under armour,Under Armour,Retail & Consumer,Bengaluru,Global Capability Expansion,,,,,U82990KA2026FTC216300,Subsidiary incorporated — CIN U82990KA2026FTC216300 · IT/Software,2.0,,https://gccindex.in/company/under-armour,SRC_GCC_INDEX_COMPANIES_HTML,False,72,single-directory seed
unilever,Unilever,Retail & Consumer,"Mumbai, Bengaluru, Kolkata, Delhi, Chennai",,"10,000+ people",,"London, United Kingdom",1997.0,,,,https://flexiple.com/gcc/india#gcc-unilever,,SRC_FLEXIPLE_GCC_INDIA_HTML,False,72,single-directory seed
unipart,Unipart,Logistics & Transportation,Pune,Global Capability Expansion,,,,,—,,1.0,,https://gccindex.in/company/unipart,SRC_GCC_INDEX_COMPANIES_HTML,False,72,single-directory seed
unisys,Unisys,Technology,"Bengaluru, Hyderabad, Chennai, Mumbai, Delhi",Software Engineer,"10,000+ people",,"Blue Bell, United States",,,,,https://flexiple.com/gcc/india#gcc-unisys,,SRC_FLEXIPLE_GCC_INDIA_HTML,False,72,single-directory seed
ups,UPS,Logistics & Transportation,Chennai,Global Capability Expansion,,,,,—,,1.0,,https://gccindex.in/company/ups,SRC_GCC_INDEX_COMPANIES_HTML,False,72,single-directory seed
ups supply chain,UPS Supply Chain Solutions,Engineering & Industrial,"Pune, Chennai, Mumbai, Bengaluru, Delhi",,"10,000+ people",,United States,,,,,https://flexiple.com/gcc/india#gcc-ups-supply-chain-solutions,,SRC_FLEXIPLE_GCC_INDIA_HTML,False,72,single-directory seed
valeo,Valeo,Engineering & Industrial,"Bengaluru, Chennai, Delhi",,,,"Paris, France",,,,,https://flexiple.com/gcc/india#gcc-valeo,,SRC_FLEXIPLE_GCC_INDIA_HTML,False,72,single-directory seed
vanderlande,Vanderlande,Manufacturing & Industrial,Pune,AI & Advanced Technology,,,,,—,,1.0,,https://gccindex.in/company/vanderlande,SRC_GCC_INDEX_COMPANIES_HTML,False,72,single-directory seed
vanguard,Vanguard,BFSI,"Ahmedabad, Bengaluru, Chennai, Delhi, Hyderabad, Kolkata, Mumbai, Pune",,,expanding · 2025,"Malvern, United States",2025.0,—,,1.0,https://flexiple.com/gcc/india#gcc-vanguard,https://gccindex.in/company/vanguard,SRC_FLEXIPLE_GCC_INDIA_HTML;SRC_GCC_INDEX_COMPANIES_HTML,True,86,cross-directory match
velir,Velir,Consulting & Professional Services,Jaipur,Global Capability Expansion,,,,,—,,1.0,,https://gccindex.in/company/velir,SRC_GCC_INDEX_COMPANIES_HTML,False,72,single-directory seed
veradigm,Veradigm,Healthcare & Pharma,"Pune, Bengaluru, Vadodara, Hyderabad, Mumbai",,"5001-10,000 people",,United States,,—,,2.0,https://flexiple.com/gcc/india#gcc-veradigm,https://gccindex.in/company/veradigm,SRC_FLEXIPLE_GCC_INDIA_HTML;SRC_GCC_INDEX_COMPANIES_HTML,True,86,cross-directory match
verint,Verint,Technology,Bengaluru,,,,"Melville, United States",,,,,https://flexiple.com/gcc/india#gcc-verint,,SRC_FLEXIPLE_GCC_INDIA_HTML,False,72,single-directory seed
verizon,Verizon,Telecom & Media,"Chennai, Hyderabad, Bengaluru, Delhi, Kolkata",Software Engineer; Software Development Engineer; Full Stack Engineer,"10,000+ people",,"New York, USA",,,,,https://flexiple.com/gcc/india#gcc-verizon,,SRC_FLEXIPLE_GCC_INDIA_HTML,False,72,single-directory seed
vira insight,VIRA Insight,Manufacturing & Industrial,Hyderabad,Innovation & R&D,,,,,—,,1.0,,https://gccindex.in/company/vira-insight,SRC_GCC_INDEX_COMPANIES_HTML,False,72,single-directory seed
visa,Visa,BFSI,"Bengaluru, Mumbai, Hyderabad, Delhi, Chennai",Software Engineer,"10,000+ people",,"San Francisco, United States",,,,,https://flexiple.com/gcc/india#gcc-visa,,SRC_FLEXIPLE_GCC_INDIA_HTML,False,72,single-directory seed
visteon,Visteon,Engineering & Industrial,"Chennai, Bengaluru, Pune, Coimbatore, Kolkata",Software Engineer,"10,000+ people",,United States,,,,,https://flexiple.com/gcc/india#gcc-visteon,,SRC_FLEXIPLE_GCC_INDIA_HTML,False,72,single-directory seed
vodafone,Vodafone,Telecom & Media,"Pune, Bengaluru, Ahmedabad, Mumbai, Delhi",,"10,000+ people",,"Newbury, United Kingdom",,,,,https://flexiple.com/gcc/india#gcc-vodafone,,SRC_FLEXIPLE_GCC_INDIA_HTML,False,72,single-directory seed
volkswagen group,Volkswagen Group Technology Solutions India,Engineering & Industrial,"Pune, Bengaluru, Delhi, Mumbai",Software Engineer,1001-5000 people,,"Wolfsburg, Germany",2016.0,,,,https://flexiple.com/gcc/india#gcc-volkswagen-group-technology-solutions-india,,SRC_FLEXIPLE_GCC_INDIA_HTML,False,72,single-directory seed
volvo group,Volvo Group,Engineering & Industrial,"Bengaluru, Chennai, Hyderabad, Delhi, Mumbai",,"10,000+ people",,"Gothenburg, Sweden",2008.0,,,,https://flexiple.com/gcc/india#gcc-volvo-group,,SRC_FLEXIPLE_GCC_INDIA_HTML,False,72,single-directory seed
voya,Voya India,BFSI,"Bengaluru, Pune, Hyderabad, Chennai, Delhi",,1001-5000 people,,United States,,,,,https://flexiple.com/gcc/india#gcc-voya-india,,SRC_FLEXIPLE_GCC_INDIA_HTML,False,72,single-directory seed
voya financial,Voya Financial,Financial Services,Hyderabad,Global Capability Expansion,,,,,—,,1.0,,https://gccindex.in/company/voya-financial,SRC_GCC_INDEX_COMPANIES_HTML,False,72,single-directory seed
wabtec,Wabtec,Engineering & Industrial,"Bengaluru, Hosur, Patna, Shahjahanpur, Hyderabad",,"10,000+ people",,"Pittsburgh, United States",,,,,https://flexiple.com/gcc/india#gcc-wabtec-corporation,,SRC_FLEXIPLE_GCC_INDIA_HTML,False,72,single-directory seed
wacker,Wacker,Manufacturing & Industrial,Pune,Digital Transformation,,,,,—,,1.0,,https://gccindex.in/company/wacker,SRC_GCC_INDEX_COMPANIES_HTML,False,72,single-directory seed
walmart,Walmart,Retail & Consumer,Chennai,Innovation & R&D,,,,,U70200KA2026FTC219650,Subsidiary incorporated — CIN U70200KA2026FTC219650,2.0,,https://gccindex.in/company/walmart,SRC_GCC_INDEX_COMPANIES_HTML,False,72,single-directory seed
walmart tech,Walmart Global Tech,Retail & Consumer,"Bengaluru, Chennai, Hyderabad, Delhi",Software Engineer; Software Development Engineer; Data Engineer,"10,000+ people",,"Bentonville, United States",,,,,https://flexiple.com/gcc/india#gcc-walmart-global-tech,,SRC_FLEXIPLE_GCC_INDIA_HTML,False,72,single-directory seed
warner bros discovery,Warner Bros. Discovery,Telecom & Media,"Hyderabad, Bengaluru, Mumbai, Delhi, Chennai",Software Engineer,"10,000+ people",,"New York, United States",,—,,2.0,https://flexiple.com/gcc/india#gcc-warner-bros-discovery,https://gccindex.in/company/warner-bros-discovery,SRC_FLEXIPLE_GCC_INDIA_HTML;SRC_GCC_INDEX_COMPANIES_HTML,True,86,cross-directory match
wayfair,Wayfair,Retail & Consumer,"Bengaluru, Hyderabad",Software Engineer,"10,000+ people",,"Boston, United States",,—,,1.0,https://flexiple.com/gcc/india#gcc-wayfair,https://gccindex.in/company/wayfair,SRC_FLEXIPLE_GCC_INDIA_HTML;SRC_GCC_INDEX_COMPANIES_HTML,True,86,cross-directory match
weka,WEKA,Technology & Software,Bengaluru,Global Capability Expansion,,,,,—,,1.0,,https://gccindex.in/company/weka,SRC_GCC_INDEX_COMPANIES_HTML,False,72,single-directory seed
wells fargo,Wells Fargo,BFSI,"Bengaluru, Hyderabad, Chennai, Delhi, Mumbai",Software Engineer; Program; Analytics Consultant,"10,000+ people",,"San Francisco, USA",2006.0,—,,1.0,https://flexiple.com/gcc/india#gcc-wells-fargo,https://gccindex.in/company/wells-fargo,SRC_FLEXIPLE_GCC_INDIA_HTML;SRC_GCC_INDEX_COMPANIES_HTML,True,86,cross-directory match
welspun,Welspun,Manufacturing & Industrial,Hyderabad,Digital Transformation,,,,,—,,1.0,,https://gccindex.in/company/welspun,SRC_GCC_INDEX_COMPANIES_HTML,False,72,single-directory seed
western digital,Western Digital,Technology,"Bengaluru, Chennai, Delhi, Hyderabad, Mumbai, Nagpur",,,,"San Jose, United States",,,,,https://flexiple.com/gcc/india#gcc-western-digital,,SRC_FLEXIPLE_GCC_INDIA_HTML,False,72,single-directory seed
western union,Western Union,BFSI,"Pune, Hyderabad, Mumbai, Bengaluru",Software Engineer,"10,000+ people",expanding · 2026,"Denver, United States",,—,,2.0,https://flexiple.com/gcc/india#gcc-western-union,https://gccindex.in/company/western-union,SRC_FLEXIPLE_GCC_INDIA_HTML;SRC_GCC_INDEX_COMPANIES_HTML,True,86,cross-directory match
wex,WEX,Financial Services,Bengaluru,Global Capability Expansion,,,,,—,,1.0,,https://gccindex.in/company/wex,SRC_GCC_INDEX_COMPANIES_HTML,False,72,single-directory seed
whirlpool,Whirlpool,Retail & Consumer,"Ahmedabad, Bengaluru, Chennai, Delhi, Hyderabad, Kolkata, Mumbai, Pune",,,,"Benton Harbor, United States",,,,,https://flexiple.com/gcc/india#gcc-whirlpool,,SRC_FLEXIPLE_GCC_INDIA_HTML,False,72,single-directory seed
wirelesscar,WirelessCar,Technology & Software,Bengaluru,Innovation & R&D,,,,,U62099KA2025FTC210745,Subsidiary incorporated — CIN U62099KA2025FTC210745 · IT/Software,2.0,,https://gccindex.in/company/wirelesscar,SRC_GCC_INDEX_COMPANIES_HTML,False,72,single-directory seed
wise,Wise,Financial Services,Hyderabad,Global Capability Expansion,,,,,U82990TS2025FTC208983,Subsidiary incorporated — CIN U82990TS2025FTC208983 · BPO/Shared Services,2.0,,https://gccindex.in/company/wise,SRC_GCC_INDEX_COMPANIES_HTML,False,72,single-directory seed
wisetech,WiseTech Global,Technology,"Bengaluru, Hyderabad",Software Engineer,1001-5000 people,,Australia,,,,,https://flexiple.com/gcc/india#gcc-wisetech-global,,SRC_FLEXIPLE_GCC_INDIA_HTML,False,72,single-directory seed
woodside energy,Woodside Energy,Energy & Utilities,Bengaluru,Digital Transformation,,,,,—,,1.0,,https://gccindex.in/company/woodside-energy,SRC_GCC_INDEX_COMPANIES_HTML,False,72,single-directory seed
workato,Workato,Technology & Software,Hyderabad,Innovation & R&D,,,,,—,,1.0,,https://gccindex.in/company/workato,SRC_GCC_INDEX_COMPANIES_HTML,False,72,single-directory seed
workday,Workday,Technology,"Ahmedabad, Bengaluru, Bhubaneswar, Chandigarh, Chennai, Coimbatore, Delhi, Hyderabad, Indore, Jaipur, Kolkata, Mumbai, Nagpur, Pune, Thiruvananthapuram, Visakhapatnam",,,expanding · 2025,"Pleasanton, United States",,U62099PN2025FTC241152,Subsidiary incorporated — CIN U62099PN2025FTC241152 · IT/Software,4.0,https://flexiple.com/gcc/india#gcc-workday,https://gccindex.in/company/workday,SRC_FLEXIPLE_GCC_INDIA_HTML;SRC_GCC_INDEX_COMPANIES_HTML,True,86,cross-directory match
worldline,Worldline,BFSI,"Mumbai, Pune, Chennai, Bengaluru",,"10,000+ people",,France,,,,,https://flexiple.com/gcc/india#gcc-worldline,,SRC_FLEXIPLE_GCC_INDIA_HTML,False,72,single-directory seed
worldpay,Worldpay,BFSI,"Bengaluru, Indore, Pune, Chennai",,"5001-10,000 people",,United States,,,,,https://flexiple.com/gcc/india#gcc-worldpay,,SRC_FLEXIPLE_GCC_INDIA_HTML,False,72,single-directory seed
wpp,WPP,Telecom & Media,"Mumbai, Chennai, Bengaluru, Delhi",,"10,000+ people",services-led,United Kingdom,,,,,https://flexiple.com/gcc/india#gcc-wpp,,SRC_FLEXIPLE_GCC_INDIA_HTML,False,72,single-directory seed
wtw,WTW,BFSI,"Mumbai, Kolkata, Delhi",,"10,000+ people",,"London, UK",1992.0,,,,https://flexiple.com/gcc/india#gcc-wtw,,SRC_FLEXIPLE_GCC_INDIA_HTML,False,72,single-directory seed
xebia,Xebia,Professional & Info Services,"Jaipur, Hyderabad, Bengaluru, Delhi, Chennai",Software Engineer,"5001-10,000 people",services-led,"Hilversum, Netherlands",,,,,https://flexiple.com/gcc/india#gcc-xebia,,SRC_FLEXIPLE_GCC_INDIA_HTML,False,72,single-directory seed
xmos,XMOS,Technology,Chennai,,,,"Bristol, United Kingdom",,,,,https://flexiple.com/gcc/india#gcc-xmos,,SRC_FLEXIPLE_GCC_INDIA_HTML,False,72,single-directory seed
xperi,Xperi,Technology,"Bengaluru, Pune",,1001-5000 people,,"San Jose, United States",,,,,https://flexiple.com/gcc/india#gcc-xperi,,SRC_FLEXIPLE_GCC_INDIA_HTML,False,72,single-directory seed
yamaha motor,Yamaha Motor,Engineering & Industrial,Chennai,,,,"Iwata, Japan",,,,,https://flexiple.com/gcc/india#gcc-yamaha-motor,,SRC_FLEXIPLE_GCC_INDIA_HTML,False,72,single-directory seed
yardi,Yardi,Technology,"Pune, Chhatrapati-Sambhajinagar, Mumbai, Nagpur",Software Engineer,"5001-10,000 people",,"Santa Barbara, United States",,,,,https://flexiple.com/gcc/india#gcc-yardi,,SRC_FLEXIPLE_GCC_INDIA_HTML,False,72,single-directory seed
yum brands,Yum! Brands,Retail & Consumer,,,,,"Louisville, United States",,,,,https://flexiple.com/gcc/india#gcc-yum-brands,,SRC_FLEXIPLE_GCC_INDIA_HTML,False,72,single-directory seed
zebra,Zebra Technologies,Technology,"Bengaluru, Pune, Mumbai, Chennai, Delhi",Software Engineer,"10,000+ people",,"Lincolnshire, United States",,—,,1.0,https://flexiple.com/gcc/india#gcc-zebra-technologies,https://gccindex.in/company/zebra,SRC_FLEXIPLE_GCC_INDIA_HTML;SRC_GCC_INDEX_COMPANIES_HTML,True,86,cross-directory match
zeiss,ZEISS,Manufacturing & Industrial,Bengaluru,Global Capability Expansion,,,,,—,,1.0,,https://gccindex.in/company/zeiss,SRC_GCC_INDEX_COMPANIES_HTML,False,72,single-directory seed
zendesk,Zendesk,Technology & Software,Pune,Innovation & R&D,,,,,—,,1.0,,https://gccindex.in/company/zendesk,SRC_GCC_INDEX_COMPANIES_HTML,False,72,single-directory seed
zeta,Zeta,Technology,"Bengaluru, Hyderabad, Mumbai, Delhi",Software Development Engineer; Software Engineer; Software Test Engineer,1001-5000 people,,United States,,,,,https://flexiple.com/gcc/india#gcc-zeta,,SRC_FLEXIPLE_GCC_INDIA_HTML,False,72,single-directory seed
zf group,ZF Group,Engineering & Industrial,"Chennai, Hyderabad, Coimbatore, Bengaluru, Pune",,"10,000+ people",,"Friedrichshafen, Germany",2017.0,,,,https://flexiple.com/gcc/india#gcc-zf-group,,SRC_FLEXIPLE_GCC_INDIA_HTML,False,72,single-directory seed
zf lifetec,ZF LIFETEC,Engineering & Industrial,"Bengaluru, Chennai, Coimbatore, Delhi, Hyderabad, Kochi, Kolkata, Mumbai, Thiruvananthapuram, Visakhapatnam",,,,"Aschaffenburg, Germany",,,,,https://flexiple.com/gcc/india#gcc-zf-lifetec,,SRC_FLEXIPLE_GCC_INDIA_HTML,False,72,single-directory seed
zimmer biomet,Zimmer Biomet,Healthcare & Pharma,"Bengaluru, Hyderabad",,,,"Warsaw, United States",,U62099KA2026FTC216359,Subsidiary incorporated — CIN U62099KA2026FTC216359 · IT/Software,2.0,https://flexiple.com/gcc/india#gcc-zimmer-biomet,https://gccindex.in/company/zimmer-biomet,SRC_FLEXIPLE_GCC_INDIA_HTML;SRC_GCC_INDEX_COMPANIES_HTML,True,86,cross-directory match
zinnia,Zinnia,Technology,"Delhi, Hyderabad, Pune",Software Engineer,1001-5000 people,,United States,,,,,https://flexiple.com/gcc/india#gcc-zinnia,,SRC_FLEXIPLE_GCC_INDIA_HTML,False,72,single-directory seed
zoominfo,ZoomInfo,Technology,"Chennai, Bengaluru, Pune, Chandigarh, Delhi",Software Engineer; Full Stack Engineer; Data Analyst,1001-5000 people,,United States,,,,,https://flexiple.com/gcc/india#gcc-zoominfo,,SRC_FLEXIPLE_GCC_INDIA_HTML,False,72,single-directory seed
zs associates,ZS Associates,Professional & Info Services,"Pune, Delhi, Bengaluru, Mumbai",Decision Support Analyst; Technology; Data Engineer,"10,000+ people",services-led,"Evanston, United States",,—,,2.0,https://flexiple.com/gcc/india#gcc-zs,https://gccindex.in/company/zs-associates,SRC_FLEXIPLE_GCC_INDIA_HTML;SRC_GCC_INDEX_COMPANIES_HTML,True,86,cross-directory match
zscaler,Zscaler,Technology,"Bengaluru, Chandigarh, Mohali, Hyderabad, Mumbai",Software Engineer; Software Development Engineer,"5001-10,000 people",,United States,,,,,https://flexiple.com/gcc/india#gcc-zscaler,,SRC_FLEXIPLE_GCC_INDIA_HTML,False,72,single-directory seed
zurich insurance,Zurich Insurance,BFSI,"Chennai, Coimbatore, Delhi, Hyderabad, Kolkata, Visakhapatnam",,,,"Zurich, Switzerland",,,,,https://flexiple.com/gcc/india#gcc-zurich-insurance,,SRC_FLEXIPLE_GCC_INDIA_HTML,False,72,single-directory seed
zurich insurance group,Zurich Insurance Group,Financial Services,Hyderabad,Global Capability Expansion,,,,,U82990TS2025FTC207002,Subsidiary incorporated — CIN U82990TS2025FTC207002 · BPO/Shared Services,5.0,,https://gccindex.in/company/zurich-insurance,SRC_GCC_INDEX_COMPANIES_HTML,False,72,single-directory seed
