company_name,directory_company_name,profile_url,event_order,event_date,event_type,event_title,event_detail
4flow,4flow,https://gccindex.in/company/4flow,1,27 Aug 2025,news,New GCC — Bengaluru,"4flow opened its Global Capability Center in Bengaluru with more than 60 team members welcomed across its consulting, software and corporate services teams. The centre is located at Manyata Embassy Business Park and was inaugurated with a traditional diya-lighting and ribbon-cutting ceremony."
4flow,4flow,https://gccindex.in/company/4flow,2,29 Oct 2025,mca,Subsidiary incorporated,CIN U62099KA2025FTC210241 · IT/Software
ABC Fitness,ABC Fitness,https://gccindex.in/company/abc-fitness,1,30 Dec 2024,mca,Subsidiary incorporated,CIN U62099TS2024FTC192459 · IT/Software
ABC Fitness,ABC Fitness,https://gccindex.in/company/abc-fitness,2,6 May 2025,news,New GCC — Hyderabad,"ABC Fitness establishes a mid-sized Global Capability Center in Hyderabad, India, to spearhead innovation using AI/ML models for user engagement and operational efficiency"
ABeam Consulting Ltd.,ABeam Consulting Ltd.,https://gccindex.in/company/abeam-consulting,1,27 Feb 2026,news,Expansion — Chennai,ABeam Consulting establishes GCCs in Chennai and Hyderabad to support global enterprises leveraging India's advanced technology capabilities and digital talent
ABeam Consulting Ltd.,ABeam Consulting Ltd.,https://gccindex.in/company/abeam-consulting,2,6 May 2026,mca,Subsidiary incorporated,CIN F07048 · IT/Software
Abercrombie & Fitch,Abercrombie & Fitch,https://gccindex.in/company/abercrombie-fitch,1,29 Sep 2025,mca,Subsidiary incorporated,CIN U62099KA2025FTC209169 · IT/Software
Abercrombie & Fitch,Abercrombie & Fitch,https://gccindex.in/company/abercrombie-fitch,2,8 Apr 2026,news,New GCC — Bengaluru,"Abercrombie & Fitch establishes a new global capability center in Bengaluru to support its digital transformation efforts, focusing on enterprise data and analytics, AI-led customer personalisation, and omnichannel capabilities."
Acumatica,Acumatica,https://gccindex.in/company/acumatica,1,25 Dec 2025,mca,Subsidiary incorporated,CIN U62099TS2025FTC208693 · IT/Software
Acumatica,Acumatica,https://gccindex.in/company/acumatica,2,12 Aug 2026,news,New GCC — Hyderabad,"Acumatica opens a GCC in Hyderabad’s Nanakramguda area, establishing an engineering centre of excellence that will develop product and engineering capabilities for its cloud ERP platform serving global customers."
Aeries Technology,Aeries Technology,https://gccindex.in/company/aeries,1,3 Jun 2025,pipeline,Intent announced,Aeries Technology has announced a strategic partnership with Fortra to establish Global Capability Centers in India and Mexico.
Aeries Technology,Aeries Technology,https://gccindex.in/company/aeries,2,3 Feb 2026,news,New GCC — Bengaluru,"Aeries Technology establishes a dedicated Global Capability Center in Bangalore, India, to serve as a strategic engineering hub for a leading global financial services firm, leveraging India’s deep engineering talent pool."
Aeries Technology,Aeries Technology,https://gccindex.in/company/aeries,3,26 Feb 2026,pipeline,Intent announced,Aeries Technology has secured a strategic India GCC advisory mandate and raised its FY26 EBITDA guidance.
Aeries Technology,Aeries Technology,https://gccindex.in/company/aeries,4,12 May 2026,pipeline,Intent announced,"Aeries Technology, Inc. has partnered with Two Circles to support the launch of its Hyderabad office, marking the company's entry into the Indian market."
Agilent Technologies,Agilent Technologies,https://gccindex.in/company/agilent,1,31 Jul 2025,news,New GCC — Hyderabad,"Agilent Technologies establishes a cutting-edge Biopharma Capability Center in Hyderabad to support the entire drug development lifecycle and empower scientists, researchers, and companies with advanced instrumentation and hands-on training."
AHEAD,AHEAD,https://gccindex.in/company/ahead,1,22 Jun 2026,news,Expansion — Bengaluru,"AHEAD establishes a new office in Bengaluru to expand its engineering capabilities and enhance support for global enterprise transformation programmes, leveraging Bengaluru's expertise in AI, cloud technologies, and platform engineering."
Airbus,Airbus,https://gccindex.in/company/airbus,1,9 Jan 2025,news,New GCC — Bengaluru,"Airbus establishes a Global Capability Centre in Bengaluru, focusing on aerospace and defence capabilities, in a 650,000 sq. ft. office space leased for 10 years"
Albertsons,Albertsons,https://gccindex.in/company/albertsons,1,4 Apr 2025,mca,Subsidiary incorporated,CIN U62099KA2025FTC200765 · IT/Software
Albertsons,Albertsons,https://gccindex.in/company/albertsons,2,26 Aug 2025,news,New GCC — Bengaluru,"Albertsons establishes a Global Capability Centre in India to drive digital innovation, enhance customer-centric solutions, and strengthen global market support, hiring 1,000 employees over 18 months."
Albertsons,Albertsons,https://gccindex.in/company/albertsons,3,26 Aug 2025,people,head of its newly established Global Capability Centre (GCC),Sunil Gopinath
Alcon,Alcon,https://gccindex.in/company/alcon,1,21 Jul 2026,news,Expansion — Bengaluru,"Alcon Global Services establishes a second office in Bengaluru, expanding its shared services hub to support eye‑care product engineering, supply‑chain coordination and client support for its worldwide operations."
Alight Solutions,Alight Solutions,https://gccindex.in/company/alight,1,13 Aug 2026,news,Expansion — Chennai,"Alight Solutions, the US human capital technology company, opened its third Chennai office at DLF Cyber City — a 30,000 sq ft facility with space for more than 400 technology and engineering professionals working on Benefits Administration and Leave of Absence solutions for global clients."
"Alkami Technology, Inc.","Alkami Technology, Inc.",https://gccindex.in/company/alkami,1,4 Dec 2024,mca,Subsidiary incorporated,CIN U62020HR2024FTC126618 · IT/Software
"Alkami Technology, Inc.","Alkami Technology, Inc.",https://gccindex.in/company/alkami,2,26 Mar 2026,news,Expansion — Gurugram,"Alkami Technology, Inc. establishes an expanded Global Capability Center in India to power its Digital Sales & Service Platform, leveraging AI-driven capabilities and India's talent ecosystem."
Altimetrik,Altimetrik,https://gccindex.in/company/altimetrik,1,31 Aug 2026,news,Expansion — Pune,"Altimetrik opened its second centre in Pune, extending its India engineering footprint across AI engineering, data and analytics, cloud, product engineering and digital transformation. The Michigan-headquartered firm builds AI-native digital engineering capability for global enterprises."
Alvarez & Marsal,Alvarez & Marsal,https://gccindex.in/company/alvarez-marsal,1,16 Mar 2024,mca,Subsidiary incorporated,CIN U70200HR2024FTC119901 · IT/Software
Alvarez & Marsal,Alvarez & Marsal,https://gccindex.in/company/alvarez-marsal,2,25 Aug 2025,news,Expansion — Bengaluru,"Alvarez & Marsal expands its India GCC workforce, nearly tripling it to 2,000 by 2028, positioning India as a key pillar in its global growth strategy"
Alvarez & Marsal,Alvarez & Marsal,https://gccindex.in/company/alvarez-marsal,3,16 Oct 2025,people,"Lead, Digital and AI Strategy",Sanjeev Narsipur
Alvarez & Marsal,Alvarez & Marsal,https://gccindex.in/company/alvarez-marsal,4,4 Apr 2026,people,Managing Director,Sameer Singh Ahluwalia
Alvarez & Marsal,Alvarez & Marsal,https://gccindex.in/company/alvarez-marsal,5,23 Apr 2026,people,Managing Director,Aditya Jain
AMD,AMD,https://gccindex.in/company/amd,1,7 Jul 2025,news,Expansion — Bengaluru,"AMD establishes a state-of-the-art facility in Bengaluru to support global semiconductor innovation efforts, including AI workloads and advanced chip design, with plans to surpass 10,000 employees"
Amgen,Amgen,https://gccindex.in/company/amgen,1,13 Dec 2024,mca,Subsidiary incorporated,CIN U62099TS2024FTC191930 · IT/Software
Amgen,Amgen,https://gccindex.in/company/amgen,2,6 Feb 2025,news,New GCC — Hyderabad,"Amgen establishes its first Global Capability Centre in Hyderabad, expanding its office footprint and enhancing global operations with advanced technology solutions and digital competencies."
Amgen,Amgen,https://gccindex.in/company/amgen,3,12 Aug 2026,pipeline,Intent announced,"Amgen announced it will open a Science & Innovation Center in Hyderabad's Genome Valley, adding to its existing Hyderabad capability centre."
Amgen,Amgen,https://gccindex.in/company/amgen,4,16 Aug 2026,pipeline,Plans To,"Amgen announced plans to establish a Science & Innovation Center in Hyderabad. The statement reflects intent to create a new captive centre, but no investment amount, job count, or timeline details were disclosed."
AML RightSource,AML RightSource,https://gccindex.in/company/aml-rightsource,1,25 Apr 2025,news,New GCC — Noida,"AML RightSource establishes a Global Capability Centre in Noida, leasing 157,000 square feet in the Max Square commercial tower"
AMS,AMS,https://gccindex.in/company/ams,1,15 Apr 2026,news,Expansion — Pune,"AMS expands its global capability centre in Pune to cater to global markets, including EMEA, APAC, the Americas and the UK."
Amtech Software,Amtech Software,https://gccindex.in/company/amtech-software,1,16 Dec 2025,mca,Subsidiary incorporated,CIN U62099KA2025FTC212495 · IT/Software
Amtech Software,Amtech Software,https://gccindex.in/company/amtech-software,2,22 May 2026,news,New GCC — Bengaluru,Amtech Software establishes Bengaluru hub for global engineering and innovation
Anaplan,Anaplan,https://gccindex.in/company/anaplan,1,9 Sep 2026,news,Expansion — Gurugram,"Anaplan opened its largest global office in Gurugram, with capacity for 500 staff. Teams there contribute to the global product roadmap and its agentic AI framework, alongside go-to-market, customer support and HR functions. The US planning software firm has operated in India since 2017."
Anaptyss,Anaptyss,https://gccindex.in/company/anaptyss,1,29 Apr 2025,news,Expansion — Gurugram,"Anaptyss establishes a major expansion of its physical infrastructure in India, doubling its workforce and increasing operational space to exceed 100,000 square feet over two years."
Anaptyss,Anaptyss,https://gccindex.in/company/anaptyss,2,10 Sep 2025,people,CBO,Utpal Kumar Sengupta
Aon,Aon,https://gccindex.in/company/aon,1,10 Apr 2026,people,Head of Global Capability Centers,Shiney Prasad
Aon,Aon,https://gccindex.in/company/aon,2,3 Jun 2026,news,Expansion — Bengaluru,"Aon establishes a new Global Capability Centre in Bengaluru, expanding its operations to support global delivery, innovation, and operational connectivity, with a focus on strengthening global connectivity and improving innovation."
Aon,Aon,https://gccindex.in/company/aon,3,12 Aug 2026,people,"Head of Strategy and Programme Management, Global Capability Centres",Nayana Mitter
Aon,Aon,https://gccindex.in/company/aon,4,31 Aug 2026,pipeline,Market Signal,"Aon Consulting has leased 198,509 sq ft across the second, third, fourth and sixth floors of Vista Earth Centre in Whitefield, Bengaluru, from Vista Spaces Earth Centre, on a five-year term worth about Rs 98 crore. Monthly rent is about Rs 1.53 crore, or Rs 77.32 per sq ft, with a security deposit of about Rs 10.74 crore and 15 per cent escalation every three years. The space was taken in two tranches, with over 1.64 lakh sq ft commencing December 2025 and the second floor added from June 2026."
Aperam,Aperam,https://gccindex.in/company/aperam,1,24 Jul 2026,news,New GCC — Hyderabad,"Aperam opened a global capability centre in Hyderabad that develops digital solutions, data analytics and shared services to enhance process excellence, engineering and operations for its worldwide steel business."
Apple India,Apple India,https://gccindex.in/company/apple-india,1,30 Jan 2026,news,Expansion — Hyderabad,"Apple India Private Limited establishes a major Global Capability Center (GCC) hub in Hyderabad, expanding its campus footprint at WaveRock IT Park to approximately 6.34 lakh sq ft."
Apple India,Apple India,https://gccindex.in/company/apple-india,2,10 Apr 2026,mca,Subsidiary incorporated,CIN U62099KA2026FTC219177 · IT/Software
Applied Materials,Applied Materials,https://gccindex.in/company/applied-materials,1,29 Jan 2026,news,Expansion — Bengaluru,"Applied Materials expands its Bengaluru operations with an 8.06 lakh sq. ft. workplace, enhancing R&D and product engineering capabilities in India."
Aramex,Aramex,https://gccindex.in/company/aramex,1,31 Jul 2026,people,India Managing Director,Veena Bhogaonkar
Aramex,Aramex,https://gccindex.in/company/aramex,2,22 Aug 2026,news,Expansion — Pune,"Aramex opened Phase II of its technology hub in Pune, expanding the facility that supports its technology operations and provides a platform for teams contributing to the company's global logistics and supply chain ecosystem."
ArcelorMittal,ArcelorMittal,https://gccindex.in/company/arcelormittal,1,1 Mar 2025,mca,Subsidiary incorporated,CIN U62099DL2025FTC443764 · IT/Software
ArcelorMittal,ArcelorMittal,https://gccindex.in/company/arcelormittal,2,16 Dec 2025,news,Expansion — Pune,"ArcelorMittal Global Capability Centre expands in Pune, leasing nearly 1 lakh sq ft of office space at Nalanda SEZ IT Park, reinforcing Pune's position as a key GCC hub in India."
ArcelorMittal,ArcelorMittal,https://gccindex.in/company/arcelormittal,3,9 Mar 2026,news,New GCC — Hyderabad,"ArcelorMittal establishes two Global Capability Centers in Hyderabad and Pune to serve as strategic technology and business hubs, supporting the company’s global operations, with plans to hire 2,000 professionals"
ArcelorMittal,ArcelorMittal,https://gccindex.in/company/arcelormittal,4,31 Jul 2026,news,Expansion — Hyderabad,"ArcelorMittal expands its Hyderabad GCC by leasing an additional 82,823 sq ft at Kalyani Trident, bringing its total footprint to about 165,000 sq ft to support engineering, digital technology, analytics, finance and procurement functions."
ArcelorMittal,ArcelorMittal,https://gccindex.in/company/arcelormittal,5,4 Aug 2026,pipeline,Market Signal,"ArcelorMittal leased an additional 82,823 square feet of office space at Kalyani Trident in Hyderabad's Financial District, bringing its total footprint in the building to over 1.65 lakh square feet. The lease is valued at more than ₹35 crore and follows an earlier lease of the 16th floor earlier this year. The expansion reflects the company's ongoing growth of its Global Capability Centre presence in India."
Arch Global Services,Arch Global Services,https://gccindex.in/company/arch,1,6 Mar 2025,mca,Subsidiary incorporated,CIN U62099TS2025FTC195292 · IT/Software
Arch Global Services,Arch Global Services,https://gccindex.in/company/arch,2,9 Jan 2026,news,New GCC — Thiruvananthapuram,"Arch Global Services India establishes its largest Global Capability Centre facility at Technopark Phase III, spanning 26,000 sq. ft. and designed to support 350 employees, with future expansion plans"
Arctera,Arctera,https://gccindex.in/company/arctera,1,18 Aug 2026,news,New GCC — Pune,"Arctera, owned by Cloud Software Group, opened an Engineering Center of Excellence in Pune to support innovation, collaboration and the development of technology solutions for customers worldwide, expanding its engineering presence in India."
Arctic Wolf,Arctic Wolf,https://gccindex.in/company/arctic-wolf,1,18 Apr 2024,mca,Subsidiary incorporated,CIN U62099KA2024FTC187571 · IT/Software
Arctic Wolf,Arctic Wolf,https://gccindex.in/company/arctic-wolf,2,30 Oct 2025,news,Expansion — Bengaluru,"Arctic Wolf establishes a new 29,000 sq. ft. facility at The Helios Business Park in Bengaluru, expanding its India Global Capability Center to accommodate up to 500 professionals and drive AI-led threat detection and response initiatives"
Arctic Wolf,Arctic Wolf,https://gccindex.in/company/arctic-wolf,3,8 Sep 2026,news,Expansion — Bengaluru,"Arctic Wolf expanded its Bengaluru R&D centre to 55,000 sq ft, now its largest R&D site globally. India headcount grew from 46 in 2024 to over 550, with 90 more roles planned across engineering, infrastructure, product, AI and security operations."
ARKO Corp,ARKO Corp,https://gccindex.in/company/arko,1,20 May 2026,mca,Subsidiary incorporated,CIN U62099KA2026FTC221226 · IT/Software
ARKO Corp,ARKO Corp,https://gccindex.in/company/arko,2,1 Jul 2026,news,New GCC — Bengaluru,"ARKO Corp establishes a GCC in Bengaluru that will house data and analytics, finance, and business operations capabilities, acting as an integrated operating partner to support its convenience store and fuel retail transformation."
Arrive,Arrive,https://gccindex.in/company/arrive,1,23 May 2026,mca,Subsidiary incorporated,CIN U62099KA2026FTC221423 · IT/Software
Arrive,Arrive,https://gccindex.in/company/arrive,2,18 Aug 2026,news,New GCC — Bengaluru,"Arrive opened a 20,000 sq ft innovation hub in Bengaluru, consolidating engineering, product, customer‑care, sales operations and AI teams to develop AI‑first engineering and autonomous‑vehicle solutions for its global mobility platform."
Assent,Assent,https://gccindex.in/company/assent,1,19 Mar 2025,mca,Subsidiary incorporated,CIN U62099PN2025FTC239498 · IT/Software
Assent,Assent,https://gccindex.in/company/assent,2,3 Jul 2025,news,New GCC — Pune,"Assent Inc. establishes a new Innovation & Technology Center in Pune, India, as part of its global growth plan to drive innovation and sustainability in supply chain management"
Assent,Assent,https://gccindex.in/company/assent,3,4 Apr 2026,people,Head,Manoj C. Patil
AstraZeneca,AstraZeneca,https://gccindex.in/company/astrazeneca,1,27 Jun 2025,news,Expansion — Bengaluru,"AstraZeneca establishes a ₹166 crore Global Capability Centre in Bengaluru, creating 400 new jobs and bolstering AI-powered innovation across R&D, global business services, IT, and digital health"
AT&S,AT&S,https://gccindex.in/company/ats,1,4 Apr 2026,news,New GCC — Pune,"AT&S launched a Global IT Shared Service Center in Pune focused on automation, IT support and process optimisation across its global network."
Atlassian,Atlassian,https://gccindex.in/company/atlassian,1,5 Sep 2025,news,Expansion — Bengaluru,"Atlassian establishes a new state-of-the-art R&D Centre in Bengaluru, expanding its local workforce and cementing the city's role as a core innovation hub."
Availity,Availity,https://gccindex.in/company/availity,1,21 Aug 2025,news,New GCC — Bengaluru,"Availity establishes a technology workforce expansion in Bengaluru, India, to support US healthcare system innovation and cost efficiency"
Axiado,Axiado,https://gccindex.in/company/axiado,1,5 May 2025,mca,Subsidiary incorporated,CIN U62099TS2025FTC198062 · IT/Software
Axiado,Axiado,https://gccindex.in/company/axiado,2,30 Apr 2026,news,New GCC — Bengaluru,"Axiado Corporation establishes its global capability center in Bengaluru to advance hardware-led cybersecurity engineering capabilities and scale engineering across hardware, systems, and AI-driven security."
BASF,BASF,https://gccindex.in/company/basf,1,7 Jan 2026,mca,Subsidiary incorporated,CIN U62020MH2026FTC465112 · IT/Software
BASF,BASF,https://gccindex.in/company/basf,2,4 Apr 2026,pipeline,Plans To,"BASF plans to establish a global Digital Hub in Hyderabad by Q1 2026, which will deliver standardized digital services to its businesses worldwide. The hub will be part of BASF’s Global Digital Services network and will operate under a new legal entity, BASF Digital Solutions Private Limited. Hiring is set to begin immediately."
BASF,BASF,https://gccindex.in/company/basf,3,27 May 2026,pipeline,MoU signed,"BASF has signed a letter of intent to establish a global service and digital hub in Hyderabad, formalising its plans to expand operations in the state."
BASF,BASF,https://gccindex.in/company/basf,4,3 Jun 2026,news,Expansion — Hyderabad,"BASF establishes a Global Service Hub and a Global Digital Hub in Hyderabad, operating under its Global Business Services organisation, with operations set to begin in Q2 2026."
BAT,BAT,https://gccindex.in/company/bat,1,21 Apr 2026,mca,Subsidiary incorporated,CIN U62099KA2026FTC219579 · IT/Software
BAT,BAT,https://gccindex.in/company/bat,2,12 Aug 2026,news,New GCC — Bengaluru,"British American Tobacco has opened its Future Capabilities Centre in Fraser Town, Bengaluru, acting as a global hub for the group's information, digital and technology capabilities across cyber, data, AI and digital platforms. The centre joins BAT's existing technology hubs in Malaysia and Mexico, and ITC Infotech has signed a multi-year agreement to scale its capabilities. Recruitment for highly skilled roles is under way."
Bayer,Bayer,https://gccindex.in/company/bayer,1,24 Oct 2025,news,New GCC — Bengaluru,"Bayer establishes a Radiology Research & Development Hub in Bengaluru to enhance software, AI, and connectivity capabilities for global diagnostic imaging solutions"
BDO,BDO,https://gccindex.in/company/bdo,1,18 Aug 2026,news,New GCC — Chennai,"BDO India and BDO UAE open a Centre of Excellence in Chennai to centralize audit, tax and advisory services for Indian and Gulf clients, enhancing delivery capabilities across the region."
Billtrust,Billtrust,https://gccindex.in/company/billtrust,1,24 Mar 2026,news,New GCC — Hyderabad,"Billtrust establishes a new Global Capability Centre in Hyderabad's HITEC City, focusing on AI-led systems and employee experience."
Bioforum,Bioforum,https://gccindex.in/company/bioforum,1,1 Jun 2026,mca,Subsidiary incorporated,CIN U63111KA2026FTC221782 · IT/Software
Bioforum,Bioforum,https://gccindex.in/company/bioforum,2,28 Aug 2026,news,New GCC — Bengaluru,"Bioforum establishes a Clinical Data Powerhouse in Bengaluru to centralize clinical trial data processing and analytics for its global research programs, enhancing data quality and speed for pharmaceutical partners."
Blackbaud,Blackbaud,https://gccindex.in/company/blackbaud,1,16 Jul 2024,mca,Subsidiary incorporated,CIN U62099TS2024FTC187579 · IT/Software
Blackbaud,Blackbaud,https://gccindex.in/company/blackbaud,2,17 Nov 2025,news,New GCC — Hyderabad,"Blackbaud establishes a new office in Hyderabad to expand its global footprint, focusing on AI integration, cloud-native development, and data modernization, with plans to hire professionals who are curious, skilled, and purpose-driven."
Blackbaud,Blackbaud,https://gccindex.in/company/blackbaud,3,10 Aug 2026,pipeline,Intent announced,"Blackbaud plans a second Hyderabad office in the Financial District, growing its India team from about 700 to 1,000 over the next year. The centre focuses on AI features, cloud-native development and data modernisation across its fundraising, financial management, CSR and education software. Follows its first Hyderabad centre, opened in November 2025."
Blackbaud,Blackbaud,https://gccindex.in/company/blackbaud,4,26 Aug 2026,news,Expansion — Hyderabad,"Blackbaud opens a second 45,000‑sq ft office in Hyderabad’s Financial District, adding to its HITEC City site, to support customer operations, technology and business functions for its global social‑impact software platform"
Blupace,Blupace,https://gccindex.in/company/blupace,1,20 Jun 2026,news,New GCC — Hyderabad,Blupace establishes a Global Capability Centre in Hyderabad to support its technology operations.
BMS,BMS,https://gccindex.in/company/bms,1,23 Jun 2026,news,New GCC — Mumbai,BMS establishes a global capability centre in Mumbai to expand access to specialised talent and AI expertise in India while enhancing collaboration across global operations.
BMS,BMS,https://gccindex.in/company/bms,2,24 Jun 2026,people,Managing Director,Nipun Mapara
Boston Consulting Group,Boston Consulting Group,https://gccindex.in/company/boston-consulting,1,29 Sep 2025,news,Expansion — Hyderabad,"Boston Consulting Group establishes a new office in Hyderabad, expanding its regional footprint and deepening client engagement across industries"
Boston Scientific,Boston Scientific,https://gccindex.in/company/boston-scientific,1,14 May 2026,news,New GCC — Pune,"Boston Scientific establishes a Global Capability Centre in Pune, leasing over 130,000 square feet of office space to support engineering and technology functions."
bp,bp,https://gccindex.in/company/bp,1,12 May 2026,news,Expansion — Pune,"bp expands its Pune footprint with a new facility; the centre supports global operations with digital innovation, advanced analytics and engineering services, currently employing over 2,000 professionals."
C&R Software,C&R Software,https://gccindex.in/company/cr-software,1,17 Jun 2025,news,New GCC — Nagpur,"C&R Software establishes its second Global Capability Centre in Nagpur, serving as a hub for product engineering, professional services, and research & development to support its global operations"
Calderys,Calderys,https://gccindex.in/company/calderys,1,20 May 2026,news,New GCC — Pune,"Calderys establishes a GCC in Pune to centralize digital technologies, engineering, finance, procurement and HR services, supporting its global refractory solutions business and enabling data‑driven decision‑making for industrial customers."
Care ADHD,Care ADHD,https://gccindex.in/company/care-adhd,1,23 Dec 2025,news,New GCC — Bengaluru,"Care ADHD establishes its first Global Capability Centre in Bengaluru, India, to drive technology-led growth and support global digital healthcare operations."
Care ADHD,Care ADHD,https://gccindex.in/company/care-adhd,2,29 Jul 2026,news,Expansion — Bengaluru,"Care ADHD opens a new GCC office in Bengaluru, establishing a hub for technology development and international operations to enhance global ADHD and mental health service delivery."
Cargill,Cargill,https://gccindex.in/company/cargill,1,27 Mar 2025,news,Expansion — Bengaluru,"Cargill establishes two new Global Capability Centers in Bengaluru and Gurugram, adding 500 new jobs to its India operations."
Carlsberg Group,Carlsberg Group,https://gccindex.in/company/carlsberg,1,3 Sep 2025,news,New GCC — Gurugram,"Carlsberg Group establishes its first IT Global Capability Centre in Gurugram, India, to drive digital innovation and provide a scalable foundation for future growth."
Catalyst Brands,Catalyst Brands,https://gccindex.in/company/catalyst-brands,1,22 May 2026,news,Expansion — Bengaluru,"Catalyst Brands expands Bengaluru GCC, adding 350 jobs, to centralize customer care and AI-led initiatives"
Celonis,Celonis,https://gccindex.in/company/celonis,1,10 Apr 2025,news,New GCC — Bengaluru,"Celonis establishes Celonis Garage, a cutting-edge innovation hub at its Bengaluru office, to bridge the gap between enterprises, academia, and disruptive innovators through process intelligence technology and AI automation"
Centrica,Centrica,https://gccindex.in/company/centrica,1,13 Aug 2026,news,New GCC — Hyderabad,"Centrica, the UK energy services group, inaugurated a Global Value Center (GVC) in Hyderabad in partnership with Cloudangles, which builds and operates GVCs under a build-operate-transfer model."
Charles Schwab,Charles Schwab,https://gccindex.in/company/charles-schwab,1,4 Sep 2025,mca,Subsidiary incorporated,CIN U62099TS2025FTC203475 · IT/Software
Charles Schwab,Charles Schwab,https://gccindex.in/company/charles-schwab,2,11 Mar 2026,people,Managing Director and Country Head of Charles Schwab India,Pradeep Menon
Charles Schwab,Charles Schwab,https://gccindex.in/company/charles-schwab,3,11 Mar 2026,pipeline,Intent announced,"Charles Schwab leased 340,000 sq ft of office space in Hyderabad and set out plans for a 2,000-employee capability centre supporting technology delivery for its US business."
Charles Schwab,Charles Schwab,https://gccindex.in/company/charles-schwab,4,19 Aug 2026,news,New GCC — Hyderabad,"Charles Schwab opens a 345,000 sq ft technology capability centre in Hyderabad, aiming to employ about 2,000 staff by 2027 to design, develop and deliver technology solutions for its US business and clients."
Chevron,Chevron,https://gccindex.in/company/chevron,1,19 Jul 2024,mca,Subsidiary incorporated,CIN U74909KA2024FTC190992 · IT/Software
Chevron,Chevron,https://gccindex.in/company/chevron,2,9 Oct 2025,news,New GCC — Bengaluru,"Chevron establishes a GCC in Bengaluru, scaling to over 1,000 employees."
CIBC,CIBC,https://gccindex.in/company/cibc,1,28 Nov 2025,mca,Subsidiary incorporated,CIN U62099TS2025FTC206832 · IT/Software
CIBC,CIBC,https://gccindex.in/company/cibc,2,2 Jun 2026,news,New GCC — Hyderabad,"Canadian Imperial Bank of Commerce establishes a Global Capability Centre in Hyderabad, expected to commence operations in July and create more than 2,000 skilled jobs across banking technology, analytics, and related domains."
CIBC,CIBC,https://gccindex.in/company/cibc,3,28 Jul 2026,people,CEO and President,Mohit Dhingra
CIBC,CIBC,https://gccindex.in/company/cibc,4,17 Aug 2026,pipeline,Market Signal,"Canadian Imperial Bank of Commerce leased around 121,000 sq ft on the fourth and sixth floors of Tower 1 at Meenakshi Eco Park, Hyderabad, for its global capability centre — a five-year lease with total rental of Rs 180 crore at Rs 225 per sq ft per month."
Citizens Financial Group,Citizens Financial Group,https://gccindex.in/company/citizens-financial,1,20 May 2026,news,New GCC — Hyderabad,"Citizens Financial Group expands Hyderabad GCC for AI, cloud, and cybersecurity innovation"
Citizens Financial Group,Citizens Financial Group,https://gccindex.in/company/citizens-financial,2,23 Jul 2026,people,CFG India GCC Managing Director,Rajesh Mani
Citrin Cooperman,Citrin Cooperman,https://gccindex.in/company/citrin-cooperman,1,14 May 2026,news,New GCC — Hyderabad,"Citrin Cooperman establishes a new office in Hyderabad to strengthen its global delivery and innovation capabilities, doubling down on its focus to build future-ready capabilities."
Codec,Codec,https://gccindex.in/company/codec,1,13 Feb 2026,mca,Subsidiary incorporated,CIN U62099KA2026FTC215998 · IT/Software
Codec,Codec,https://gccindex.in/company/codec,2,17 Mar 2026,news,New GCC — Bengaluru,Codec establishes Global Capability Centres in Bengaluru and Hyderabad to support international growth and leverage India's technology talent pool.
Codec,Codec,https://gccindex.in/company/codec,3,17 Mar 2026,pipeline,Intent announced,"Codec has announced a strategic partnership with Trigent to establish Global Capability Centres in Bengaluru and Hyderabad, which will serve as the company's primary technology delivery hubs in India, supporting its next phase of international growth and expanding its global delivery and innovation capabilities."
Cognite,Cognite,https://gccindex.in/company/cognite,1,5 Mar 2024,mca,Subsidiary incorporated,CIN U62099KA2024FTC185777 · IT/Software
Cognite,Cognite,https://gccindex.in/company/cognite,2,4 Mar 2025,news,New GCC — Bengaluru,"Cognite establishes a new Global Capability Centre in Bengaluru to become the R&D hub for scaling its AI framework, Atlas AI, and to attract top-tier AI and ML talent."
Cognyte,Cognyte,https://gccindex.in/company/cognyte,1,8 Jun 2026,news,Expansion — Pune,Cognyte expands its Pune R&D facility to strengthen AI-led capabilities amid growing global demand for its security and intelligence technologies.
Cohere Health,Cohere Health,https://gccindex.in/company/cohere-health,1,27 Feb 2026,news,New GCC — Hyderabad,"Cohere Health establishes a Global Capability Centre in Hyderabad, India, to accelerate product innovation and scale clinically trained AI, with plans to expand through strategic hiring."
Collabera,Collabera,https://gccindex.in/company/collabera,1,12 Jan 2026,people,Director – GCC Operations,Vishnu BG
Collabera,Collabera,https://gccindex.in/company/collabera,2,2 Feb 2026,news,New GCC — Vadodara,"Collabera establishes its first Global Capability Centre (GCC) in a Tier 2 city, Vadodara, to support organizations in building, growing, scaling, and transforming, combining delivery excellence, governance, and talent into a single operating model."
Collabera,Collabera,https://gccindex.in/company/collabera,3,4 Apr 2026,pipeline,MoU signed,"Collabera and BridgePath Innovations have signed a Memorandum of Understanding to support enterprises in designing, building, and scaling GCCs, integrating strategy, talent, and operating models. The partnership combines BridgePath Innovations’ expertise in GCC strategy with Collabera’s capabilities in global talent acquisition and scalable staffing execution."
Collabera,Collabera,https://gccindex.in/company/collabera,4,4 Apr 2026,pipeline,MoU signed,"Collabera has signed a Memorandum of Understanding (MoU) with Guidance Tamil Nadu to strengthen the Global Capability Center ecosystem in the state, aiming to support the next phase of GCC growth in India."
Columbia Group,Columbia Group,https://gccindex.in/company/columbia,1,17 Oct 2025,mca,Subsidiary incorporated,CIN U82990MH2025FTC459262 · BPO/Shared Services
Columbia Group,Columbia Group,https://gccindex.in/company/columbia,2,19 Aug 2026,news,New GCC — Mumbai,"Columbia Group, the global ship-management major, opened its first India Global Capability Centre at Mindspace Business Park, Navi Mumbai — a 20,000 sq ft facility with space for a 220-member workforce, serving as an operational and digital hub for its worldwide activities."
Consilio,Consilio,https://gccindex.in/company/consilio,1,19 Sep 2025,news,New GCC — Bengaluru,"Consilio establishes a new Global Capability Centre and Innovation Centre in Bengaluru, expanding its India footprint and positioning itself at the forefront of AI-driven legal technology innovation."
Consilio,Consilio,https://gccindex.in/company/consilio,2,25 Jun 2026,news,Expansion — Gurugram,"Consilio establishes a new office in Gurgaon, India, to support its rapidly expanding workforce and strengthen global delivery operations."
Costco Wholesale,Costco Wholesale,https://gccindex.in/company/costco-wholesale,1,26 Jun 2025,mca,Subsidiary incorporated,CIN U62099TS2025FTC200374 · IT/Software
Costco Wholesale,Costco Wholesale,https://gccindex.in/company/costco-wholesale,2,6 Oct 2025,people,CEO,Rajeev Mall
Costco Wholesale,Costco Wholesale,https://gccindex.in/company/costco-wholesale,3,12 Feb 2026,news,New GCC — Hyderabad,"Costco Wholesale establishes a Global Capability Centre in Hyderabad, initially employing 1,000 professionals, to support global operations and contribute to the company's business functions."
Costco Wholesale,Costco Wholesale,https://gccindex.in/company/costco-wholesale,4,4 Apr 2026,pipeline,Plans To,"Costco Wholesale Corp. plans to establish its first Global Capability Centre in Hyderabad, India, starting with around 1,000 employees. The technology and research-focused hub is expected to scale further, supporting functions like finance, analytics, R&D, and IT."
Coupang,Coupang,https://gccindex.in/company/coupang,1,20 Aug 2025,news,Expansion — Hyderabad,"Coupang expands its India Development Center with a new office in Hyderabad, positioning it as a key hub for global technology innovation and deep tech development."
Covasant Technologies,Covasant Technologies,https://gccindex.in/company/covasant,1,30 Jul 2025,pipeline,Intent announced,"Covasant has announced the launch of Enablr to set up 150 AI-led Global Capability Centers in India. The initiative aims to leverage AI capabilities, but specific details such as city, investment amount, and timeline are not provided."
Covasant Technologies,Covasant Technologies,https://gccindex.in/company/covasant,2,2 Dec 2025,news,New GCC — Hyderabad,"Covasant Technologies establishes its AI Innovation Centre in Hyderabad, part of India's growing GCC ecosystem, to support global operations in AI, cybersecurity, and enterprise automation."
CrashPlan,CrashPlan,https://gccindex.in/company/crashplan,1,13 Oct 2025,news,Expansion — Bengaluru,"CrashPlan expands its Global Capability Center in Bengaluru to support global clients and critical functions, planning to double its workforce as it enters its next phase of growth."
Crowe,Crowe,https://gccindex.in/company/crowe,1,21 Aug 2026,news,Expansion — Noida,"Crowe Capability Center opens a new office in Noida to provide additional workspace for its expanding India teams, enhancing collaboration and supporting the centre’s operations."
CtrlS Datacenters,CtrlS Datacenters,https://gccindex.in/company/ctrls-datacenters,1,29 Apr 2025,news,New GCC — Bhopal,"CtrlS Datacenters establishes a new data centre in Badwai IT Park, generating around 200 jobs and strengthening the region's digital ecosystem"
Curriculum Associates,Curriculum Associates,https://gccindex.in/company/curriculum-associates,1,21 Mar 2024,mca,Subsidiary incorporated,CIN U85500KA2024FTC186526
Curriculum Associates,Curriculum Associates,https://gccindex.in/company/curriculum-associates,2,9 Dec 2025,news,Expansion — Bengaluru,Curriculum Associates establishes a GCC in Bengaluru to expand its edtech presence.
Cyderes,Cyderes,https://gccindex.in/company/cyderes,1,5 Mar 2026,news,New GCC — Bengaluru,"Cyderes establishes a new office in Bengaluru, expanding its global security operations and delivering advanced cybersecurity services to global clients"
Dai-ichi Life Group,Dai-ichi Life Group,https://gccindex.in/company/daiichi-life,1,11 Jun 2025,news,New GCC — Hyderabad,"Dai-ichi Life Group establishes its first Global Capability Centre outside Japan in Hyderabad, India, to serve as a central hub for advanced software development and infrastructure modernization."
Daikin,Daikin,https://gccindex.in/company/daikin,1,24 Jul 2025,news,New GCC — Gurugram,"Daikin establishes a Global Capability Centre in Gurgaon to drive digital transformation and global business support, employing 700 skilled professionals."
Daikin,Daikin,https://gccindex.in/company/daikin,2,9 Jan 2026,mca,Subsidiary incorporated,CIN U46691DL2026FTC461416
DAMAC Group,DAMAC Group,https://gccindex.in/company/damac,1,2 Apr 2026,mca,Subsidiary incorporated,CIN U70200MH2026FTC470076 · BPO/Shared Services
DAMAC Group,DAMAC Group,https://gccindex.in/company/damac,2,4 Apr 2026,news,New GCC — Noida,"DAMAC Group launches DAMAC Shared Services India (DSSI), its Global Capability Centre, with the Noida hub targeting 250+ roles by 2026 across finance, HR, digital, marketing, sales, commercial, projects and global operations."
DAMAC Group,DAMAC Group,https://gccindex.in/company/damac,3,4 Apr 2026,news,Expansion — Pune,"DAMAC Shared Services India (DSSI) opens its second hub in Pune, targeting 100+ roles by 2026 as part of DAMAC Group's dual-city GCC launch."
Dark Matter,Dark Matter,https://gccindex.in/company/dark-matter,1,3 Feb 2025,news,New GCC — Hyderabad,"Dark Matter establishes a Global Capability Centre in Hyderabad to support global operations, drive innovation, and leverage the city's strengths to drive global success."
Datadog,Datadog,https://gccindex.in/company/datadog,1,24 Mar 2026,news,Expansion — Bengaluru,"Datadog expands its India footprint with a new Bengaluru office at Embassy Golf Links Business Park, building on an APAC-hub role for its India operations."
DAZN,DAZN,https://gccindex.in/company/dazn,1,21 Jul 2025,news,New GCC — Hyderabad,"DAZN establishes its first sports technology Global Capability Centre in Hyderabad, planning to employ 3,000 professionals by 2026, with an investment of ₹500 crores over three years."
DeepIntent,DeepIntent,https://gccindex.in/company/deepintent,1,25 Jun 2026,news,New GCC — Pune,DeepIntent establishes a new technology hub in Pune to develop data-driven marketing solutions for healthcare brands and support its international growth strategy.
Deepwatch,Deepwatch,https://gccindex.in/company/deepwatch,1,20 Nov 2025,news,New GCC — Bengaluru,"Deepwatch establishes a new Global Capability Centre in Bengaluru to advance AI, engineering, and innovation for its Managed Detection and Response capabilities, hiring 100 professionals within the next year."
Deloitte,Deloitte,https://gccindex.in/company/deloitte,1,8 Aug 2025,pipeline,MoU signed,Deloitte India and Embark have announced a strategic alliance to power the next wave of GCC growth. The partnership aims to support the growth of Global Capability Centres in India.
Deloitte,Deloitte,https://gccindex.in/company/deloitte,2,20 Jan 2026,news,New GCC — Mangaluru,"Deloitte establishes a major expansion in India, hiring 50,000 professionals, driven by skilled talent and real estate in Mangaluru, a Tier II city"
Deloitte,Deloitte,https://gccindex.in/company/deloitte,3,4 Apr 2026,pipeline,In talks,"Deloitte is evaluating Mangaluru as a potential future expansion location in India, where it plans to hire 50,000 employees, adding to its existing workforce of around 140,000. India currently accounts for nearly one-fourth of Deloitte’s global workforce."
Deloitte,Deloitte,https://gccindex.in/company/deloitte,4,23 Jul 2026,people,South Asia CEO,Romal Shetty
DESRI,DESRI,https://gccindex.in/company/desri,1,15 Sep 2025,news,New GCC — Hyderabad,"Renewable energy leader DESRI establishes a new Global Capability Centre in Hyderabad, reinforcing the city's position as a strategic hub for global operations."
Deutsche Börse,Deutsche Börse,https://gccindex.in/company/deutsche-borse,1,30 Apr 2025,mca,Subsidiary incorporated,CIN U62090TS2025FTC197886 · IT/Software
Deutsche Börse,Deutsche Börse,https://gccindex.in/company/deutsche-borse,2,5 Nov 2025,news,New GCC — Hyderabad,"Deutsche Börse establishes its Global Capability Centre in Hyderabad, creating 1,000 job opportunities in the IT sector over two years, underscoring the city's appeal as a hub for high-value digital and financial services operations."
Dexian India,Dexian India,https://gccindex.in/company/dexian-india,1,6 Feb 2026,news,New GCC — Chennai,"Dexian India establishes a new state-of-the-art office facility in Chennai, serving as a strategic hub for its expanding Global Capability Centre operations, with a focus on high-value work across digital engineering, data and analytics, and AI-led solutions."
DigiKey,DigiKey,https://gccindex.in/company/digikey,1,26 Dec 2025,news,New GCC — Bengaluru,DigiKey establishes a Global Capability Center in Bengaluru to drive innovation and enhance customer experience in India and globally.
Digital Divide Data,Digital Divide Data,https://gccindex.in/company/digital-divide-data,1,25 May 2026,mca,Subsidiary incorporated,CIN U62013DL2026FTC466952 · IT/Software
Digital Divide Data,Digital Divide Data,https://gccindex.in/company/digital-divide-data,2,18 Sep 2026,news,New GCC — Dehradun,"Digital Divide Data opened an AI and robotics data services centre in Dehradun covering egocentric data collection, multimodal annotation, data curation, model evaluation and fine-tuning. The US firm onboarded 150 staff after going live on 1 August 2026 and expects to reach 800-1,000."
DSP,DSP,https://gccindex.in/company/dsp,1,8 Jun 2026,news,New GCC — Bengaluru,"DSP establishes its first overseas Global Capability Centre in Bengaluru, partnering with GoodWorks Group to expand consulting, delivery, and technology capabilities across the Oracle landscape."
Eaton,Eaton,https://gccindex.in/company/eaton,1,14 Oct 2025,news,New GCC — Pune,Eaton establishes a Global Supply Chain Center of Excellence and integrated manufacturing facility in Pune to drive operational excellence and digital transformation for its global supply chain.
eBay,eBay,https://gccindex.in/company/ebay,1,11 May 2025,mca,Subsidiary incorporated,CIN U62020KA2025FTC202721 · IT/Software
eBay,eBay,https://gccindex.in/company/ebay,2,21 Aug 2025,news,New GCC — Bengaluru,"eBay establishes a Global Capability Centre in Bengaluru, hosting key functions and employing over 300 engineers to serve as a strategic innovation hub."
eBay,eBay,https://gccindex.in/company/ebay,3,19 Sep 2025,pipeline,Market Signal,"eBay took 67,000 sq ft for an AI-focused innovation hub in Bengaluru via flex operator Awfis (landlord/operator: Awfis)."
ebm-papst,ebm-papst,https://gccindex.in/company/ebmpapst,1,7 Apr 2025,news,Expansion — Chennai,"ebm-papst establishes a new manufacturing facility in Chennai, enhancing its manufacturing capacity and providing local solutions to customers in the APAC and MEA regions"
Edwards Lifesciences,Edwards Lifesciences,https://gccindex.in/company/edwards-lifesciences,1,28 Jun 2026,mca,Subsidiary incorporated,CIN U62099PN2026FTC257143 · IT/Software
Edwards Lifesciences,Edwards Lifesciences,https://gccindex.in/company/edwards-lifesciences,2,29 Jul 2026,news,New GCC — Pune,"Edwards Lifesciences opens a technology hub in Pune, supporting global cloud engineering, enterprise software development, architecture and digital health frameworks, enhancing its worldwide engineering and digital capabilities."
"Eisai Co., Ltd.","Eisai Co., Ltd.",https://gccindex.in/company/eisai-co,1,24 Mar 2026,news,New GCC — Visakhapatnam,"Eisai establishes its Global Capability Centre (EGCC) in Visakhapatnam, serving as its global information technology hub, supporting IT services and contributing to the local ecosystem."
EisnerAmper,EisnerAmper,https://gccindex.in/company/eisneramper,1,31 Mar 2026,news,Expansion — Mumbai,"EisnerAmper expands its Mumbai office to 75,000 sq. ft., transforming its Global Capability Center into a technology-driven hub for complex, data-driven global operations."
Eli Lilly and Company (India),Eli Lilly and Company (India),https://gccindex.in/company/eli-lilly-and-company-india,1,5 Aug 2025,news,New GCC — Hyderabad,"Eli Lilly and Company establishes a state-of-the-art Technology and Innovation Center in Hyderabad, aiming to expand its workforce to 1,500 employees by 2026–27."
Emerson,Emerson,https://gccindex.in/company/emerson,1,22 Sep 2026,news,Expansion — Bengaluru,"Emerson expanded its Bengaluru R&D hub by 50 per cent, strengthening capabilities in AI-driven engineering, test software and validation technologies. The expansion was disclosed without headcount or floor-area figures."
Entain,Entain,https://gccindex.in/company/entain,1,30 Jun 2025,news,New GCC — Hyderabad,"Entain establishes a state-of-the-art digital innovation campus in Hyderabad, reinforcing India's position as a core Global Capability Center for Entain's global technology delivery."
Ericsson,Ericsson,https://gccindex.in/company/ericsson,1,27 Jun 2025,news,Expansion — Bengaluru,"Ericsson establishes a dedicated Application-Specific Integrated Circuit (ASIC) development unit in Bengaluru, expanding its R&D presence in India and creating over 150 new positions to strengthen the semiconductor ecosystem in the country."
Evergent Technologies,Evergent Technologies,https://gccindex.in/company/evergent,1,5 Jun 2025,news,New GCC — Hyderabad,"Evergent Technologies establishes a new Global Value Centre in Hyderabad, planning to scale its workforce to 1,000 employees by 2025, focusing on product development, AI innovation, and global platform enhancements."
Facebook India Online Services Pvt Ltd,Facebook India Online Services Pvt Ltd,https://gccindex.in/company/facebook-india-online,1,12 Jan 2026,news,Expansion — Hyderabad,"Facebook India establishes a large Global Capability Centre in Hyderabad, reinforcing the city's prominence as a technology hub and GCC destination."
Fastly,Fastly,https://gccindex.in/company/fastly,1,14 May 2026,news,New GCC — Pune,"Fastly establishes a new office in Pune to support long-term growth plans across cloud infrastructure, cybersecurity, and digital performance solutions."
Ferguson,Ferguson,https://gccindex.in/company/ferguson,1,17 Feb 2025,mca,Subsidiary incorporated,CIN U63111UP2025FTC216813 · Analytics
Ferguson,Ferguson,https://gccindex.in/company/ferguson,2,20 Jun 2025,news,New GCC — Bengaluru,"Ferguson establishes a Global Capability Center in Bengaluru, India, to drive technology innovation and support evolving customer needs in the North American construction market."
Festo,Festo,https://gccindex.in/company/festo,1,23 Feb 2026,news,New GCC — Bengaluru,"Festo establishes a new Global Capability Centre in Bengaluru, a 71,000 sq. ft. facility designed to house up to 600 professionals, supporting global engineering and innovation mandates"
Fidelity Investments,Fidelity Investments,https://gccindex.in/company/fidelity-investments,1,8 Apr 2026,news,Expansion — Bengaluru,"Fidelity Investments India inaugurated its new 'Mahogany' office at Manyata Tech Park, Bengaluru — part of a workplace transformation across its Bengaluru and Chennai campuses adding collaborative, technology-enabled workspaces."
Findability Sciences,Findability Sciences,https://gccindex.in/company/findability-sciences,1,2 May 2025,news,Expansion — Mumbai,"Findability Sciences establishes a state-of-the-art Innovation & Delivery Centre in Mumbai to develop AI technologies for BFSI, manufacturing, and logistics sectors, creating an estimated 25% return on investment"
First Citizens Bank,First Citizens Bank,https://gccindex.in/company/first-citizens-bank,1,10 Jun 2025,news,New GCC — Bengaluru,First Citizens Bank establishes a new Global Capability Centre in Bengaluru to support core enterprise functions and leverage India’s talent pool for global operations
FIS,FIS,https://gccindex.in/company/fis,1,21 May 2026,news,Expansion — Bengaluru,"FIS establishes a global capability center in India to build secure AI solutions for the financial services sector, leveraging its existing presence in Bengaluru and Chennai."
FIS,FIS,https://gccindex.in/company/fis,2,21 May 2026,news,Expansion — Chennai,"FIS establishes a global capability center in India to build secure AI solutions for the financial services sector, leveraging its existing presence in Bengaluru and Chennai."
Fluidra,Fluidra,https://gccindex.in/company/fluidra,1,10 Jul 2026,news,New GCC — Pune,"Fluidra launches a GCC in Pune to develop cloud‑native platforms, IoT technologies, data analytics and software engineering, serving as a strategic technology hub for its global digital initiatives."
Flutter Entertainment,Flutter Entertainment,https://gccindex.in/company/flutter-entertainment,1,30 Apr 2025,news,Expansion — Hyderabad,"Flutter Entertainment establishes a technology and innovation powerhouse in Hyderabad, surpassing 1,000 employees and solidifying its global advantage"
Flutter Entertainment,Flutter Entertainment,https://gccindex.in/company/flutter-entertainment,2,20 Aug 2026,people,"General Manager, Hyderabad GCC",Seema Padman
Ford Business Solutions,Ford Business Solutions,https://gccindex.in/company/ford-business,1,3 Mar 2025,news,Expansion — Bengaluru,"Ford Business Solutions establishes a new office in Bengaluru, expanding its operations in India, with a seating capacity of 350 employees and a focus on high-tech, niche, and high-demand skills."
Ford Business Solutions,Ford Business Solutions,https://gccindex.in/company/ford-business,2,8 Jul 2026,news,Expansion — Coimbatore,"Ford Business Solutions opened a new 82,000 sq ft centre in Coimbatore’s SVB Tech Park, serving as a business continuity hub that handles global accounting, credit, treasury and other business operations."
Ford Business Solutions,Ford Business Solutions,https://gccindex.in/company/ford-business,3,31 Jul 2026,pipeline,Market Signal,"Ford Business Solutions, Ford Motor Company's global capability centre, opened an 82,000 sq ft facility in Coimbatore at SVB Tech Park. The centre, seating about 800 staff, will house accounting, credit, and business‑operations teams supporting Ford's global markets and serves as a business‑continuity hub. This represents a demand‑side office footprint expansion by a GCC in India."
Fortuna Entertainment Group,Fortuna Entertainment Group,https://gccindex.in/company/fortuna-entertainment,1,21 May 2026,news,New GCC — Hyderabad,Fortuna Entertainment Group establishes Hyderabad GCC for AI-driven automation
Fresenius Medical Care,Fresenius Medical Care,https://gccindex.in/company/fresenius-medical-care,1,7 Aug 2025,mca,Subsidiary incorporated,CIN U82110KA2025FTC206373 · BPO/Shared Services
Fresenius Medical Care,Fresenius Medical Care,https://gccindex.in/company/fresenius-medical-care,2,27 Jan 2026,news,New GCC — Bengaluru,"Fresenius Medical Care opened its Global Business Services office in Bengaluru, its newest GBS hub alongside Manila and Wroclaw. The centre supports essential business operations with a team of more than 100 employees and a ramp-up planned over the following months, and is designed to attract, nurture and develop talent across India. The inauguration brought together company leadership, colleagues and partners."
Fuel Cycle,Fuel Cycle,https://gccindex.in/company/fuel-cycle,1,23 Sep 2026,news,New GCC — Mumbai,"Fuel Cycle is establishing a GCC in Vashi, Navi Mumbai that will serve as a hub for engineering, AI and product development, initially employing 50 staff and supporting global product and data infrastructure."
Generac,Generac,https://gccindex.in/company/generac,1,11 Jun 2026,news,New GCC — Pune,"Generac established its first Global Capability Centre in India, the Generac Business & Technology Centre in Pune, supporting engineering, product development, IT, data analysis, reporting and transaction processing for its global operations. The centre was formally inaugurated on 11 August 2026 with senior leadership including COO Tim Hearden and EVP HR Rhonda Matschke."
Generac,Generac,https://gccindex.in/company/generac,2,16 Jun 2026,people,"Vice President – Global Business & Technology Centre, India",Shyam Sunder
GI Outsourcing,GI Outsourcing,https://gccindex.in/company/gi-outsourcing,1,4 Feb 2026,news,New GCC — Hyderabad,"GI Outsourcing establishes its Global Capability Centre in Hyderabad, initially employing 50 professionals, with plans to double headcount in 12 months and expand to 250 employees by 2028"
GlobalFoundries,GlobalFoundries,https://gccindex.in/company/globalfoundries,1,9 Jun 2025,news,New GCC — Kolkata,"GlobalFoundries establishes a design and testing centre in Kolkata's Salt Lake IT hub, focusing on semiconductor design and testing, with potential future plans for fabrication."
GlobalLogic,GlobalLogic,https://gccindex.in/company/globallogic,1,10 Oct 2025,news,Expansion — Chennai,"GlobalLogic expands its presence in southern India with a new facility in Chennai, aiming to reach 1,000 employees by 2025 and 20,000 in India, focusing on telecom and media solutions, AI, and cloud-native engineering."
Google,Google,https://gccindex.in/company/google,1,19 Jun 2025,news,New GCC — Hyderabad,"Google establishes its first Safety Engineering Centre in Hyderabad, a high-tech cybersecurity hub, expected to create thousands of new jobs, serving as a hub for advanced safety and security solutions."
Google,Google,https://gccindex.in/company/google,2,24 Feb 2026,news,Expansion — Bengaluru,"Google expands its office footprint at Alembic City in Whitefield, Bengaluru, securing rights over approximately 2.6 million square feet, underscoring its long-term commitment to the region."
Gradiant,Gradiant,https://gccindex.in/company/gradiant,1,26 Aug 2026,news,Expansion — Coimbatore,"Gradiant expands its Coimbatore global engineering centre, boosting staff from about 100 to over 200 engineers to deliver process, detailed design and project engineering for worldwide water and wastewater projects."
Graphcore,Graphcore,https://gccindex.in/company/graphcore,1,6 May 2026,news,New GCC — Bengaluru,"Graphcore inaugurated its AI Engineering Campus in Bengaluru, its first site in India, backed by a commitment of up to $1.3 billion over ten years. The campus covers silicon logic design, physical design, verification and bring-up, starting with 100 semiconductor engineers and targeting about 500 within two years."
Greif,Greif,https://gccindex.in/company/greif,1,12 Jun 2026,news,New GCC — Chennai,"Greif, the US industrial packaging group, opened its Global Capability Center in Chennai (12 June 2026), housing data and AI engineering, analytics, HR, learning & development and total-rewards functions to support its global operations."
Guidehouse,Guidehouse,https://gccindex.in/company/guidehouse,1,20 Aug 2026,news,Expansion — Hyderabad,"Guidehouse, the US professional services firm, opened its fourth India location in Hyderabad and plans to grow its India workforce from around 200 to 1,000 over the next 12 months, focused on managed services, technology, analytics and digital transformation for healthcare and financial services clients."
Guidewire,Guidewire,https://gccindex.in/company/guidewire,1,22 Sep 2025,news,Expansion — Bengaluru,"Guidewire establishes a new office at Prestige Tech Park in Bengaluru, expanding its presence in India to advance cloud-native solutions and attract top engineering talent."
Harvey AI,Harvey AI,https://gccindex.in/company/harvey-ai,1,9 Jul 2025,news,New GCC — Bengaluru,"Harvey opened an office in Bengaluru covering engineering, sales and operations. The engineering team builds the core product surfaces used by lawyers and legal professionals, with product backend engineers and engineering managers based in the city, and India accounts for roughly nine per cent of Harvey's global headcount. The office also supports Harvey's partnerships with Indian firms including Shardul Amarchand Mangaldas, S&A Law and PwC India."
Harvey AI,Harvey AI,https://gccindex.in/company/harvey-ai,2,8 Nov 2025,mca,Subsidiary incorporated,CIN U62011KA2025FTC210719 · IT/Software
HCA Healthcare,HCA Healthcare,https://gccindex.in/company/hca-healthcare,1,8 Dec 2023,mca,Subsidiary incorporated,CIN U62099TS2023FTC179791 · IT/Software
HCA Healthcare,HCA Healthcare,https://gccindex.in/company/hca-healthcare,2,24 Sep 2025,news,New GCC — Hyderabad,"HCA Healthcare establishes its first Global Capability Centre in Hyderabad, a 4 lakh sq. ft. facility with an initial investment of $75 million, aiming to employ 3,000 professionals by 2026"
HEINEKEN,HEINEKEN,https://gccindex.in/company/heineken,1,26 Jun 2025,mca,Subsidiary incorporated,CIN U82990TS2025FTC200339 · BPO/Shared Services
HEINEKEN,HEINEKEN,https://gccindex.in/company/heineken,2,6 Feb 2026,people,Head of Legal & Compliance,Pradeep Gupta
HEINEKEN,HEINEKEN,https://gccindex.in/company/heineken,3,4 Apr 2026,people,Head of India Global Capability Centre (GCC),Vineeth Suresh
HEINEKEN,HEINEKEN,https://gccindex.in/company/heineken,4,29 Apr 2026,news,New GCC — Hyderabad,"HEINEKEN establishes a new Asia-Pacific business services hub in Hyderabad, supporting operations across Asia-Pacific and select markets in Africa, the Middle East, and Eastern Europe."
Hexadex,Hexadex,https://gccindex.in/company/hexadex,1,4 May 2026,mca,Subsidiary incorporated,CIN U70200PN2026FTC255187 · IT/Software
Hexadex,Hexadex,https://gccindex.in/company/hexadex,2,14 Sep 2026,news,Expansion — Pune,"UK engineering group Hexadex launched a Pune GCC around its Teconnex India operation, bringing together finance and engineering teams that support Teconnex, Eminox and other group businesses, with wider group coverage planned by 2030."
Hitachi Energy,Hitachi Energy,https://gccindex.in/company/hitachi-energy,1,17 Jan 2025,mca,Subsidiary incorporated,CIN U82990DL2025FTC441264 · BPO/Shared Services
Hitachi Energy,Hitachi Energy,https://gccindex.in/company/hitachi-energy,2,22 Oct 2025,news,Expansion — Chennai,"Hitachi Energy Technology Services establishes an expanded Global Technology and Innovation Centre in Chennai, creating 3,000 high-value technology jobs and reinforcing its role as a strategic global hub for innovation and technology development."
HMH Tech India,HMH Tech India,https://gccindex.in/company/hmh-tech-india,1,18 Jun 2026,news,Expansion — Pune,"HMH expands its Pune GCC, relocating to a larger 24,000 sq ft facility in Shivaji Nagar to accommodate growing technology and engineering teams that support global K-12 curriculum, assessment and learning solutions."
Honeywell,Honeywell,https://gccindex.in/company/honeywell,1,24 Jul 2025,mca,Subsidiary incorporated,CIN U62020KA2025FTC205745 · IT/Software
Honeywell,Honeywell,https://gccindex.in/company/honeywell,2,13 Jan 2026,news,Expansion — Bengaluru,"Honeywell establishes a significant expansion of its Global Capability Center operations in Bengaluru, leasing nearly 400,000 square feet of office space at RMZ Ecoworld, with plans for additional expansion."
House of Shipping,House of Shipping,https://gccindex.in/company/house-of-shipping,1,2 Feb 2026,news,New GCC — Chennai,"House of Shipping establishes a Global Capability Centre in India to support Exol’s operations and platform development, with a capacity for 150 professionals in a 12,000+ square-foot facility."
HSBC,HSBC,https://gccindex.in/company/hsbc,1,3 Jul 2026,pipeline,Plans To,HSBC announced it will set up a new campus in Bengaluru at Prestige JRC Signature Towers.
HSBC,HSBC,https://gccindex.in/company/hsbc,2,21 Aug 2026,news,Expansion — Hyderabad,"HSBC’s Global Capability Network India opens a new workplace in Hyderabad’s Phoenix Avance H09, providing collaborative and flexible workspaces for its Hyderabad teams starting August 17."
Hyland,Hyland,https://gccindex.in/company/hyland,1,10 Jun 2025,news,Expansion — Hyderabad,"Hyland opened a new Hyderabad office in Hitech City — expanding its existing India presence (Kolkata) — as an APAC hub for its Content Innovation Cloud, hiring across software development, professional services, customer success and cloud/technical support."
Illumia,Illumia,https://gccindex.in/company/illumia,1,29 Apr 2026,news,New GCC — Chennai,"Illumia expands its India presence with a new office at the International Tech Park Chennai, supporting global technology and product development efforts."
Imagine Learning,Imagine Learning,https://gccindex.in/company/imagine-learning,1,6 Apr 2026,mca,Subsidiary incorporated,CIN U62013KA2026FTC218878 · IT/Software
Imagine Learning,Imagine Learning,https://gccindex.in/company/imagine-learning,2,24 Sep 2026,news,New GCC — Bengaluru,"Imagine Learning opens a Bengaluru centre to develop AI-driven educational products for its global market, establishing a dedicated hub for research, development, and product engineering."
Infineon Technologies,Infineon Technologies,https://gccindex.in/company/infineon,1,25 Mar 2025,news,New GCC — Ahmedabad,"Infineon Technologies establishes its second Global Capability Centre in Gujarat, creating 400 jobs and reinforcing the state's position as a leading semiconductor and technology hub."
Infineon Technologies,Infineon Technologies,https://gccindex.in/company/infineon,2,26 Aug 2026,pipeline,Market Signal,"Infineon Technologies has leased about 6.3 lakh sq ft across ground plus nine floors of Solarium City in Whitefield, Bengaluru, on a 10-year term with rent outgo estimated at Rs 752 crore. The chargeable area is 631,923 sq ft, rent escalates 15 per cent every three years, and the lease is dated December 2026. The landlord is Akruthi Infra-Build Developers. Infineon has run a Bengaluru site for years; its Gujarat capability centre opened in March 2025."
Innocean,Innocean,https://gccindex.in/company/innocean,1,7 May 2026,news,New GCC — Bengaluru,"Innocean establishes a new office in Bengaluru to expand its presence in India’s leading technology and innovation hub, leveraging the city’s strong ecosystem of technology companies and startups."
Insight Global,Insight Global,https://gccindex.in/company/insight,1,18 Feb 2025,news,New GCC — Hyderabad,"Insight Global establishes a new global delivery center in Hyderabad, India, to enhance workforce solutions and technical services, leveraging the city's thriving IT ecosystem and skilled workforce."
Intercontinental Exchange,Intercontinental Exchange,https://gccindex.in/company/intercontinental-exchange,1,23 Feb 2026,news,New GCC — Pune,"Intercontinental Exchange establishes a new Global Capability Centre in Magarpatta Cybercity, Pune, to expand its technology delivery capabilities in mortgage and financial market platforms."
InvoiceCloud,InvoiceCloud,https://gccindex.in/company/invoicecloud,1,26 Jun 2024,mca,Subsidiary incorporated,CIN U62099TS2024FTC186949 · IT/Software
InvoiceCloud,InvoiceCloud,https://gccindex.in/company/invoicecloud,2,27 Oct 2025,people,Senior Vice President and India Site Leader,Biju Davis
InvoiceCloud,InvoiceCloud,https://gccindex.in/company/invoicecloud,3,1 Apr 2026,news,New GCC — Hyderabad,"InvoiceCloud establishes an Innovation Hub in Hyderabad to reinforce global product innovation and technology capabilities from India, hiring 150 technology and product professionals by 2026."
InvoiceCloud,InvoiceCloud,https://gccindex.in/company/invoicecloud,4,30 Apr 2026,people,"VP of Engineering, India",Srinivas Aluri
IQ-EQ,IQ-EQ,https://gccindex.in/company/iq-eq,1,13 Jul 2026,news,Expansion — Hyderabad,"IQ-EQ expands its Hyderabad facility as part of its long-term India growth strategy, reinforcing the city's role as one of the investor-services group's key global delivery hubs."
isolved,isolved,https://gccindex.in/company/isolved,1,24 Feb 2026,mca,Subsidiary incorporated,CIN U62099TS2026FTC212049 · IT/Software
isolved,isolved,https://gccindex.in/company/isolved,2,19 May 2026,news,New GCC — Hyderabad,isolved establishes a new office in Hyderabad
Itineris,Itineris,https://gccindex.in/company/itineris,1,5 Dec 2025,mca,Subsidiary incorporated,CIN U62099TS2025FTC207141 · IT/Software
Itineris,Itineris,https://gccindex.in/company/itineris,2,28 Feb 2026,news,New GCC — Hyderabad,"Itineris establishes a new Hyderabad hub, set to scale up to 150 professionals over 18-24 months, to support its global operating model and deliver innovative software solutions for utilities worldwide."
JAGGAER,JAGGAER,https://gccindex.in/company/jaggaer,1,5 Sep 2025,news,New GCC — Hyderabad,"JAGGAER establishes its Global Capability Centre in Hyderabad, a strategic hub for developing its AI platform, with plans to scale up to 500 professionals"
JLL,JLL,https://gccindex.in/company/jll,1,10 Dec 2025,pipeline,Intent announced,"JLL announced a 120,000 sq ft capability centre for JLL Business Services in Hyderabad's Financial District (Prestige Sky Tech), its second India hub after Gurugram, projected to create over 1,600 jobs by Q1 2026."
JLL,JLL,https://gccindex.in/company/jll,2,6 Aug 2026,news,Expansion — Hyderabad,"JLL opens a 120,000 sq ft global capability centre in Hyderabad, housing JLL Business Services to deliver finance, HR, project management, lease administration, analytics and technology-enabled solutions for its worldwide operations."
Johnson & Johnson,Johnson & Johnson,https://gccindex.in/company/johnson-johnson,1,9 Oct 2025,news,New GCC — Hyderabad,"Johnson & Johnson establishes a Global Capability Center in Hyderabad, India, to support operations in technology, regulatory, and R&D functions, reinforcing the city’s reputation as a global hub for pharmaceutical innovation and healthcare R&D"
JP Morgan,JP Morgan,https://gccindex.in/company/jp-morgan,1,17 Dec 2025,news,New GCC — Mumbai,"JP Morgan establishes Asia’s largest Global Capability Centre in Powai, Mumbai, supporting a workforce of 30,000 employees across 2 million square feet, expected to be fully operational by 2029"
JP Morgan,JP Morgan,https://gccindex.in/company/jp-morgan,2,13 Jan 2026,pipeline,Market Signal,"JP Morgan leased flexi office space in Mumbai valued at 612 crore, reflecting strong multinational demand for quality office space."
JP Morgan,JP Morgan,https://gccindex.in/company/jp-morgan,3,6 Feb 2026,mca,Subsidiary incorporated,CIN F07017
JP Morgan,JP Morgan,https://gccindex.in/company/jp-morgan,4,4 Apr 2026,pipeline,Plans To,"JP Morgan plans to set up Asia's largest Global Capability Centre in Mumbai, with a proposed built-up area of around 2 million sq ft, to accommodate nearly 30,000 employees, supporting various functions, and expected to be completed by 2029."
JPMorgan Chase,JPMorgan Chase,https://gccindex.in/company/jpmorgan-chase,1,4 Dec 2025,news,Expansion — Hyderabad,"JPMorgan Chase establishes a significant Global Capability Center in Hyderabad, leasing a 176,000 sq. ft. office facility to support its global operations."
Julius Baer,Julius Baer,https://gccindex.in/company/julius-baer,1,20 Mar 2025,mca,Subsidiary incorporated,CIN U70200MH2025FTC443293 · BPO/Shared Services
Julius Baer,Julius Baer,https://gccindex.in/company/julius-baer,2,5 May 2026,people,Interim India Head,Kunal Sumaya
Julius Baer,Julius Baer,https://gccindex.in/company/julius-baer,3,12 Aug 2026,pipeline,Market Signal,"Julius Baer leased 74,037 sq ft of office space in Andheri East, Mumbai on a 60-month lease for its India global capability centre operations, with total rental of Rs 102.6 crore and 5% annual escalation. The lease supports the Swiss private bank's five-year plan to double its India headcount and triple assets under management."
Julius Baer,Julius Baer,https://gccindex.in/company/julius-baer,4,18 Aug 2026,news,New GCC — Mumbai,"Julius Baer leases a 74,037‑sq‑ft office in Mumbai to establish a Global Capability Centre focused on wealth‑management support and back‑office services for its Indian and APAC clients."
KLA Corp,KLA Corp,https://gccindex.in/company/kla,1,13 Nov 2025,mca,Subsidiary incorporated,CIN U33130TN2025FTC186129
KLA Corp,KLA Corp,https://gccindex.in/company/kla,2,8 Jan 2026,news,New GCC — Chennai,"KLA Corp establishes a ₹300 crore R&D and Innovation Hub in Chennai to nurture local talent, advance R&D collaboration, and support India's semiconductor ecosystem."
Kraft Heinz,Kraft Heinz,https://gccindex.in/company/kraft-heinz,1,1 Jun 2026,news,Expansion — Bengaluru,"The Kraft Heinz Company establishes a new satellite office in Bengaluru, India, to support select global functions and leverage the city's specialized talent pool and innovation ecosystem, complementing its existing Global Capability Center in Ahmedabad."
Kraft Heinz,Kraft Heinz,https://gccindex.in/company/kraft-heinz,2,8 Jun 2026,people,"Lead, People & Performance Function",Priya Tikhe
L'Oréal,L'Oréal,https://gccindex.in/company/loreal,1,9 Jun 2025,pipeline,Plans To,"L’Oréal plans to double its business in India as part of its strategic growth plans. The company's CEO highlighted the importance of this expansion, although specific details such as city, investment amount, and timeline were not provided."
L'Oréal,L'Oréal,https://gccindex.in/company/loreal,2,17 Nov 2025,people,Country Manager,Jacques Lebel
L'Oréal,L'Oréal,https://gccindex.in/company/loreal,3,21 Jan 2026,news,New GCC — Hyderabad,"L’Oréal establishes the world’s first beauty-tech Global Capability Centre in Hyderabad, serving as a global hub for innovation, technology, data, and supply chain operations."
Ladera Technology,Ladera Technology,https://gccindex.in/company/ladera,1,25 Mar 2025,news,Expansion — Bengaluru,"Ladera Technology establishes a new office in Bengaluru to expand its expertise in digital transformation technologies, including SAP, Data & AI, Cloud Solutions, and Cybersecurity, aiming to scale its workforce to 1,000 professionals in the coming years."
Leidos,Leidos,https://gccindex.in/company/leidos,1,25 Aug 2026,news,Expansion — Pune,"Leidos opened a new office in Pune, strengthening its India footprint for engineering, technology and specialised work supporting global operations. The opening was marked by a visit from Senior Vice President Bill Johnson and HR Director Jessica Bryden, who set out the company's intent to scale engineering, defence and space technology capabilities from Pune."
Lennox,Lennox,https://gccindex.in/company/lennox,1,12 Feb 2025,news,Expansion — Chennai,"Lennox establishes a $6 million expanded Global Capability Centre in Chennai, increasing the facility's size to 150,000 square feet and workforce to 1,500 employees."
Lexitas,Lexitas,https://gccindex.in/company/lexitas,1,9 Jul 2024,mca,Subsidiary incorporated,CIN U62099TN2024FTC171755 · IT/Software
Lexitas,Lexitas,https://gccindex.in/company/lexitas,2,7 Sep 2026,news,Expansion — Chennai,"Lexitas opened a new Chennai facility housing its India GCC, AI Innovation Hub and Strategic Operations Center. The Houston litigation support firm runs R&D, data operations, finance, IT, HR and recruiting from India, where it has operated since July 2024."
LG Corporation,LG Corporation,https://gccindex.in/company/lg-corporation,1,6 Nov 2025,news,New GCC — Noida,"LG Corporation establishes a cutting-edge Global Capability Centre in Noida, expected to generate over 500 direct employment opportunities and drive next-generation innovation across product categories."
Liebherr,Liebherr,https://gccindex.in/company/liebherr,1,10 Jul 2026,news,Expansion — Pune,"Liebherr inaugurates a new corporate office in Pune, establishing a GCC that centralizes engineering design, digital infrastructure, sourcing, finance and order management to serve its global operations."
Linde-Wiemann,Linde-Wiemann,https://gccindex.in/company/lindewiemann,1,8 Jul 2026,news,New GCC — Gurugram,"Linde-Wiemann launches a technology-focused GCC in Gurugram, centralizing enterprise resource planning, technology, business intelligence, finance, sales and supply chain operations for its global automotive supplier business."
Litmos,Litmos,https://gccindex.in/company/litmos,1,31 Aug 2026,news,New GCC — Pune,"Litmos establishes a technology centre in Pune, expanding its global engineering capabilities and supporting its developer programme by leveraging local engineering talent for collaborative development and knowledge‑sharing."
LiveRamp,LiveRamp,https://gccindex.in/company/liveramp,1,6 Jul 2026,news,New GCC — Hyderabad,"LiveRamp launches its Hyderabad centre as a hub for AI, data science, product innovation, engineering and customer success, supporting regional and global operations."
Lonza Group,Lonza Group,https://gccindex.in/company/lonza,1,2 Sep 2025,mca,Subsidiary incorporated,CIN U62099TS2025FTC203333 · IT/Software
Lonza Group,Lonza Group,https://gccindex.in/company/lonza,2,6 Mar 2026,news,New GCC — Hyderabad,"Lonza Group AG establishes a new Global Capability Centre in Hyderabad, strengthening the city’s position as a global hub for life sciences and biopharmaceutical innovation."
Lowe's,Lowe's,https://gccindex.in/company/lowes,1,15 Feb 2025,mca,Subsidiary incorporated,CIN U62099KA2025FTC198037 · IT/Software
Lowe's,Lowe's,https://gccindex.in/company/lowes,2,17 Apr 2025,news,New GCC — Bengaluru,"Operates AI foundry and omnichannel platforms; runs engineering, data analytics, merchandising and supply-chain innovation for global operations"
LPL Financial,LPL Financial,https://gccindex.in/company/lpl-financial,1,5 Feb 2026,people,Executive Vice President and Head of Country,Ramesh Kaza
LPL Financial,LPL Financial,https://gccindex.in/company/lpl-financial,2,16 Apr 2026,news,New GCC — Hyderabad,"LPL Financial establishes its first international Global Capability Center in Hyderabad, spanning 3 lakh square feet, to support global operations and create employment opportunities."
Lufthansa,Lufthansa,https://gccindex.in/company/lufthansa,1,30 Jan 2025,news,New GCC — Bengaluru,"Infosys establishes a Global Capability Centre in Bengaluru for Lufthansa Group, enhancing efficiency and innovation across the airline's global network, with a focus on aviation technology innovation."
Lufthansa,Lufthansa,https://gccindex.in/company/lufthansa,2,3 Nov 2025,mca,Subsidiary incorporated,CIN U62099KA2025FTC210433 · IT/Software
Magnum Ice Cream Company,Magnum Ice Cream Company,https://gccindex.in/company/magnum-ice-cream-company,1,10 Apr 2025,pipeline,MoU signed,"Magnum Ice Cream has signed a Memorandum of Understanding with the Government of Maharashtra to set up its largest Global Capability Center in Pune, involving an investment of ₹900 crore and projected to create over 1,000 high-value jobs."
Magnum Ice Cream Company,Magnum Ice Cream Company,https://gccindex.in/company/magnum-ice-cream-company,2,20 Apr 2025,mca,Subsidiary incorporated,CIN U74909MH2025FTC446209
Magnum Ice Cream Company,Magnum Ice Cream Company,https://gccindex.in/company/magnum-ice-cream-company,3,16 Dec 2025,people,Director GCC Center Head,Abhishek
Magnum Ice Cream Company,Magnum Ice Cream Company,https://gccindex.in/company/magnum-ice-cream-company,4,8 Jul 2026,news,Expansion — Bengaluru,"Magnum Ice Cream Company opens a Research, Design & Innovation Centre in Bengaluru, focusing on product development, flavor creation, and packaging design for its ice‑cream portfolio."
Magnum Ice Cream Company,Magnum Ice Cream Company,https://gccindex.in/company/magnum-ice-cream-company,5,3 Aug 2026,pipeline,Market Signal,"Magnum Ice Cream Company has taken up approximately 67,000 square feet of office space at EON West in Wakad, Pune. The company plans to build a talent hub at the site to support its global operations, indicating demand for GCC‑related office capacity. No other landlord or developer details are provided beyond the EON West location."
Magnum Ice Cream Company,Magnum Ice Cream Company,https://gccindex.in/company/magnum-ice-cream-company,6,4 Sep 2026,news,Expansion — Pune,"Magnum Ice Cream Company opened a 67,000 sq ft Global Capability Centre at Wakad, Pune, supporting finance, procurement, supply chain, marketing and master data for its global operations. Teams work across AI, automation and analytics, with over 1,000 roles planned."
MANN+HUMMEL,MANN+HUMMEL,https://gccindex.in/company/mannhummel,1,20 May 2026,news,New GCC — Tumkur,MANN+HUMMEL establishes global technology center in Tumkur for filtration technology and innovation
Marriott International,Marriott International,https://gccindex.in/company/marriott-international,1,3 Nov 2025,news,New GCC — Hyderabad,"Marriott International establishes its first offshore Global Capability Centre in Hyderabad, India, to support global operations and drive innovation"
Mattel,Mattel,https://gccindex.in/company/mattel,1,17 Nov 2025,news,New GCC — Hyderabad,"Mattel establishes its Global Capability Center in Hyderabad, expected to generate hundreds of high-skill roles and reinforce the city's position as a global destination for enterprise innovation"
Mattel,Mattel,https://gccindex.in/company/mattel,2,14 May 2026,people,Head of People & Culture – India,Bhavani Pandi
Maximus Inc,Maximus Inc,https://gccindex.in/company/maximus,1,2 Apr 2026,news,Expansion — Hyderabad,"Maximus Inc establishes a Global Capability Centre in Hyderabad to support technology, HR, recruitment, and operational functions, contributing to the company's global delivery capabilities."
McDonald's,McDonald's,https://gccindex.in/company/mcdonalds,1,19 Nov 2024,mca,Subsidiary incorporated,CIN U63119DL2024FTC438910 · IT/Software
McDonald's,McDonald's,https://gccindex.in/company/mcdonalds,2,20 Mar 2025,news,New GCC — Hyderabad,"McDonald's establishes its largest Global Capability Center in Hyderabad, planning to hire over 2,000 employees and source agricultural produce from Telangana's farmers"
MedExpert Billing,MedExpert Billing,https://gccindex.in/company/medexpert-billing,1,12 Mar 2026,news,New GCC — Chennai,"MedExpert Billing launches its 60,000 sq ft office at DLF Cybercity IT Park, Chennai — the US healthcare revenue-cycle firm's own India capability centre."
Medtronic,Medtronic,https://gccindex.in/company/medtronic,1,5 Aug 2024,mca,Subsidiary incorporated,CIN U62099MH2024FTC430077 · IT/Software
Medtronic,Medtronic,https://gccindex.in/company/medtronic,2,17 Jun 2025,news,New GCC — Pune,"Medtronic establishes and expands its Diabetes Global Capability Centre in Pune, India, to drive innovation and enhance patient support, generating over 300 new jobs in its first year."
Meltwater,Meltwater,https://gccindex.in/company/meltwater,1,16 May 2025,news,New GCC — Hyderabad,"AWFIS Space Solutions establishes Global Capability Centres for Meltwater and ABC Fitness at its Elite by Awfis facility in Hyderabad, catering to evolving demands of top-tier global enterprises."
Merck,Merck,https://gccindex.in/company/merck,1,30 Jun 2026,news,Expansion — Bengaluru,"Merck consolidates its scattered India IT, global business services and R&D operations — including the Merck IT Centre (2018) — into a single 17,000 sq m hub at Electronic City, Bengaluru, scaling to roughly 3,300 professionals. The expanded campus pivots the India team from baseline IT support to high-end AI, automation and data analytics, housing Merck's largest global concentration of Digital Enterprise Solutions (DES)."
METRO AG,METRO AG,https://gccindex.in/company/metro,1,11 Sep 2025,news,Expansion — Pune,"METRO Global Solution Center India establishes a new office in Pune, expanding its talent base and deepening functional expertise to deliver strategic solutions for global transformation"
Miamin Systems,Miamin Systems,https://gccindex.in/company/miamin,1,2 Dec 2025,news,New GCC — Hyderabad,"Miamin Systems establishes 10 Global Capability Centers in Hyderabad, expected to generate over 2,000 high-value engineering jobs, reinforcing Hyderabad’s position as a global technology and innovation hub."
Microchip Technology,Microchip Technology,https://gccindex.in/company/microchip,1,13 Nov 2025,news,Expansion — Bengaluru,"Microchip Technology expands its India operations with a new 16,000 square meter office in Bengaluru, capable of accommodating 3,000 employees over the next decade, to support global R&D and engineering operations."
Milacron,Milacron,https://gccindex.in/company/milacron,1,28 Jul 2026,news,New GCC — Coimbatore,"Milacron inaugurated a new GCC in Coimbatore, establishing an engineering and technology hub that will house over 60 engineers to support product development, design and digital capabilities for its global operations."
Mindsprint,Mindsprint,https://gccindex.in/company/mindsprint,1,12 Jun 2025,news,New GCC — Chennai,"Mindsprint establishes a 87,000 sq. ft. facility in Chennai and plans further workspace expansion in Bengaluru to drive AI innovation and global delivery"
MindZvue,MindZvue,https://gccindex.in/company/mindzvue,1,30 Apr 2026,news,New GCC — Pune,"MindZvue opens a new Pune facility designed for higher delivery scale, stronger collaboration and complex enterprise-grade Salesforce engagements."
Mizuho,Mizuho,https://gccindex.in/company/mizuho,1,12 May 2026,news,Expansion — Pune,"Mizuho Financial Group establishes its third global capability centre in Pune to expand its technology and operations footprint, supporting engineering, analytics, and business operations across the Asia-Pacific region."
MKS,MKS,https://gccindex.in/company/mks,1,4 Apr 2026,news,Expansion — Bengaluru,"MKS Inc. inaugurated engineering laboratories for its Vacuum Solutions and Photonics Solutions divisions at its Bengaluru GCC, deepening product development and testing in India's semiconductor ecosystem."
Morgan Stanley,Morgan Stanley,https://gccindex.in/company/morgan-stanley,1,26 Jan 2026,news,Expansion — Bengaluru,"Morgan Stanley Advantage Services establishes a new Global Capability Center in Bengaluru, expanding its presence in India with a long-term commitment to the city as a strategic operating base."
MSD,MSD,https://gccindex.in/company/msd,1,23 May 2025,mca,Subsidiary incorporated,CIN U62099TS2025FTC198952 · IT/Software
MSD,MSD,https://gccindex.in/company/msd,2,10 Sep 2026,news,Expansion — Hyderabad,"MSD expanded its Hyderabad technology centre, launched in 2025, adding capability across digital, data, analytics, AI and engineering. Teams there deliver enterprise technology solutions for the biopharmaceutical group's global human health operations."
"N-able, Inc.","N-able, Inc.",https://gccindex.in/company/nable,1,20 Dec 2024,mca,Subsidiary incorporated,CIN U62013KA2024FTC196072 · IT/Software
"N-able, Inc.","N-able, Inc.",https://gccindex.in/company/nable,2,16 Jun 2026,news,New GCC — Bengaluru,"N-able establishes a Global Capability Centre in Bengaluru to support key functions including engineering, product management, user experience, and security operations."
Nasuni,Nasuni,https://gccindex.in/company/nasuni,1,30 Jul 2025,mca,Subsidiary incorporated,CIN U62099TS2025FTC201666 · IT/Software
Nasuni,Nasuni,https://gccindex.in/company/nasuni,2,25 Feb 2026,news,New GCC — Hyderabad,"Nasuni establishes a major expansion of its Research & Development Center in Hyderabad to accelerate innovation in unified file data management, protection, and activation, collaborating with teams in the United States and Ireland."
Nationwide,Nationwide,https://gccindex.in/company/nationwide,1,23 Apr 2025,mca,Subsidiary incorporated,CIN U63999TS2025FTC197561 · IT/Software
Nationwide,Nationwide,https://gccindex.in/company/nationwide,2,3 Jun 2026,news,New GCC — Hyderabad,"Nationwide establishes a global capability centre in Hyderabad to support its global business and technology functions, joining a growing list of global financial services firms expanding their GCC footprint in the city."
Nationwide,Nationwide,https://gccindex.in/company/nationwide,3,22 Jun 2026,people,Head of Talent Acquisition,Arun Prasad
Nationwide,Nationwide,https://gccindex.in/company/nationwide,4,8 Jul 2026,people,"Senior Vice-President and Managing Director, Nationwide India",Vikas Jaswal
Natus Sensory,Natus Sensory,https://gccindex.in/company/natus-sensory,1,1 Sep 2026,news,Expansion — Bengaluru,"Natus Sensory established a Global Capability Centre in Bengaluru from 1 September, strengthening its global research, development and technology capabilities. The company develops screening and assessment technologies for hearing, balance and vision."
NatWest,NatWest,https://gccindex.in/company/natwest,1,19 Sep 2025,news,Expansion — Bengaluru,NatWest establishes a new office in Bengaluru as part of its India GCC expansion.
Nemetschek Group,Nemetschek Group,https://gccindex.in/company/nemetschek,1,11 Sep 2025,news,New GCC — Hyderabad,"Nemetschek Group establishes a state-of-the-art Global Capability Center in Hyderabad, designed to house R&D teams, a Security Operations Center, and G&A functions, with a capacity to accommodate 250 full-time employees."
Netflix,Netflix,https://gccindex.in/company/netflix,1,3 Nov 2025,news,New GCC — Hyderabad,"Netflix establishes its first major base in Hyderabad, leasing a 41,000-square-foot office space to expand operations in India’s entertainment and technology ecosystem."
Netsmart,Netsmart,https://gccindex.in/company/netsmart,1,9 Apr 2025,mca,Subsidiary incorporated,CIN U62099KA2025FTC201022 · IT/Software
Netsmart,Netsmart,https://gccindex.in/company/netsmart,2,22 Oct 2025,news,New GCC — Bengaluru,"Netsmart establishes a new office in Bengaluru, India, as a strategic technology and innovation hub, supporting software product design, AI-powered solution development, and global delivery."
NLB Services,NLB Services,https://gccindex.in/company/nlb,1,25 Aug 2025,news,New GCC — Mumbai,"NLB Services establishes a Global Capability Centre in Mumbai, India, to provide GCC-as-a-Service for mid-market enterprises undergoing digital transformation"
NLB Services,NLB Services,https://gccindex.in/company/nlb,2,25 Aug 2025,people,Chief Business Officer (CBO) of its GCC vertical,Abhilash Raghavan
NLB Services,NLB Services,https://gccindex.in/company/nlb,3,25 Aug 2025,pipeline,Intent announced,"NLB Services has announced its entry into the Global Capability Centre segment, targeting $200 million in revenue over the next five years, with an initial rollout of its GCC-as-a-Service venture in India by Q4 2025. The company aims to leverage India's momentum as a global hotspot for GCC growth, and will focus on building GCCs tailored for mid-market enterprises in industries undergoing rapid digital transformation."
NLB Services,NLB Services,https://gccindex.in/company/nlb,4,2 Sep 2025,pipeline,Intent announced,NLB Services has announced its foray into the GCC segment. The company's entry into this segment marks a new development in its operations.
Novartis,Novartis,https://gccindex.in/company/novartis,1,18 Dec 2025,news,Expansion — Hyderabad,"Novartis establishes its largest R&D and corporate hub outside Switzerland in Hyderabad, employing over 9,000 professionals and driving global innovation in biomedical research and drug development."
NTT DATA Business Solutions,NTT DATA Business Solutions,https://gccindex.in/company/ntt-data-business-solutions,1,9 Jul 2026,news,Expansion — Visakhapatnam,"NTT DATA Business Solutions and Proven Tech inaugurated an Innovation Hub in Madhurawada, Visakhapatnam, a 300‑seat facility employing 300 staff and planning a third shift to reach 900 employees, delivering SAP, ServiceNow and AI services."
Oaktree Capital,Oaktree Capital,https://gccindex.in/company/oaktree-capital,1,15 Jul 2026,news,Expansion — Hyderabad,"Oaktree Capital Management opens a second GCC office in Hyderabad, expanding its existing centre that handles technology, finance, risk and data functions for its global investment operations."
Octave,Octave,https://gccindex.in/company/octave,1,26 Aug 2026,news,New GCC — Hyderabad,"Octave inaugurates a technology and innovation centre in Hyderabad, establishing a global engineering hub that will deliver software, AI, data and cloud product development and scale to 2,000 engineers."
Omnicom Group,Omnicom Group,https://gccindex.in/company/omnicom,1,3 Feb 2025,news,New GCC — Hyderabad,"Omnicom Group establishes a cutting-edge campus in Hyderabad to enhance its ability to provide comprehensive solutions in media, technology, and digital commerce, leveraging India's growing talent pool."
OneMagnify,OneMagnify,https://gccindex.in/company/onemagnify,1,2 Apr 2026,news,New GCC — Chennai,OneMagnify establishes a global innovation hub in Chennai to scale integrated capabilities and deliver more for clients.
Optimum Solutions,Optimum Solutions,https://gccindex.in/company/optimum,1,6 Apr 2026,news,New GCC — Hyderabad,"Optimum Solutions establishes global capability centres in Hyderabad and Chennai to drive value for Japanese and multinational clients through digital transformation, cloud modernisation, data engineering, and AI-led efforts."
Orbia,Orbia,https://gccindex.in/company/orbia,1,28 May 2025,mca,Subsidiary incorporated,CIN U62099PN2025FTC242511 · IT/Software
Orbia,Orbia,https://gccindex.in/company/orbia,2,4 Nov 2025,news,New GCC — Pune,"Orbia establishes its Pune IT Hub as a global center for digital transformation programs, focusing on data and analytics, cloud engineering, cybersecurity and automation to enhance operational efficiency, sustainability and customer experience across its businesses."
Orion Innovation,Orion Innovation,https://gccindex.in/company/orion-innovation,1,15 Oct 2025,news,Expansion — Pune,"Orion Innovation establishes a new delivery center in Pune to leverage the city's thriving tech ecosystem, talent pool, and innovation ecosystem, enhancing its ability to provide AI-led, cloud-driven, and data-centric solutions for clients worldwide."
Otto Group,Otto Group,https://gccindex.in/company/otto-group,1,13 Jul 2026,news,New GCC — Hyderabad,"Otto Group's technology arm one.O opens its Hyderabad office to build software engineering, digital transformation and technology services for the German retail group's global businesses."
Payoneer,Payoneer,https://gccindex.in/company/payoneer,1,27 Mar 2024,mca,Subsidiary incorporated,CIN U62099KA2024FTC186709 · IT/Software
Payoneer,Payoneer,https://gccindex.in/company/payoneer,2,13 Jul 2026,news,Expansion — Gurugram,"Payoneer establishes an innovation hub in Gurugram, housing engineering, product, AI, data, compliance and workforce management teams to develop AI-native payment and financial services platforms for global customers."
Pegasystems,Pegasystems,https://gccindex.in/company/pegasystems,1,27 Jun 2026,news,New GCC — Bengaluru,"Pegasystems establishes a new office and executive briefing centre in Bengaluru, expanding its presence in the city."
Pegasystems,Pegasystems,https://gccindex.in/company/pegasystems,2,31 Jul 2026,pipeline,Market Signal,"Pegasystems inaugurated a new office at EcoWorld Tech Park in Bengaluru, expanding its Indian footprint. The new premises are 1.5 times larger than the previous space and include a Regional Executive Briefing Centre for customer and partner engagement. The move reflects the company's continued investment in the local technology ecosystem."
Pioneer India,Pioneer India,https://gccindex.in/company/pioneer-india,1,30 May 2025,news,New GCC — Bengaluru,"Pioneer India establishes a new R&D centre in Bengaluru to drive innovation in vision, connectivity, and intelligent systems for vehicles, supplementing existing work in Gurugram and solidifying India's role as a key hub for its global product roadmap."
ProductSquads,ProductSquads,https://gccindex.in/company/productsquads,1,15 May 2026,news,New GCC — Hyderabad,"ProductSquads establishes a new office in Hyderabad to focus on AI-native product engineering, enterprise modernization, and cloud engineering services, supporting global enterprises and private equity-backed businesses."
ProductSquads,ProductSquads,https://gccindex.in/company/productsquads,2,15 May 2026,people,Founder and CEO,Pratik Modi
Progress Software,Progress Software,https://gccindex.in/company/progress-software,1,15 Apr 2026,news,Expansion — Bengaluru,"Progress Software expands and relocates its Bengaluru office, deepening its investment in India as a base for AI-led efforts and global operations."
Proofpoint,Proofpoint,https://gccindex.in/company/proofpoint,1,31 Jul 2025,pipeline,Plans To,"Proofpoint plans to double its workforce in India by 2026 as part of its expansion in the country, with a new data centre in Mumbai."
Proofpoint,Proofpoint,https://gccindex.in/company/proofpoint,2,19 Aug 2026,news,New GCC — Hyderabad,"Cybersecurity firm Proofpoint opened an AI security engineering centre of excellence in Hyderabad, planning to hire more than 200 engineers as it expands India operations across security, data protection and privacy."
Protolabs,Protolabs,https://gccindex.in/company/protolabs,1,16 Apr 2026,news,New GCC — Hyderabad,"Protolabs establishes a global capability centre in Hyderabad to tap into India’s engineering talent and expand its global operations, with plans to begin operations this month and scale the centre to a headcount of 200-300 employees."
Protolabs,Protolabs,https://gccindex.in/company/protolabs,2,21 Apr 2026,mca,Subsidiary incorporated,CIN U62090TS2026FTC214883 · IT/Software
Providence Health,Providence Health,https://gccindex.in/company/providence-health,1,19 Sep 2024,news,New GCC — Hyderabad,Providence Health establishes a technology hub in Hyderabad to drive growth and innovation.
Proximus,Proximus,https://gccindex.in/company/proximus,1,21 Jan 2025,mca,Subsidiary incorporated,CIN U70200KA2025FTC197078 · BPO/Shared Services
Proximus,Proximus,https://gccindex.in/company/proximus,2,27 Mar 2025,news,New GCC — Bengaluru,Proximus establishes a Global Capability Center in India to support global digital initiatives and enhance service delivery.
Proximus,Proximus,https://gccindex.in/company/proximus,3,4 Apr 2026,pipeline,Plans To,"Proximus is setting up a Global Capability Center in Bengaluru, focusing on IT development, digital transformation, and cybersecurity to support its global operations."
Prudential Financial,Prudential Financial,https://gccindex.in/company/prudential-financial,1,24 Dec 2025,mca,Subsidiary incorporated,CIN U82990HR2025FTC139816 · IT/Software
Prudential Financial,Prudential Financial,https://gccindex.in/company/prudential-financial,2,7 Aug 2026,pipeline,Intent announced,"Prudential Financial (US) is establishing PFI Innovation Centre India in Gurugram, a scaled multi-functional capability hub supporting transformation of its US and global businesses across AI/GenAI, data engineering and cybersecurity, and is hiring across disciplines. Its India entity was incorporated in December 2025. Not to be confused with Prudential plc (UK), which operates a separate Bengaluru services hub."
Prudential Financial,Prudential Financial,https://gccindex.in/company/prudential-financial,3,25 Aug 2026,news,Expansion — Gurugram,"Prudential Financial opened its PFI Innovation Centre in Gurugram's DLF Cyber City, establishing a hub for AI, data, cybersecurity, technology and global transformation capabilities serving its worldwide operations."
PwC India,PwC India,https://gccindex.in/company/pwc-india,1,2 Sep 2025,news,Expansion — Nagpur,"PwC India establishes a new office in Nagpur, expanding its nationwide presence and deepening its engagement in non-metro cities, as part of its Vision 2030 strategy to build a future-ready workforce and deliver exceptional value to enterprises in the region."
R Systems,R Systems,https://gccindex.in/company/r,1,20 Jan 2026,news,New GCC — Mangaluru,"R Systems establishes a Global Capability Centre in Mangaluru, a Tier II city in India, to support its product engineering and digital solutions, creating new employment opportunities"
RakSul,RakSul,https://gccindex.in/company/raksul,1,12 Mar 2026,mca,Subsidiary incorporated,CIN U62099KA2026FTC217538 · IT/Software
RakSul,RakSul,https://gccindex.in/company/raksul,2,5 May 2026,news,New GCC — Bengaluru,"RakSul establishes a 'nano GCC' in Bengaluru, a compact, high-impact team focused on AI-assisted workflows and specialised engineering."
Rakuten,Rakuten,https://gccindex.in/company/rakuten,1,2 May 2025,news,Expansion — Bengaluru,"Rakuten Group establishes a significant expansion in India with a planned investment of at least $100 million, positioning Bengaluru as a core hub for its global technology operations."
Rapid7,Rapid7,https://gccindex.in/company/rapid7,1,18 Mar 2025,news,New GCC — Pune,"Rapid7 establishes a Global Capability Center in Pune, India, to drive product and service innovation in cyber operations and nurture local cybersecurity talent, with a focus on AI, machine learning, and cybersecurity innovation."
Rapid7,Rapid7,https://gccindex.in/company/rapid7,2,4 Apr 2026,pipeline,Intent announced,"Rapid7 has announced plans to set up a new Global Capability Center in Pune, India, focusing on advanced cybersecurity research, threat intelligence, and product development, leveraging India's skilled talent pool."
Reckitt,Reckitt,https://gccindex.in/company/reckitt,1,15 May 2026,news,Expansion — Hyderabad,Reckitt establishes a dual-hub operating model in Hyderabad to support global initiatives and separate legacy ERP management from digital innovation functions.
Redwood Software,Redwood Software,https://gccindex.in/company/redwood-software,1,3 Apr 2025,mca,Subsidiary incorporated,CIN U62099TS2025FTC196471 · IT/Software
Redwood Software,Redwood Software,https://gccindex.in/company/redwood-software,2,23 Apr 2026,news,New GCC — Hyderabad,"Redwood Software establishes its India technology centre in Hyderabad to support full-stack engineering, product innovation, and global operations, with plans to expand its workforce by 300 new hires."
Regeneron Pharmaceuticals,Regeneron Pharmaceuticals,https://gccindex.in/company/regeneron-pharmaceuticals,1,26 May 2026,news,New GCC — Hyderabad,"Regeneron Pharmaceuticals Inc. establishes the Regeneron Global Capability Centre in Hyderabad to expand global operations, scale business functions, and support continued innovation and growth initiatives."
Regeneron Pharmaceuticals,Regeneron Pharmaceuticals,https://gccindex.in/company/regeneron-pharmaceuticals,2,26 May 2026,pipeline,Plans To,"Regeneron Pharmaceuticals plans to establish a GCC in Hyderabad, which will complement its existing US and global operations, and build on its presence in Bengaluru established in 2022."
Reltio,Reltio,https://gccindex.in/company/reltio,1,10 Apr 2025,news,New GCC — Bengaluru,"Reltio establishes its largest global technology hub in Bengaluru, focusing on real-time data intelligence, generative AI, and cloud-native solutions for Fortune 500 clients."
Reveleer,Reveleer,https://gccindex.in/company/reveleer,1,17 Jan 2025,mca,Subsidiary incorporated,CIN U62099TN2025FTC176204 · IT/Software
Reveleer,Reveleer,https://gccindex.in/company/reveleer,2,4 Apr 2026,news,New GCC — Chennai,"Reveleer, the AI-driven healthcare technology company, launches its India GCC in Chennai focused on AI model development, data analytics, engineering and customer support for its value-based care platform."
Riveron,Riveron,https://gccindex.in/company/riveron,1,11 Sep 2026,news,Expansion — Bengaluru,"Riveron opens a new Bengaluru office, expanding its India footprint beyond Pune to bolster finance, accounting and technology services for US clients, enhancing its global service delivery capabilities."
Rolls-Royce,Rolls-Royce,https://gccindex.in/company/rollsroyce,1,18 Sep 2025,news,New GCC — Bengaluru,"Rolls-Royce establishes its largest Global Capability Centre in Bengaluru, creating 700 new opportunities for engineers and skilled professionals, reinforcing Karnataka’s reputation as the aerospace capital of India"
S&P Global,S&P Global,https://gccindex.in/company/sp-global,1,21 Apr 2026,news,Expansion — Gurugram,"S&P Global inaugurated a new office in Downtown Gurugram, a significant expansion of its India operations."
Samsung India Electronics,Samsung India Electronics,https://gccindex.in/company/samsung-india-electronics,1,9 Jun 2025,news,Expansion — Chennai,"Samsung India Electronics establishes a major presence in Chennai by leasing 61,000 square feet of office space at WeWork’s Olympia Cyberspace facility, more than doubling its existing footprint in the city’s managed office space segment."
Sandvik,Sandvik,https://gccindex.in/company/sandvik,1,5 May 2026,news,New GCC — Pune,"Sandvik establishes a new Innovation Hub in Pune, India, expanding its global innovation ecosystem and supporting the development of next-generation solutions in intelligent manufacturing."
Sanofi,Sanofi,https://gccindex.in/company/sanofi,1,17 Feb 2026,news,Expansion — Hyderabad,"Sanofi Healthcare India establishes a major expansion of its Global Capability Centre in Hyderabad, adding 2.7 lakh square feet of workspace and accommodating 4,500 employees."
SAP Labs India,SAP Labs India,https://gccindex.in/company/sap-labs-india,1,4 Apr 2026,news,Expansion — Bengaluru,"SAP Labs inaugurated its €194 million, 41-acre SAP Labs India Innovation Park at Devanahalli, Bengaluru — its second R&D campus, nearly doubling its Bengaluru footprint."
Saptharushi India,Saptharushi India,https://gccindex.in/company/saptharushi-india,1,18 Dec 2025,news,New GCC — Bengaluru,"Saptharushi India establishes a Global Capability Centre in Bengaluru, expanding its capabilities across core technology and innovation functions, with plans to hire over 50 skilled professionals within the next year."
Saviynt,Saviynt,https://gccindex.in/company/saviynt,1,8 Oct 2025,news,New GCC — Bengaluru,"Saviynt establishes its largest Global Innovation Hub in Bengaluru, a 62,000 sq. ft. office housing over 650 employees, to drive AI-led innovation and foster collaboration with government, industry, and academia."
SBM Offshore,SBM Offshore,https://gccindex.in/company/sbm-offshore,1,28 May 2026,news,Expansion — Bengaluru,"SBM Offshore establishes a new office in Bengaluru, expanding its India operations to support global engineering, digital innovation, and project delivery, with a focus on building a future-ready workforce and strengthening India's role within its global operations network."
Schmersal,Schmersal,https://gccindex.in/company/schmersal,1,6 Jul 2026,news,Expansion — Pune,"Schmersal Group expands its Global Competence Center in Pune, opening a 25,000 sq ft campus that houses engineering, software, IoT and SAP capabilities while launching a Product Experience Center and six new Make‑in‑India safety products."
Serko,Serko,https://gccindex.in/company/serko,1,4 Apr 2026,news,New GCC — Bengaluru,"Serko, the NZ-based corporate travel and expense management company, launches its Bengaluru office for product development, innovation and market growth, tapping India's tech talent pool."
SES,SES,https://gccindex.in/company/ses,1,8 Sep 2026,news,Expansion — Chennai,"SES opened a second office for its Chennai capability centre, taking headcount past 600 after tripling over the past year. The Luxembourg satellite operator runs engineering, network and service operations, software development, cybersecurity, IT, HR and finance from the site."
Silicon Labs,Silicon Labs,https://gccindex.in/company/silicon-labs,1,3 Mar 2026,news,Expansion — Hyderabad,"Silicon Labs establishes a 50% expanded facility in Hyderabad, reinforcing its global engineering and wireless innovation strategy, with a focus on talent, innovation, and global collaboration."
Sirva,Sirva,https://gccindex.in/company/sirva,1,4 Aug 2026,news,Expansion — Bengaluru,"Sirva expanded its Bengaluru global capability centre into a new office at Prestige Shantiniketan, Whitefield, increasing capacity from 170 to more than 250 seats under an initiative internally named Project Vistar. The centre supports Sirva globally across finance, customer experience, procurement, project management and technology. Sirva has operated in India since 1999."
SKF,SKF,https://gccindex.in/company/skf,1,12 Jun 2026,people,"Lead, Regional Finance and GCC Operations",Madhu Dhandhania Jalan
SKF,SKF,https://gccindex.in/company/skf,2,26 Aug 2026,news,New GCC — Pune,"SKF inaugurated a new Global Capability Centre in Pune, designed to strengthen operational excellence, engineering innovation and strategic global support, and positioned as a hub for collaboration and global support across the group."
Skillz,Skillz,https://gccindex.in/company/skillz,1,18 Aug 2025,news,New GCC — Bengaluru,"Skillz opened its Bengaluru office as a second global headquarters, marking the occasion with a ribbon-cutting and traditional lamp-lighting ceremony. More than 50 employees had joined since the start of 2025, based at Table Space Towers in Whitefield with room for up to 140. The centre focuses on product development, core engineering and advanced data analysis, and around half of the company's product, engineering and analytics teams are expected to be based in the city by 2026."
Skillz,Skillz,https://gccindex.in/company/skillz,2,24 May 2026,mca,Subsidiary incorporated,CIN U63999KA2026FTC221469 · Analytics
Smartsheet,Smartsheet,https://gccindex.in/company/smartsheet,1,4 Mar 2025,mca,Subsidiary incorporated,CIN U62090KA2025FTC199227 · IT/Software
Smartsheet,Smartsheet,https://gccindex.in/company/smartsheet,2,10 Mar 2026,news,New GCC — Bengaluru,"Smartsheet establishes a Global Capabilities Center in Bengaluru to drive innovation and operational excellence, hiring over 200 professionals to support its AI-first strategy."
Snowflake,Snowflake,https://gccindex.in/company/snowflake,1,12 Jun 2025,news,Expansion — Pune,Snowflake establishes a dedicated research and development centre in India to bolster customer support and enhance digital transformation initiatives
SolarEdge Technologies,SolarEdge Technologies,https://gccindex.in/company/solaredge,1,29 May 2026,news,Expansion — Bengaluru,"SolarEdge Technologies establishes a new Research and Development campus, the India Development Center, in Bengaluru to scale engineering operations and support next-generation power electronics and smart energy technologies."
Sonatype,Sonatype,https://gccindex.in/company/sonatype,1,20 Apr 2025,mca,Subsidiary incorporated,CIN U62099TS2025FTC197345 · IT/Software
Sonatype,Sonatype,https://gccindex.in/company/sonatype,2,20 Jun 2025,people,Head of India and Senior Director of Technology,Abhishek Chauhan
Sonatype,Sonatype,https://gccindex.in/company/sonatype,3,12 Nov 2025,news,New GCC — Hyderabad,"Telangana government inaugurates Sonatype's new Global Capability Center in Hyderabad, marking its largest and fastest-growing R&D hub worldwide, focusing on AI/ML-driven software security and cloud-native development."
Sonny's Enterprises,Sonny's Enterprises,https://gccindex.in/company/sonnys-enterprises,1,2 Jun 2025,news,New GCC — Pune,"Sonny's Enterprises establishes a new Global Capability Center in Pune, India, to support global expansion, enhance capabilities, and accelerate innovation pipeline."
Sonoco,Sonoco,https://gccindex.in/company/sonoco,1,27 Dec 2024,mca,Subsidiary incorporated,CIN U62099TS2024FTC192439 · IT/Software
Sonoco,Sonoco,https://gccindex.in/company/sonoco,2,5 Feb 2025,news,New GCC — Hyderabad,"Sonoco establishes its first Global Capability Centre, the Sonoco Performance Hub, in Hyderabad, India, to drive innovation and efficiency in its operations, with plans to recruit 300 engineers initially and 500 technology professionals within three years."
Sonoco,Sonoco,https://gccindex.in/company/sonoco,3,19 Nov 2025,news,Expansion — Hyderabad,"Sonoco Products Company establishes a new Global Capability Centre (GCC), named the Sonoco Performance Hub, in Hyderabad, expanding its footprint in India and strengthening its long-term commitment to the region."
Southwest Airlines,Southwest Airlines,https://gccindex.in/company/southwest-airlines,1,6 Nov 2025,mca,Subsidiary incorporated,CIN U62099TS2025FTC206009 · IT/Software
Southwest Airlines,Southwest Airlines,https://gccindex.in/company/southwest-airlines,2,4 Apr 2026,pipeline,Intent announced,"Southwest Airlines has announced plans to set up a Global Innovation Centre in Hyderabad, India, following a meeting with the Chief Minister of Telangana. The centre is part of the Telangana government's vision of a ₹1 trillion economy by 2034."
Southwest Airlines,Southwest Airlines,https://gccindex.in/company/southwest-airlines,3,20 May 2026,news,New GCC — Hyderabad,Southwest Airlines establishes a GCC in Hyderabad for technology innovation and enterprise operations
StarRez,StarRez,https://gccindex.in/company/starrez,1,16 Apr 2025,mca,Subsidiary incorporated,CIN U62099TS2025FTC197153 · IT/Software
StarRez,StarRez,https://gccindex.in/company/starrez,2,7 Nov 2025,news,New GCC — Hyderabad,"StarRez establishes a global Hub for Innovation in Hyderabad, a key milestone in its continued expansion, to advance its product and technology strategy across AI, analytics, automation, and platform scalability."
State Bank of India,State Bank of India,https://gccindex.in/company/state-bank-of-india,1,8 Jan 2026,news,New GCC — Bengaluru,"State Bank of India establishes its first Global Capability Centre in Bengaluru to support the rapidly growing GCC ecosystem in India, expanding its retail footprint with 11 new branches."
Stolt-Nielsen,Stolt-Nielsen,https://gccindex.in/company/stoltnielsen,1,9 Dec 2025,mca,Subsidiary incorporated,CIN U62099TS2025FTC207427 · IT/Software
Stolt-Nielsen,Stolt-Nielsen,https://gccindex.in/company/stoltnielsen,2,14 May 2026,news,New GCC — Hyderabad,"Stolt-Nielsen establishes a Digital Innovation Centre in Hyderabad to improve operational decision-making, increase supply chain visibility, and optimise performance through advanced data and AI capabilities."
Stryker,Stryker,https://gccindex.in/company/stryker,1,22 Sep 2025,news,Expansion — Bengaluru,"Stryker establishes a new 140,000 sq. ft. R&D facility in Whitefield, Bengaluru, to drive innovation in robotics, AI, digital solutions, and product security, complementing its existing campus in Gurgaon"
Sumitomo Mitsui Banking Corporation,Sumitomo Mitsui Banking Corporation,https://gccindex.in/company/sumitomo-mitsui-banking-corporation,1,6 Jun 2025,mca,Subsidiary incorporated,CIN U62099TN2025FTC181192 · IT/Software
Sumitomo Mitsui Banking Corporation,Sumitomo Mitsui Banking Corporation,https://gccindex.in/company/sumitomo-mitsui-banking-corporation,2,28 Oct 2025,news,New GCC — Chennai,"Sumitomo Mitsui Banking Corporation establishes its first Global Capability Center in India, located in Porur, Chennai, to support global businesses and drive technology transformation, compliance, and digital innovation."
Syensqo,Syensqo,https://gccindex.in/company/syensqo,1,11 Feb 2026,news,New GCC — Pune,Syensqo establishes its Global Capability Center in Pune to support global operations and drive innovation
Syneos Health,Syneos Health,https://gccindex.in/company/syneos-health,1,25 Aug 2026,news,New GCC — Hyderabad,"Syneos Health opened its Hyderabad Global Life Sciences and Technology Centre, its largest in Asia, in August and inaugurated it on 23 September 2026 with 700-plus staff across clinical, medical affairs, technology, AI and corporate functions."
Syneriq Global,Syneriq Global,https://gccindex.in/company/syneriq,1,17 Mar 2025,news,New GCC — Hyderabad,"Syneriq Global establishes a 40,000-square-foot AI-First Global Capability Centre in Hyderabad, doubling its workforce to 1,500 employees globally and enhancing expertise across domains."
Syngenta,Syngenta,https://gccindex.in/company/syngenta,1,21 Jan 2026,news,Expansion — Pune,"Syngenta establishes a state-of-the-art Global Capability Center in Pune, expanding its digital innovation and global operations hub in India, with a focus on agriculture and talent development."
T-Mobile USA,T-Mobile USA,https://gccindex.in/company/tmobile-usa,1,4 Jun 2026,news,New GCC — Hyderabad,"TMUS Global Solutions establishes a new Global Technology Centre in Hyderabad to drive engineering and innovation capabilities, expanding its operations and scaling to nearly 1,000 employees by 2027."
Target Corporation,Target Corporation,https://gccindex.in/company/target-corporation,1,17 Feb 2025,mca,Subsidiary incorporated,CIN U78300GJ2025FTC159039
Target Corporation,Target Corporation,https://gccindex.in/company/target-corporation,2,20 Jun 2026,news,Expansion — Bengaluru,"Target Corporation expands its Bengaluru footprint by leasing a major office space, enhancing its presence in the city."
Target Corporation,Target Corporation,https://gccindex.in/company/target-corporation,3,20 Jun 2026,pipeline,Market Signal,"Target Corporation leased 8.31 lakh sq ft at Embassy Manyata Business Park, Bengaluru, in a deal valued at about 1,250 crore — a major expansion of its existing India GCC. Landlord/developer: Embassy (Embassy REIT)."
Tazapay,Tazapay,https://gccindex.in/company/tazapay,1,7 Sep 2026,news,Expansion — Bengaluru,"Tazapay opened an 11,000 sq ft Centre of Excellence in Koramangala, Bengaluru, housing 60 staff across engineering, product and treasury operations, with plans to reach over 150 within 18 months. The Singapore-based payments firm has run a Chennai engineering centre since 2020."
Tenthpin,Tenthpin,https://gccindex.in/company/tenthpin,1,10 Nov 2025,news,New GCC — Pune,"Tenthpin Management Consultants establishes a Global Centre of Excellence in Pune, a state-of-the-art facility focused on delivering cloud and AI-driven solutions for the Life Sciences industry"
TestingXperts,TestingXperts,https://gccindex.in/company/testingxperts,1,13 Jul 2026,news,Expansion — Hyderabad,"TestingXperts opened a 300-seat delivery centre in Hyderabad — the first phase of a planned 2,500-seat technology campus — serving as a global hub for AI-led quality engineering, AI assurance, digital engineering and enterprise technology across North America, Europe, the Middle East and Asia-Pacific."
Texas Instruments,Texas Instruments,https://gccindex.in/company/texas-instruments,1,10 Feb 2026,news,New GCC — Bengaluru,"Texas Instruments establishes a new advanced semiconductor research and development centre in Bengaluru to expand its chip design operations in India, featuring multiple integrated circuit design laboratories and an end-to-end reliability laboratory."
Thales,Thales,https://gccindex.in/company/thales,1,17 Feb 2026,news,New GCC — Bengaluru,"Thales establishes a global corporate research hub in Bengaluru, focusing on emerging technologies and supporting its international R&D agenda"
The Hartford,The Hartford,https://gccindex.in/company/the-hartford,1,20 Aug 2025,mca,Subsidiary incorporated,CIN U62099TS2025FTC202536 · IT/Software
The Hartford,The Hartford,https://gccindex.in/company/the-hartford,2,12 Feb 2026,news,New GCC — Hyderabad,"The Hartford establishes its Global Capability Centre in Hyderabad's Financial District, strengthening its global operations footprint and reinforcing the city's position as a preferred destination for enterprise and BFSI capability centres."
The Standard,The Standard,https://gccindex.in/company/the-standard,1,18 Nov 2025,news,New GCC — Pune,"The Standard establishes StanCorp Global Services India Pvt. Ltd., a new Global Capability Centre, to strengthen its global digital capabilities and support modernization initiatives."
The Standard,The Standard,https://gccindex.in/company/the-standard,2,4 Apr 2026,people,SVP & Country Head,Mohua Sengupta
The Standard,The Standard,https://gccindex.in/company/the-standard,3,21 Apr 2026,news,Expansion — Bengaluru,"The Standard establishes a new global capability centre in Bengaluru to anchor its functions across AI engineering, cloud platform development, data and analytics, and insurance operations."
The Standard,The Standard,https://gccindex.in/company/the-standard,4,21 Aug 2026,news,Expansion — Bengaluru,"The Standard is expanding its Bengaluru global capability centre, targeting nearly 400 employees by year-end and positioning the site at the centre of its innovation strategy."
Theom,Theom,https://gccindex.in/company/theom,1,10 Jun 2026,news,New GCC — Hyderabad,"Theom establishes its India operations with a new centre in Hyderabad, serving as a strategic hub for engineering, product innovation, and operational excellence, supporting the company's efforts to build AI and data security solutions for enterprises."
Thermo Fisher Scientific,Thermo Fisher Scientific,https://gccindex.in/company/thermo-fisher-scientific,1,29 Oct 2025,news,Expansion — Bengaluru,"Thermo Fisher Scientific expands its Research and Development Centre of Excellence in Bengaluru, creating over 100 new jobs and investing ₹160 crore, reinforcing its commitment to India's life sciences ecosystem."
Toast,Toast,https://gccindex.in/company/toast,1,3 Feb 2026,news,New GCC — Bengaluru,"Toast establishes a new global technology center in Bengaluru, expanding its regional presence and leveraging India’s engineering talent pool to support large-scale digital transformation initiatives."
"TOYO Engineering Corporation and MODEC, Inc.","TOYO Engineering Corporation and MODEC, Inc.",https://gccindex.in/company/toyo-engineering-corporation-and-modec,1,13 Jun 2025,news,New GCC — Bengaluru,"Japanese engineering leaders TOYO Engineering Corporation and MODEC, Inc. establish a Global Capability Center in Bengaluru to leverage India's engineering expertise for offshore energy projects, creating 750 high-value jobs and deepening bilateral industrial ties between India and Japan."
Toyota Motor Corporation,Toyota Motor Corporation,https://gccindex.in/company/toyota-motor-corporation,1,14 Aug 2024,mca,Subsidiary incorporated,CIN U45100KA2024FTC192055
Toyota Motor Corporation,Toyota Motor Corporation,https://gccindex.in/company/toyota-motor-corporation,2,24 Mar 2025,news,New GCC — Bengaluru,"Toyota establishes its first research and development center in Bengaluru, initially housing 200 engineers, with plans to expand to 1,000 by 2027, positioning India as a key hub for clean energy and sustainable mobility solutions"
Tredence,Tredence,https://gccindex.in/company/tredence,1,17 Mar 2026,news,New GCC — Hyderabad,"Tredence establishes a 20,000 square foot delivery and innovation centre in Hyderabad to develop AI-driven solutions and support enterprise clients with artificial intelligence and analytics applications."
TruBridge,TruBridge,https://gccindex.in/company/trubridge,1,24 Feb 2026,news,New GCC — Chennai,TruBridge establishes a Global Capability Centre in Chennai to enhance service capabilities and improve operational efficiency
Truist Financial Corporation,Truist Financial Corporation,https://gccindex.in/company/truist-financial-corporation,1,18 Sep 2025,news,New GCC — Hyderabad,"Truist Financial Corporation establishes a Global Capability Center in Hyderabad, India, to leverage innovation, cost efficiency, and skilled talent"
Truist Financial Corporation,Truist Financial Corporation,https://gccindex.in/company/truist-financial-corporation,2,18 Sep 2025,pipeline,Plans To,"Truist Financial Corporation plans to establish a Global Capability Center in Hyderabad, India, and has floated a tender inviting companies to set up and manage its new tech center. Infosys is expected to bid for this project, which reflects the trend of financial services companies expanding their GCC footprint in India."
Truveta,Truveta,https://gccindex.in/company/truveta,1,9 Mar 2026,mca,Subsidiary incorporated,CIN U62099TS2026FTC212548 · IT/Software
Truveta,Truveta,https://gccindex.in/company/truveta,2,9 Aug 2026,news,New GCC — Hyderabad,"Truveta establishes an India Development Center in Hyderabad to extend its global engineering organization, focusing on developing data, AI, and software capabilities that transform real-world health data into actionable insights for medical research."
TVH India,TVH India,https://gccindex.in/company/tvh-india,1,13 Jul 2026,news,Expansion — Pune,"TVH expands its Pune Global Capability Centre, adding a new office floor at Phoenix Fountainhead in Viman Nagar that raises seating capacity to 400 and supports engineering, digital product, data and enterprise technology functions across Europe, the Americas and APAC."
TVS Motor Company,TVS Motor Company,https://gccindex.in/company/tvs-motor-company,1,13 Feb 2025,news,New GCC — Mysuru,"TVS Motor Company establishes a Global Capability Centre in Mysuru, Karnataka, as an innovation hub for AI, ML, and vehicle design, focusing on next-generation motorcycle development and advanced research in mobility solutions."
UBS,UBS,https://gccindex.in/company/ubs,1,22 Apr 2024,mca,Subsidiary incorporated,CIN F06877
UBS,UBS,https://gccindex.in/company/ubs,2,11 Feb 2026,news,New GCC — Hyderabad,"UBS establishes a 3,000-strong engineering and operations hub in Hyderabad to support advanced financial systems and drive value creation"
Under Armour,Under Armour,https://gccindex.in/company/under-armour,1,18 Feb 2026,mca,Subsidiary incorporated,CIN U82990KA2026FTC216300 · IT/Software
Under Armour,Under Armour,https://gccindex.in/company/under-armour,2,17 Aug 2026,news,New GCC — Bengaluru,"Under Armour has launched its AI-first Global Capability Centre in Bengaluru, focusing on platform engineering, data, infrastructure and AI to deliver technology solutions that improve product, supply-chain and consumer experience decisions for its global business."
Unipart,Unipart,https://gccindex.in/company/unipart,1,20 May 2026,news,Expansion — Pune,"Unipart inaugurated its global IT centre of excellence in Pune (12 May 2026), evolving its India operations from earlier Mumbai support work into a hub leading company-wide IT capability."
UPS,UPS,https://gccindex.in/company/ups,1,26 May 2026,news,Expansion — Chennai,"UPS establishes a Phase 3 facility at its Chennai global capability centre, expanding operations and workplace infrastructure in India."
Vanderlande,Vanderlande,https://gccindex.in/company/vanderlande,1,6 Feb 2026,news,New GCC — Pune,"Vanderlande establishes its India Innovation Centre in Pune, a collaboration-led facility that will drive engineering and innovations in logistics process automation, covering areas such as robotic automation, autonomous systems, artificial intelligence, and digital-physical integration."
Vanguard,Vanguard,https://gccindex.in/company/vanguard,1,17 Apr 2026,news,Expansion — Hyderabad,"Vanguard establishes a key global hub in Hyderabad, expanding its workforce to 2,400 employees by 2029."
Velir,Velir,https://gccindex.in/company/velir,1,5 Jun 2026,news,New GCC — Jaipur,"Velir launches Velir India, a new global delivery capability based in Jaipur, expanding the US digital agency's worldwide delivery model."
Veradigm,Veradigm,https://gccindex.in/company/veradigm,1,28 Apr 2026,news,Expansion — Pune,"Veradigm expands its Pune operations with office and leadership growth, appointing Divesh Singla as managing director to scale talent and position India as a core engine of its global operations."
Veradigm,Veradigm,https://gccindex.in/company/veradigm,2,28 Apr 2026,people,MD,Divesh Singla
VIRA Insight,VIRA Insight,https://gccindex.in/company/vira-insight,1,2 Apr 2026,news,New GCC — Hyderabad,"Manufacturing major VIRA Insight establishes a global capability center in Hyderabad to support core functions, improve collaboration, and advance engineering, data, and technology capabilities."
Voya Financial,Voya Financial,https://gccindex.in/company/voya-financial,1,10 Jun 2026,news,New GCC — Hyderabad,"Voya Financial establishes a new office in Hyderabad to support technology, operations, and business functions, expanding its presence in India."
Wacker,Wacker,https://gccindex.in/company/wacker,1,27 Aug 2026,news,New GCC — Pune,"Wacker Chemie AG establishes a GCC in Pune to enhance engineering, IT and digital transformation functions, supporting its global delivery and digital execution operations across multiple markets."
Walmart,Walmart,https://gccindex.in/company/walmart,1,16 Apr 2025,news,Expansion — Chennai,"Walmart establishes a second Global Capability Centre in Chennai, focusing on next-gen solutions in cloud infrastructure, automation, and customer experience enhancement, generating hundreds of high-skilled roles in software engineering, data science, and cybersecurity"
Walmart,Walmart,https://gccindex.in/company/walmart,2,22 Apr 2026,mca,Subsidiary incorporated,CIN U70200KA2026FTC219650
Warner Bros. Discovery,Warner Bros. Discovery,https://gccindex.in/company/warner-bros-discovery,1,20 May 2026,news,Expansion — Hyderabad,"Warner Bros. Discovery expands Hyderabad office, strengthening technology footprint"
Warner Bros. Discovery,Warner Bros. Discovery,https://gccindex.in/company/warner-bros-discovery,2,20 May 2026,people,India GBS Leader,Jaideep Agarwal
Wayfair,Wayfair,https://gccindex.in/company/wayfair,1,6 May 2025,news,New GCC — Bengaluru,"Wayfair establishes a Global Capability Center in Bengaluru, driving product development, UX design, and supply chain engineering for its global operations, with a focus on AI and Generative AI."
WEKA,WEKA,https://gccindex.in/company/weka,1,30 Jul 2025,news,Expansion — Bengaluru,"WEKA opened an India Center of Excellence in Bengaluru, bringing its research and development, engineering, customer success and regional sales teams onto one site and expanding India operations the AI data platform company established in 2023."
Wells Fargo,Wells Fargo,https://gccindex.in/company/wells-fargo,1,8 May 2025,news,Expansion — Bengaluru,"Wells Fargo establishes a phased exit from Chennai, consolidating its India operations into Bengaluru and Hyderabad, aligning with its global enterprise goals."
Welspun,Welspun,https://gccindex.in/company/welspun,1,22 Jul 2026,news,New GCC — Hyderabad,"Welspun inaugurated an innovation hub in Hyderabad that will develop AI, smart factory, Industry 4.0, advanced analytics and digital engineering solutions to enhance operational efficiency for its global businesses."
Western Union,Western Union,https://gccindex.in/company/western-union,1,28 Jan 2026,news,Expansion — Hyderabad,"Western Union establishes a Global Capability Center in Hyderabad to accelerate AI-led innovation and drive engineering excellence, strengthening its strategic partnership with HCLTech."
Western Union,Western Union,https://gccindex.in/company/western-union,2,4 Apr 2026,pipeline,Intent announced,"Western Union announced the setting up of its second GCC in Hyderabad, India, which is slated to bring together a team of 400+ professionals. The announcement was made in the presence of senior executives and government officials."
WEX,WEX,https://gccindex.in/company/wex,1,16 Jul 2026,news,New GCC — Bengaluru,"WEX opens a technology centre in Bengaluru, housing cross‑functional software engineering, product development, cloud architecture, data science, AI and cybersecurity teams that will develop and scale solutions for its mobility, corporate payments and health‑benefits businesses."
WirelessCar,WirelessCar,https://gccindex.in/company/wirelesscar,1,10 Nov 2025,mca,Subsidiary incorporated,CIN U62099KA2025FTC210745 · IT/Software
WirelessCar,WirelessCar,https://gccindex.in/company/wirelesscar,2,4 Jun 2026,news,New GCC — Bengaluru,"WirelessCar opens a Bangalore office to serve as a delivery hub for connected‑vehicle services, supporting existing customers and new opportunities across Asian markets and strengthening collaboration with the local technology ecosystem."
Wise,Wise,https://gccindex.in/company/wise,1,15 Jul 2025,news,New GCC — Hyderabad,"Wise opened a full-stack hub in Hyderabad, its second in the Asia-Pacific region. The team reached 70 people across engineering, operations and people functions within three months of hiring beginning, and the company plans to add hundreds of roles over the coming years. Wise also launched international account details enabling Indian businesses to get paid from abroad."
Wise,Wise,https://gccindex.in/company/wise,2,31 Dec 2025,mca,Subsidiary incorporated,CIN U82990TS2025FTC208983 · BPO/Shared Services
Woodside Energy,Woodside Energy,https://gccindex.in/company/woodside-energy,1,16 Sep 2026,news,New GCC — Bengaluru,"Woodside Energy opens a global capability centre in Bengaluru, focusing on product engineering, AI, cybersecurity, data engineering and expanding finance, procurement and operational excellence functions, with a workforce of over 150 staff."
Workato,Workato,https://gccindex.in/company/workato,1,13 Aug 2026,news,Expansion — Hyderabad,"Workato, the US enterprise orchestration platform, opened a new facility in Hyderabad where its own engineers work alongside customers, global system integrator partners and developers to co-design, build and ship agentic AI solutions."
Workday,Workday,https://gccindex.in/company/workday,1,24 Apr 2025,mca,Subsidiary incorporated,CIN U62099PN2025FTC241152 · IT/Software
Workday,Workday,https://gccindex.in/company/workday,2,26 Mar 2026,pipeline,Plans To,"Workday plans to add new office locations in Delhi and Bengaluru as part of its ongoing expansion in India, amid growing enterprise demand. The US-based firm currently operates across Mumbai, Chennai, and Pune."
Workday,Workday,https://gccindex.in/company/workday,3,1 Apr 2026,news,New GCC — Chennai,"Workday establishes a Global Capability Centre in Chennai, marking a significant expansion of its operations in India."
Workday,Workday,https://gccindex.in/company/workday,4,4 Apr 2026,pipeline,Intent announced,"Workday Inc. has announced plans to establish its first Global Capability Center in Chennai, which will support the company's operations across finance, HR, and enterprise planning, and is expected to generate high-value employment opportunities in the region."
Zebra Technologies,Zebra Technologies,https://gccindex.in/company/zebra,1,24 Jun 2025,news,Expansion — Noida,"Zebra Technologies establishes an expanded office in Noida, doubling its previous facility size, to foster deeper collaboration with local partners and customers, and accelerate digital transformation across India."
ZEISS,ZEISS,https://gccindex.in/company/zeiss,1,15 May 2025,news,New GCC — Bengaluru,"ZEISS India establishes a nerve centre for data engineering, cloud excellence, and responsible AI adoption at its Bengaluru Global Capability Center, driving digital governance and AI innovation from India."
Zendesk,Zendesk,https://gccindex.in/company/zendesk,1,27 Feb 2026,news,New GCC — Pune,"Zendesk establishes an innovation hub in Pune to drive global product development and accelerate its AI-powered service platform strategy, strengthening its global R&D capabilities and integrating India into its core product development network."
Zimmer Biomet,Zimmer Biomet,https://gccindex.in/company/zimmer-biomet,1,19 Feb 2026,mca,Subsidiary incorporated,CIN U62099KA2026FTC216359 · IT/Software
Zimmer Biomet,Zimmer Biomet,https://gccindex.in/company/zimmer-biomet,2,7 May 2026,news,New GCC — Bengaluru,Zimmer Biomet establishes a new Global Capability Center in Bengaluru to support its global growth strategy and leverage India's digital and engineering talent ecosystem.
ZS Associates,ZS Associates,https://gccindex.in/company/zs-associates,1,12 Aug 2025,news,Expansion — Hyderabad,"ZS establishes a new 50,000 sq ft office in Hyderabad, designed to accommodate 550–600 employees, reinforcing its commitment to delivering greater capacity and end-to-end Global Capability Centre offerings"
ZS Associates,ZS Associates,https://gccindex.in/company/zs-associates,2,11 Nov 2025,news,Expansion — Bengaluru,"ZS Associates establishes a strategic Global Capability Centre (GCC) in India, expanding its local presence and transforming its India operations into a hub for innovation and leadership."
Zurich Insurance Group,Zurich Insurance Group,https://gccindex.in/company/zurich-insurance,1,3 Dec 2025,mca,Subsidiary incorporated,CIN U82990TS2025FTC207002 · BPO/Shared Services
Zurich Insurance Group,Zurich Insurance Group,https://gccindex.in/company/zurich-insurance,2,11 Dec 2025,pipeline,In talks,"Zurich Insurance executives explored opportunities to establish a new GCC in Hyderabad, focusing on digital transformation, data engineering, and insurance-tech innovations."
Zurich Insurance Group,Zurich Insurance Group,https://gccindex.in/company/zurich-insurance,3,29 Apr 2026,news,New GCC — Hyderabad,"Zurich Insurance Group establishes a new Global Capability Center in Hyderabad to develop technology and AI-led capabilities, enabling AI-driven ways of working."
Zurich Insurance Group,Zurich Insurance Group,https://gccindex.in/company/zurich-insurance,4,29 Apr 2026,people,Global Head of Zurich Capability Centers,Amit Kalra
Zurich Insurance Group,Zurich Insurance Group,https://gccindex.in/company/zurich-insurance,5,29 Apr 2026,pipeline,Intent announced,"Zurich Insurance Group has announced plans to establish a new Global Capability Center in Hyderabad, which will be a critical hub for the company's global operations and transformation initiatives, focusing on developing technology and AI-led capabilities."
