gcc_id,parent_company,indian_entity_name,mca_cin,parent_country,primary_city,cities,sector,functions,headcount_band,maturity_stage,year_established,verification_status,confidence_score,source_ids,source_urls,last_checked,notes
GCC-0001,3M,,nan,"St. Paul, United States",Bengaluru,"Bengaluru, Chennai, Delhi, Hyderabad, Kolkata, Mumbai, Mysuru",Engineering & Industrial,nan,nan,Unknown,nan,single-directory seed,72,SRC_FLEXIPLE_GCC_INDIA_HTML,https://flexiple.com/gcc/india#gcc-3m,2026-09-25,Seeded from public directory exports; verify individual legal entity before treating as canonical.
GCC-0002,4flow,,U62099KA2025FTC210241,nan,Bengaluru,Bengaluru,Logistics & Transportation,Global Capability Expansion,nan,Unknown,nan,single-directory seed,72,SRC_GCC_INDEX_COMPANIES_HTML,https://gccindex.in/company/4flow,2026-09-25,Seeded from public directory exports; verify individual legal entity before treating as canonical.
GCC-0003,6sense,,nan,United States,Bengaluru,"Bengaluru, Pune",Technology,nan,1001-5000 people,Unknown,nan,single-directory seed,72,SRC_FLEXIPLE_GCC_INDIA_HTML,https://flexiple.com/gcc/india#gcc-6sense,2026-09-25,Seeded from public directory exports; verify individual legal entity before treating as canonical.
GCC-0004,A.P. Moller - Maersk,,nan,"Copenhagen, Denmark",Chennai,"Chennai, Mumbai, Bengaluru, Pune",Engineering & Industrial,Software Engineer,"10,000+ people",Unknown,1999.0,single-directory seed,72,SRC_FLEXIPLE_GCC_INDIA_HTML,https://flexiple.com/gcc/india#gcc-a-p-moller-maersk,2026-09-25,Seeded from public directory exports; verify individual legal entity before treating as canonical.
GCC-0005,AB InBev,,nan,"Leuven, Belgium",Bengaluru,"Bengaluru, Hyderabad, Chhatrapati-Sambhajinagar, Mumbai, Delhi",Retail & Consumer,nan,"10,000+ people",Unknown,nan,single-directory seed,72,SRC_FLEXIPLE_GCC_INDIA_HTML,https://flexiple.com/gcc/india#gcc-ab-inbev,2026-09-25,Seeded from public directory exports; verify individual legal entity before treating as canonical.
GCC-0006,Abacus.AI,,nan,"San Francisco, United States",Bengaluru,"Bengaluru, Delhi, Hyderabad, Jaipur, Mumbai, Pune, Vadodara",Technology,nan,nan,Unknown,nan,single-directory seed,72,SRC_FLEXIPLE_GCC_INDIA_HTML,https://flexiple.com/gcc/india#gcc-abacus-ai,2026-09-25,Seeded from public directory exports; verify individual legal entity before treating as canonical.
GCC-0007,Abbott,,nan,"Abbott Park, United States",Mumbai,Mumbai,Healthcare & Pharma,nan,nan,Unknown,nan,single-directory seed,72,SRC_FLEXIPLE_GCC_INDIA_HTML,https://flexiple.com/gcc/india#gcc-abbott,2026-09-25,Seeded from public directory exports; verify individual legal entity before treating as canonical.
GCC-0008,ABC Fitness,,U62099TS2024FTC192459,"Sherwood, United States",Bengaluru,"Bengaluru, Chennai, Coimbatore, Delhi, Hyderabad, Kochi, Kolkata, Mumbai, Thiruvananthapuram, Visakhapatnam",Technology,nan,nan,Unknown,nan,cross-directory match,86,SRC_FLEXIPLE_GCC_INDIA_HTML;SRC_GCC_INDEX_COMPANIES_HTML,https://flexiple.com/gcc/india#gcc-abc-fitness;https://gccindex.in/company/abc-fitness,2026-09-25,Seeded from public directory exports; verify individual legal entity before treating as canonical.
GCC-0009,ABeam Consulting Ltd.,,F07048,nan,Chennai,Chennai,Consulting & Professional Services,Innovation & R&D,nan,Unknown,nan,single-directory seed,72,SRC_GCC_INDEX_COMPANIES_HTML,https://gccindex.in/company/abeam-consulting,2026-09-25,Seeded from public directory exports; verify individual legal entity before treating as canonical.
GCC-0010,Abercrombie & Fitch,,U62099KA2025FTC209169,nan,Bengaluru,Bengaluru,Retail & Consumer,Digital Transformation,nan,Unknown,nan,single-directory seed,72,SRC_GCC_INDEX_COMPANIES_HTML,https://gccindex.in/company/abercrombie-fitch,2026-09-25,Seeded from public directory exports; verify individual legal entity before treating as canonical.
GCC-0011,Acabes International,,nan,Jordan,Chennai,Chennai,BFSI,nan,201-500 people,Unknown,nan,single-directory seed,72,SRC_FLEXIPLE_GCC_INDIA_HTML,https://flexiple.com/gcc/india#gcc-acabes-international,2026-09-25,Seeded from public directory exports; verify individual legal entity before treating as canonical.
GCC-0012,Accenture,,nan,"Dublin, Ireland",Bengaluru,"Bengaluru, Hyderabad, Chennai, Mumbai, Pune",Professional & Info Services,Software Engineer; Application Development Analyst; Data Engineer,"10,000+ people",Unknown,nan,single-directory seed,72,SRC_FLEXIPLE_GCC_INDIA_HTML,https://flexiple.com/gcc/india#gcc-accenture,2026-09-25,Seeded from public directory exports; verify individual legal entity before treating as canonical.
GCC-0013,Accordion,,nan,United States,Hyderabad,Hyderabad,Professional & Info Services,Data Engineer; Business Analyst,501-1000 people,Unknown,nan,single-directory seed,72,SRC_FLEXIPLE_GCC_INDIA_HTML,https://flexiple.com/gcc/india#gcc-accordion,2026-09-25,Seeded from public directory exports; verify individual legal entity before treating as canonical.
GCC-0014,Acumatica,,U62099TS2025FTC208693,nan,Hyderabad,Hyderabad,Technology & Software,Innovation & R&D,nan,Unknown,nan,single-directory seed,72,SRC_GCC_INDEX_COMPANIES_HTML,https://gccindex.in/company/acumatica,2026-09-25,Seeded from public directory exports; verify individual legal entity before treating as canonical.
GCC-0015,adidas,,nan,"Herzogenaurach, Germany",Chennai,"Chennai, Delhi",Retail & Consumer,nan,nan,Unknown,nan,single-directory seed,72,SRC_FLEXIPLE_GCC_INDIA_HTML,https://flexiple.com/gcc/india#gcc-adidas,2026-09-25,Seeded from public directory exports; verify individual legal entity before treating as canonical.
GCC-0016,Adobe,,nan,"San Jose, United States",Bengaluru,"Bengaluru, Delhi, Mumbai, Hyderabad",Technology,Computer Scientist; Software Engineer; Software Development Engineer,"10,000+ people",Unknown,1997.0,single-directory seed,72,SRC_FLEXIPLE_GCC_INDIA_HTML,https://flexiple.com/gcc/india#gcc-adobe,2026-09-25,Seeded from public directory exports; verify individual legal entity before treating as canonical.
GCC-0017,ADP,,nan,"Roseland, USA",Hyderabad,"Hyderabad, Pune, Delhi, Chennai, Bengaluru",Professional & Info Services,Software Engineer,"10,000+ people",Unknown,1999.0,single-directory seed,72,SRC_FLEXIPLE_GCC_INDIA_HTML,https://flexiple.com/gcc/india#gcc-adp,2026-09-25,Seeded from public directory exports; verify individual legal entity before treating as canonical.
GCC-0018,Aeries Technology,,—,nan,Bengaluru,Bengaluru,Technology & Software,Global Capability Expansion,nan,Unknown,nan,single-directory seed,72,SRC_GCC_INDEX_COMPANIES_HTML,https://gccindex.in/company/aeries,2026-09-25,Seeded from public directory exports; verify individual legal entity before treating as canonical.
GCC-0019,Agilent Technologies,,—,"Santa Clara, United States",Hyderabad,Hyderabad,Healthcare & Pharma,nan,nan,Unknown,nan,cross-directory match,86,SRC_FLEXIPLE_GCC_INDIA_HTML;SRC_GCC_INDEX_COMPANIES_HTML,https://flexiple.com/gcc/india#gcc-agilent-technologies;https://gccindex.in/company/agilent,2026-09-25,Seeded from public directory exports; verify individual legal entity before treating as canonical.
GCC-0020,Agilysys,,nan,United States,Chennai,"Chennai, Coimbatore",Technology,Software Analyst,1001-5000 people,Unknown,nan,single-directory seed,72,SRC_FLEXIPLE_GCC_INDIA_HTML,https://flexiple.com/gcc/india#gcc-agilysys,2026-09-25,Seeded from public directory exports; verify individual legal entity before treating as canonical.
GCC-0021,Agoda,,nan,Singapore,nan,nan,Retail & Consumer,nan,nan,Unknown,nan,single-directory seed,72,SRC_FLEXIPLE_GCC_INDIA_HTML,https://flexiple.com/gcc/india#gcc-agoda,2026-09-25,Seeded from public directory exports; verify individual legal entity before treating as canonical.
GCC-0022,AHEAD,,—,nan,Bengaluru,Bengaluru,Technology & Software,Global Capability Expansion,nan,Unknown,nan,single-directory seed,72,SRC_GCC_INDEX_COMPANIES_HTML,https://gccindex.in/company/ahead,2026-09-25,Seeded from public directory exports; verify individual legal entity before treating as canonical.
GCC-0023,Airbnb,,nan,"San Francisco, United States",Ahmedabad,"Ahmedabad, Bengaluru, Chennai, Delhi, Hyderabad, Jaipur, Kolkata, Mumbai, Pune",Retail & Consumer,nan,nan,Unknown,nan,single-directory seed,72,SRC_FLEXIPLE_GCC_INDIA_HTML,https://flexiple.com/gcc/india#gcc-airbnb,2026-09-25,Seeded from public directory exports; verify individual legal entity before treating as canonical.
GCC-0024,Airbus,,—,"Toulouse, France",Bengaluru,"Bengaluru, Delhi, Hyderabad, Mumbai, Chennai",Engineering & Industrial,Software Engineer,"10,000+ people",Unknown,2007.0,cross-directory match,86,SRC_FLEXIPLE_GCC_INDIA_HTML;SRC_GCC_INDEX_COMPANIES_HTML,https://flexiple.com/gcc/india#gcc-airbus;https://gccindex.in/company/airbus,2026-09-25,Seeded from public directory exports; verify individual legal entity before treating as canonical.
GCC-0025,Akamai Technologies,,nan,United States,Bengaluru,"Bengaluru, Hyderabad, Chennai, Mumbai, Delhi",Technology,Software Engineer,"10,000+ people",Unknown,nan,single-directory seed,72,SRC_FLEXIPLE_GCC_INDIA_HTML,https://flexiple.com/gcc/india#gcc-akamai-technologies,2026-09-25,Seeded from public directory exports; verify individual legal entity before treating as canonical.
GCC-0026,Aker Solutions,,nan,"Fornebu, Norway",Mumbai,Mumbai,Energy,nan,nan,Unknown,nan,single-directory seed,72,SRC_FLEXIPLE_GCC_INDIA_HTML,https://flexiple.com/gcc/india#gcc-aker-solutions,2026-09-25,Seeded from public directory exports; verify individual legal entity before treating as canonical.
GCC-0027,Albertsons,,U62099KA2025FTC200765,nan,Bengaluru,Bengaluru,Retail & Consumer,Innovation & R&D,nan,Unknown,nan,single-directory seed,72,SRC_GCC_INDEX_COMPANIES_HTML,https://gccindex.in/company/albertsons,2026-09-25,Seeded from public directory exports; verify individual legal entity before treating as canonical.
GCC-0028,Alcon,,—,nan,Bengaluru,Bengaluru,Healthcare & Life Sciences,Global Capability Expansion,nan,Unknown,nan,single-directory seed,72,SRC_GCC_INDEX_COMPANIES_HTML,https://gccindex.in/company/alcon,2026-09-25,Seeded from public directory exports; verify individual legal entity before treating as canonical.
GCC-0029,Alight Solutions,,—,nan,Chennai,Chennai,Technology & Software,Global Capability Expansion,nan,Unknown,nan,single-directory seed,72,SRC_GCC_INDEX_COMPANIES_HTML,https://gccindex.in/company/alight,2026-09-25,Seeded from public directory exports; verify individual legal entity before treating as canonical.
GCC-0030,"Alkami Technology, Inc.",,U62020HR2024FTC126618,nan,Gurugram,Gurugram,Technology & Software,Innovation & R&D,nan,Unknown,nan,single-directory seed,72,SRC_GCC_INDEX_COMPANIES_HTML,https://gccindex.in/company/alkami,2026-09-25,Seeded from public directory exports; verify individual legal entity before treating as canonical.
GCC-0031,Allianz Technology,,nan,"Munich, Germany",Thiruvananthapuram,"Thiruvananthapuram, Delhi, Pune, Bengaluru",BFSI,nan,"10,000+ people",Unknown,nan,single-directory seed,72,SRC_FLEXIPLE_GCC_INDIA_HTML,https://flexiple.com/gcc/india#gcc-allianz,2026-09-25,Seeded from public directory exports; verify individual legal entity before treating as canonical.
GCC-0032,Allstate India,,nan,"Northbrook, United States",Bengaluru,"Bengaluru, Pune, Mumbai",BFSI,nan,1001-5000 people,Unknown,nan,single-directory seed,72,SRC_FLEXIPLE_GCC_INDIA_HTML,https://flexiple.com/gcc/india#gcc-allstate-india,2026-09-25,Seeded from public directory exports; verify individual legal entity before treating as canonical.
GCC-0033,Alstom,,nan,"Saint-Ouen-sur-Seine, France",Bengaluru,"Bengaluru, Hyderabad, Vadodara, Chennai, Delhi",Engineering & Industrial,nan,"10,000+ people",Unknown,2001.0,single-directory seed,72,SRC_FLEXIPLE_GCC_INDIA_HTML,https://flexiple.com/gcc/india#gcc-alstom,2026-09-25,Seeded from public directory exports; verify individual legal entity before treating as canonical.
GCC-0034,Altair,,nan,"Troy, United States",Bengaluru,Bengaluru,Technology,nan,nan,Unknown,nan,single-directory seed,72,SRC_FLEXIPLE_GCC_INDIA_HTML,https://flexiple.com/gcc/india#gcc-altair-engineering,2026-09-25,Seeded from public directory exports; verify individual legal entity before treating as canonical.
GCC-0035,Altera Digital Health India,,nan,Canada,Pune,"Pune, Vadodara, Bengaluru, Mumbai, Hyderabad",Healthcare & Pharma,nan,"5001-10,000 people",Unknown,nan,single-directory seed,72,SRC_FLEXIPLE_GCC_INDIA_HTML,https://flexiple.com/gcc/india#gcc-altera-digital-health-india,2026-09-25,Seeded from public directory exports; verify individual legal entity before treating as canonical.
GCC-0036,Altimetrik,,—,nan,Pune,Pune,Technology & Software,Digital Transformation,nan,Unknown,nan,single-directory seed,72,SRC_GCC_INDEX_COMPANIES_HTML,https://gccindex.in/company/altimetrik,2026-09-25,Seeded from public directory exports; verify individual legal entity before treating as canonical.
GCC-0037,Alvarez & Marsal,,U70200HR2024FTC119901,"New York, United States",Bengaluru,"Bengaluru, Delhi, Mumbai",Professional & Info Services,nan,nan,Unknown,nan,cross-directory match,86,SRC_FLEXIPLE_GCC_INDIA_HTML;SRC_GCC_INDEX_COMPANIES_HTML,https://flexiple.com/gcc/india#gcc-alvarez-and-marsal;https://gccindex.in/company/alvarez-marsal,2026-09-25,Seeded from public directory exports; verify individual legal entity before treating as canonical.
GCC-0038,Amadeus,,nan,Spain,Bengaluru,"Bengaluru, Delhi, Hyderabad, Mumbai, Pune",Technology,Software Development Engineer; Software Engineer,"10,000+ people",Unknown,nan,single-directory seed,72,SRC_FLEXIPLE_GCC_INDIA_HTML,https://flexiple.com/gcc/india#gcc-amadeus,2026-09-25,Seeded from public directory exports; verify individual legal entity before treating as canonical.
GCC-0039,Amazon,,nan,"Seattle, United States",Bengaluru,"Bengaluru, Hyderabad, Delhi, Chennai, Mumbai",Technology,Software Development Engineer; Software Engineer; Data,"10,000+ people",Unknown,2004.0,single-directory seed,72,SRC_FLEXIPLE_GCC_INDIA_HTML,https://flexiple.com/gcc/india#gcc-amazon,2026-09-25,Seeded from public directory exports; verify individual legal entity before treating as canonical.
GCC-0040,AMD,,—,"Santa Clara, United States",Bengaluru,"Bengaluru, Hyderabad, Delhi, Mumbai, Chennai",Technology,nan,"10,000+ people",Unknown,2001.0,cross-directory match,86,SRC_FLEXIPLE_GCC_INDIA_HTML;SRC_GCC_INDEX_COMPANIES_HTML,https://flexiple.com/gcc/india#gcc-amd;https://gccindex.in/company/amd,2026-09-25,Seeded from public directory exports; verify individual legal entity before treating as canonical.
GCC-0041,Amdocs,,nan,"Chesterfield, United States",Pune,"Pune, Delhi, Mumbai, Hyderabad",Telecom & Media,Software Engineer; Software Test Engineer; DevOps Engineer,"10,000+ people",Unknown,2004.0,single-directory seed,72,SRC_FLEXIPLE_GCC_INDIA_HTML,https://flexiple.com/gcc/india#gcc-amdocs,2026-09-25,Seeded from public directory exports; verify individual legal entity before treating as canonical.
GCC-0042,American Airlines,,nan,"Fort Worth, United States",Bengaluru,"Bengaluru, Chennai, Delhi, Hyderabad, Mumbai, Pune",Retail & Consumer,nan,nan,Unknown,nan,single-directory seed,72,SRC_FLEXIPLE_GCC_INDIA_HTML,https://flexiple.com/gcc/india#gcc-american-airlines,2026-09-25,Seeded from public directory exports; verify individual legal entity before treating as canonical.
GCC-0043,American Express,,nan,"New York, USA",Delhi,"Delhi, Bengaluru, Mumbai",BFSI,Software Engineer; Data Analyst,"10,000+ people",Unknown,1994.0,single-directory seed,72,SRC_FLEXIPLE_GCC_INDIA_HTML,https://flexiple.com/gcc/india#gcc-american-express,2026-09-25,Seeded from public directory exports; verify individual legal entity before treating as canonical.
GCC-0044,"Ameriprise Financial Services, LLC",,nan,United States,Delhi,"Delhi, Hyderabad",BFSI,nan,"10,000+ people",Unknown,nan,single-directory seed,72,SRC_FLEXIPLE_GCC_INDIA_HTML,https://flexiple.com/gcc/india#gcc-ameriprise-financial-services-llc,2026-09-25,Seeded from public directory exports; verify individual legal entity before treating as canonical.
GCC-0045,Amgen,,U62099TS2024FTC191930,nan,Hyderabad,Hyderabad,Healthcare & Life Sciences,AI & Advanced Technology,nan,Unknown,nan,single-directory seed,72,SRC_GCC_INDEX_COMPANIES_HTML,https://gccindex.in/company/amgen,2026-09-25,Seeded from public directory exports; verify individual legal entity before treating as canonical.
GCC-0046,AML RightSource,,—,nan,Noida,Noida,Financial Services,Global Capability Expansion,nan,Unknown,nan,single-directory seed,72,SRC_GCC_INDEX_COMPANIES_HTML,https://gccindex.in/company/aml-rightsource,2026-09-25,Seeded from public directory exports; verify individual legal entity before treating as canonical.
GCC-0047,AMS,,—,nan,Pune,Pune,Consulting & Professional Services,Global Capability Expansion,nan,Unknown,nan,single-directory seed,72,SRC_GCC_INDEX_COMPANIES_HTML,https://gccindex.in/company/ams,2026-09-25,Seeded from public directory exports; verify individual legal entity before treating as canonical.
GCC-0048,Amtech Software,,U62099KA2025FTC212495,nan,Bengaluru,Bengaluru,Technology & Software,Global Capability Expansion,nan,Unknown,nan,single-directory seed,72,SRC_GCC_INDEX_COMPANIES_HTML,https://gccindex.in/company/amtech-software,2026-09-25,Seeded from public directory exports; verify individual legal entity before treating as canonical.
GCC-0049,Analog Devices,,nan,"Wilmington, United States",Bengaluru,"Bengaluru, Delhi, Hyderabad",Technology,nan,nan,Unknown,nan,single-directory seed,72,SRC_FLEXIPLE_GCC_INDIA_HTML,https://flexiple.com/gcc/india#gcc-analog-devices,2026-09-25,Seeded from public directory exports; verify individual legal entity before treating as canonical.
GCC-0050,Anaplan,,—,nan,Gurugram,Gurugram,Technology & Software,Global Capability Expansion,nan,Unknown,nan,single-directory seed,72,SRC_GCC_INDEX_COMPANIES_HTML,https://gccindex.in/company/anaplan,2026-09-25,Seeded from public directory exports; verify individual legal entity before treating as canonical.
GCC-0051,Anaptyss,,—,nan,Gurugram,Gurugram,Financial Services,Talent & Workforce Development,nan,Unknown,nan,single-directory seed,72,SRC_GCC_INDEX_COMPANIES_HTML,https://gccindex.in/company/anaptyss,2026-09-25,Seeded from public directory exports; verify individual legal entity before treating as canonical.
GCC-0052,Anthology,,nan,United States,Bengaluru,"Bengaluru, Chennai, Delhi",Technology,nan,1001-5000 people,Unknown,nan,single-directory seed,72,SRC_FLEXIPLE_GCC_INDIA_HTML,https://flexiple.com/gcc/india#gcc-anthology,2026-09-25,Seeded from public directory exports; verify individual legal entity before treating as canonical.
GCC-0053,ANZ,,nan,"Melbourne, Australia",Bengaluru,"Bengaluru, Mumbai, Hyderabad, Chennai, Delhi",BFSI,Software Engineer,"10,000+ people",Unknown,1989.0,single-directory seed,72,SRC_FLEXIPLE_GCC_INDIA_HTML,https://flexiple.com/gcc/india#gcc-anz,2026-09-25,Seeded from public directory exports; verify individual legal entity before treating as canonical.
GCC-0054,Aon,,—,"London, UK",Delhi,"Delhi, Bengaluru, Mumbai",BFSI,nan,"10,000+ people",Unknown,nan,cross-directory match,86,SRC_FLEXIPLE_GCC_INDIA_HTML;SRC_GCC_INDEX_COMPANIES_HTML,https://flexiple.com/gcc/india#gcc-aon;https://gccindex.in/company/aon,2026-09-25,Seeded from public directory exports; verify individual legal entity before treating as canonical.
GCC-0055,Aperam,,—,nan,Hyderabad,Hyderabad,Manufacturing & Industrial,Global Capability Expansion,nan,Unknown,nan,single-directory seed,72,SRC_GCC_INDEX_COMPANIES_HTML,https://gccindex.in/company/aperam,2026-09-25,Seeded from public directory exports; verify individual legal entity before treating as canonical.
GCC-0056,Apple,,U62099KA2026FTC219177,"Cupertino, United States",Hyderabad,"Hyderabad, Delhi, Bengaluru, Mumbai, Chennai",Technology,nan,"10,000+ people",Unknown,2016.0,cross-directory match,86,SRC_FLEXIPLE_GCC_INDIA_HTML;SRC_GCC_INDEX_COMPANIES_HTML,https://flexiple.com/gcc/india#gcc-apple;https://gccindex.in/company/apple-india,2026-09-25,Seeded from public directory exports; verify individual legal entity before treating as canonical.
GCC-0057,Applied Materials,,—,"Santa Clara, United States",Bengaluru,"Bengaluru, Chennai, Mumbai, Hyderabad, Mysuru",Technology,nan,"10,000+ people",Unknown,2003.0,cross-directory match,86,SRC_FLEXIPLE_GCC_INDIA_HTML;SRC_GCC_INDEX_COMPANIES_HTML,https://flexiple.com/gcc/india#gcc-applied-materials;https://gccindex.in/company/applied-materials,2026-09-25,Seeded from public directory exports; verify individual legal entity before treating as canonical.
GCC-0058,Aptean Food & Beverage,,nan,United States,Bengaluru,"Bengaluru, Madurai, Coimbatore, Chennai",Technology,nan,1001-5000 people,Unknown,nan,single-directory seed,72,SRC_FLEXIPLE_GCC_INDIA_HTML,https://flexiple.com/gcc/india#gcc-aptean-food-and-beverage,2026-09-25,Seeded from public directory exports; verify individual legal entity before treating as canonical.
GCC-0059,Aramex,,—,nan,Pune,Pune,Logistics & Transportation,Global Capability Expansion,nan,Unknown,nan,single-directory seed,72,SRC_GCC_INDEX_COMPANIES_HTML,https://gccindex.in/company/aramex,2026-09-25,Seeded from public directory exports; verify individual legal entity before treating as canonical.
GCC-0060,Arcadia,,nan,United States,Chennai,"Chennai, Coimbatore, Bengaluru",Technology,Data Analyst,501-1000 people,Unknown,nan,single-directory seed,72,SRC_FLEXIPLE_GCC_INDIA_HTML,https://flexiple.com/gcc/india#gcc-arcadia,2026-09-25,Seeded from public directory exports; verify individual legal entity before treating as canonical.
GCC-0061,ArcelorMittal,,U62099DL2025FTC443764,nan,Pune,"Pune, Hyderabad",Manufacturing & Industrial,"Global Capability Expansion, Innovation & R&D",nan,Unknown,nan,single-directory seed,72,SRC_GCC_INDEX_COMPANIES_HTML,https://gccindex.in/company/arcelormittal,2026-09-25,Seeded from public directory exports; verify individual legal entity before treating as canonical.
GCC-0062,Arcesium,,nan,United States,Hyderabad,"Hyderabad, Bengaluru, Delhi, Mumbai",Technology,Software Engineer,1001-5000 people,Unknown,nan,single-directory seed,72,SRC_FLEXIPLE_GCC_INDIA_HTML,https://flexiple.com/gcc/india#gcc-arcesium,2026-09-25,Seeded from public directory exports; verify individual legal entity before treating as canonical.
GCC-0063,Arch Global Services,,U62099TS2025FTC195292,nan,Thiruvananthapuram,Thiruvananthapuram,Financial Services,Global Capability Expansion,nan,Unknown,nan,single-directory seed,72,SRC_GCC_INDEX_COMPANIES_HTML,https://gccindex.in/company/arch,2026-09-25,Seeded from public directory exports; verify individual legal entity before treating as canonical.
GCC-0064,Arctera,,—,nan,Pune,Pune,Technology & Software,Innovation & R&D,nan,Unknown,nan,single-directory seed,72,SRC_GCC_INDEX_COMPANIES_HTML,https://gccindex.in/company/arctera,2026-09-25,Seeded from public directory exports; verify individual legal entity before treating as canonical.
GCC-0065,Arctic Wolf,,U62099KA2024FTC187571,nan,Bengaluru,Bengaluru,Technology & Software,Innovation & R&D,nan,Unknown,nan,single-directory seed,72,SRC_GCC_INDEX_COMPANIES_HTML,https://gccindex.in/company/arctic-wolf,2026-09-25,Seeded from public directory exports; verify individual legal entity before treating as canonical.
GCC-0066,Arista Networks,,nan,"Santa Clara, United States",Bengaluru,"Bengaluru, Chennai, Delhi, Pune",Technology,nan,nan,Unknown,nan,single-directory seed,72,SRC_FLEXIPLE_GCC_INDIA_HTML,https://flexiple.com/gcc/india#gcc-arista-networks,2026-09-25,Seeded from public directory exports; verify individual legal entity before treating as canonical.
GCC-0067,ARKO Corp,,U62099KA2026FTC221226,nan,Bengaluru,Bengaluru,Retail & Consumer,Talent & Workforce Development,nan,Unknown,nan,single-directory seed,72,SRC_GCC_INDEX_COMPANIES_HTML,https://gccindex.in/company/arko,2026-09-25,Seeded from public directory exports; verify individual legal entity before treating as canonical.
GCC-0068,Arrive,,U62099KA2026FTC221423,nan,Bengaluru,Bengaluru,Technology & Software,Global Capability Expansion,nan,Unknown,nan,single-directory seed,72,SRC_GCC_INDEX_COMPANIES_HTML,https://gccindex.in/company/arrive,2026-09-25,Seeded from public directory exports; verify individual legal entity before treating as canonical.
GCC-0069,Ashland,,nan,"Wilmington, United States",Hyderabad,Hyderabad,Engineering & Industrial,nan,nan,Unknown,nan,single-directory seed,72,SRC_FLEXIPLE_GCC_INDIA_HTML,https://flexiple.com/gcc/india#gcc-ashland,2026-09-25,Seeded from public directory exports; verify individual legal entity before treating as canonical.
GCC-0070,Assent,,U62099PN2025FTC239498,"Ottawa, Canada",Pune,Pune,Technology,nan,nan,Unknown,nan,cross-directory match,86,SRC_FLEXIPLE_GCC_INDIA_HTML;SRC_GCC_INDEX_COMPANIES_HTML,https://flexiple.com/gcc/india#gcc-assent;https://gccindex.in/company/assent,2026-09-25,Seeded from public directory exports; verify individual legal entity before treating as canonical.
GCC-0071,AstraZeneca,,—,"Cambridge, United Kingdom",Bengaluru,"Bengaluru, Chennai, Delhi, Mumbai, Nagpur",Healthcare & Pharma,nan,nan,Unknown,nan,cross-directory match,86,SRC_FLEXIPLE_GCC_INDIA_HTML;SRC_GCC_INDEX_COMPANIES_HTML,https://flexiple.com/gcc/india#gcc-astrazeneca;https://gccindex.in/company/astrazeneca,2026-09-25,Seeded from public directory exports; verify individual legal entity before treating as canonical.
GCC-0072,AT&S,,—,nan,Pune,Pune,Semiconductors & Electronics,Global Capability Expansion,nan,Unknown,nan,single-directory seed,72,SRC_GCC_INDEX_COMPANIES_HTML,https://gccindex.in/company/ats,2026-09-25,Seeded from public directory exports; verify individual legal entity before treating as canonical.
GCC-0073,athenahealth,,nan,United States,Chennai,"Chennai, Bengaluru, Pune, Coimbatore, Hyderabad",Healthcare & Pharma,nan,"5001-10,000 people",Unknown,nan,single-directory seed,72,SRC_FLEXIPLE_GCC_INDIA_HTML,https://flexiple.com/gcc/india#gcc-athenahealth,2026-09-25,Seeded from public directory exports; verify individual legal entity before treating as canonical.
GCC-0074,Atlassian,,—,"Sydney, Australia",Bengaluru,"Bengaluru, Hyderabad, Delhi, Mumbai",Technology,Software Engineer,"10,000+ people",Unknown,nan,cross-directory match,86,SRC_FLEXIPLE_GCC_INDIA_HTML;SRC_GCC_INDEX_COMPANIES_HTML,https://flexiple.com/gcc/india#gcc-atlassian;https://gccindex.in/company/atlassian,2026-09-25,Seeded from public directory exports; verify individual legal entity before treating as canonical.
GCC-0075,Atos,,nan,"Bezons, France",Bengaluru,"Bengaluru, Chennai, Mumbai, Pune, Hyderabad",Professional & Info Services,nan,"10,000+ people",Unknown,nan,single-directory seed,72,SRC_FLEXIPLE_GCC_INDIA_HTML,https://flexiple.com/gcc/india#gcc-atos,2026-09-25,Seeded from public directory exports; verify individual legal entity before treating as canonical.
GCC-0076,Aurus,,nan,United States,Pune,Pune,Technology,nan,501-1000 people,Unknown,nan,single-directory seed,72,SRC_FLEXIPLE_GCC_INDIA_HTML,https://flexiple.com/gcc/india#gcc-aurus,2026-09-25,Seeded from public directory exports; verify individual legal entity before treating as canonical.
GCC-0077,Autodesk,,nan,"San Francisco, United States",Bengaluru,"Bengaluru, Pune, Hyderabad, Delhi, Chennai",Technology,Software Engineer; Software Development Engineer,"10,000+ people",Unknown,nan,single-directory seed,72,SRC_FLEXIPLE_GCC_INDIA_HTML,https://flexiple.com/gcc/india#gcc-autodesk,2026-09-25,Seeded from public directory exports; verify individual legal entity before treating as canonical.
GCC-0078,Availity,,—,nan,Bengaluru,Bengaluru,Healthcare & Life Sciences,Global Capability Expansion,nan,Unknown,nan,single-directory seed,72,SRC_GCC_INDEX_COMPANIES_HTML,https://gccindex.in/company/availity,2026-09-25,Seeded from public directory exports; verify individual legal entity before treating as canonical.
GCC-0079,Avalara,,nan,United States,Pune,"Pune, Bengaluru, Delhi, Hyderabad",Technology,nan,"5001-10,000 people",Unknown,nan,single-directory seed,72,SRC_FLEXIPLE_GCC_INDIA_HTML,https://flexiple.com/gcc/india#gcc-avalara,2026-09-25,Seeded from public directory exports; verify individual legal entity before treating as canonical.
GCC-0080,Avathon,,nan,United States,Bengaluru,Bengaluru,Technology,nan,201-500 people,Unknown,nan,single-directory seed,72,SRC_FLEXIPLE_GCC_INDIA_HTML,https://flexiple.com/gcc/india#gcc-avathon,2026-09-25,Seeded from public directory exports; verify individual legal entity before treating as canonical.
GCC-0081,Avaya,,nan,"Morristown, United States",Bengaluru,"Bengaluru, Hyderabad, Pune",Technology,nan,nan,Unknown,nan,single-directory seed,72,SRC_FLEXIPLE_GCC_INDIA_HTML,https://flexiple.com/gcc/india#gcc-avaya,2026-09-25,Seeded from public directory exports; verify individual legal entity before treating as canonical.
GCC-0082,Avery Dennison,,nan,"Mentor, United States",Bengaluru,"Bengaluru, Delhi, Hyderabad, Kolkata, Mumbai",Engineering & Industrial,nan,nan,Unknown,nan,single-directory seed,72,SRC_FLEXIPLE_GCC_INDIA_HTML,https://flexiple.com/gcc/india#gcc-avery-dennison,2026-09-25,Seeded from public directory exports; verify individual legal entity before treating as canonical.
GCC-0083,AXA,,nan,"Paris, France",Bengaluru,"Bengaluru, Pune",BFSI,nan,nan,Unknown,nan,single-directory seed,72,SRC_FLEXIPLE_GCC_INDIA_HTML,https://flexiple.com/gcc/india#gcc-axa,2026-09-25,Seeded from public directory exports; verify individual legal entity before treating as canonical.
GCC-0084,Axiado,,U62099TS2025FTC198062,nan,Bengaluru,Bengaluru,Semiconductors & Electronics,Innovation & R&D,nan,Unknown,nan,single-directory seed,72,SRC_GCC_INDEX_COMPANIES_HTML,https://gccindex.in/company/axiado,2026-09-25,Seeded from public directory exports; verify individual legal entity before treating as canonical.
GCC-0085,Azentio,,nan,Singapore,Chennai,"Chennai, Bengaluru, Mumbai, Hyderabad",Technology,Software Engineer,1001-5000 people,Unknown,nan,single-directory seed,72,SRC_FLEXIPLE_GCC_INDIA_HTML,https://flexiple.com/gcc/india#gcc-azentio,2026-09-25,Seeded from public directory exports; verify individual legal entity before treating as canonical.
GCC-0086,Backbase,,nan,Netherlands,Hyderabad,"Hyderabad, Bengaluru",Technology,nan,1001-5000 people,Unknown,nan,single-directory seed,72,SRC_FLEXIPLE_GCC_INDIA_HTML,https://flexiple.com/gcc/india#gcc-backbase,2026-09-25,Seeded from public directory exports; verify individual legal entity before treating as canonical.
GCC-0087,Bain & Company,,nan,"Boston, United States",Delhi,"Delhi, Mumbai, Bengaluru",Professional & Info Services,nan,"10,000+ people",Unknown,nan,single-directory seed,72,SRC_FLEXIPLE_GCC_INDIA_HTML,https://flexiple.com/gcc/india#gcc-bain-and-company,2026-09-25,Seeded from public directory exports; verify individual legal entity before treating as canonical.
GCC-0088,Baker Hughes,,nan,United States,Bengaluru,"Bengaluru, Mumbai, Coimbatore, Pune, Hyderabad",Energy,nan,"10,000+ people",Unknown,nan,single-directory seed,72,SRC_FLEXIPLE_GCC_INDIA_HTML,https://flexiple.com/gcc/india#gcc-baker-hughes,2026-09-25,Seeded from public directory exports; verify individual legal entity before treating as canonical.
GCC-0089,Bank of America,,nan,"Charlotte, USA",Hyderabad,"Hyderabad, Chennai, Mumbai, Delhi",BFSI,Software Engineer,"10,000+ people",Unknown,2003.0,single-directory seed,72,SRC_FLEXIPLE_GCC_INDIA_HTML,https://flexiple.com/gcc/india#gcc-bank-of-america,2026-09-25,Seeded from public directory exports; verify individual legal entity before treating as canonical.
GCC-0090,Barclays,,nan,"London, UK",Pune,"Pune, Chennai, Delhi, Mumbai",BFSI,Software Engineer; Data Engineer; Full Stack Engineer,"10,000+ people",Unknown,2007.0,single-directory seed,72,SRC_FLEXIPLE_GCC_INDIA_HTML,https://flexiple.com/gcc/india#gcc-barclays,2026-09-25,Seeded from public directory exports; verify individual legal entity before treating as canonical.
GCC-0091,BASF,,U62020MH2026FTC465112,nan,Hyderabad,Hyderabad,Manufacturing & Industrial,Global Capability Expansion,nan,Unknown,nan,single-directory seed,72,SRC_GCC_INDEX_COMPANIES_HTML,https://gccindex.in/company/basf,2026-09-25,Seeded from public directory exports; verify individual legal entity before treating as canonical.
GCC-0092,BAT,,U62099KA2026FTC219579,nan,Bengaluru,Bengaluru,Retail & Consumer,Global Capability Expansion,nan,Unknown,nan,single-directory seed,72,SRC_GCC_INDEX_COMPANIES_HTML,https://gccindex.in/company/bat,2026-09-25,Seeded from public directory exports; verify individual legal entity before treating as canonical.
GCC-0093,Baxter,,nan,"Deerfield, United States",Bengaluru,"Bengaluru, Chennai, Delhi, Hyderabad, Kolkata, Mumbai, Pune",Healthcare & Pharma,nan,nan,Unknown,nan,single-directory seed,72,SRC_FLEXIPLE_GCC_INDIA_HTML,https://flexiple.com/gcc/india#gcc-baxter,2026-09-25,Seeded from public directory exports; verify individual legal entity before treating as canonical.
GCC-0094,Bayer,,—,"Leverkusen, Germany",Bengaluru,"Bengaluru, Mumbai, Hyderabad, Kolkata",Healthcare & Pharma,nan,"10,000+ people",Unknown,nan,cross-directory match,86,SRC_FLEXIPLE_GCC_INDIA_HTML;SRC_GCC_INDEX_COMPANIES_HTML,https://flexiple.com/gcc/india#gcc-bayer;https://gccindex.in/company/bayer,2026-09-25,Seeded from public directory exports; verify individual legal entity before treating as canonical.
GCC-0095,BDO,,—,nan,Chennai,Chennai,Consulting & Professional Services,Global Capability Expansion,nan,Unknown,nan,single-directory seed,72,SRC_GCC_INDEX_COMPANIES_HTML,https://gccindex.in/company/bdo,2026-09-25,Seeded from public directory exports; verify individual legal entity before treating as canonical.
GCC-0096,Billtrust,,—,nan,Hyderabad,Hyderabad,Financial Services,Global Capability Expansion,nan,Unknown,nan,single-directory seed,72,SRC_GCC_INDEX_COMPANIES_HTML,https://gccindex.in/company/billtrust,2026-09-25,Seeded from public directory exports; verify individual legal entity before treating as canonical.
GCC-0097,Bioforum,,U63111KA2026FTC221782,nan,Bengaluru,Bengaluru,Healthcare & Life Sciences,Innovation & R&D,nan,Unknown,nan,single-directory seed,72,SRC_GCC_INDEX_COMPANIES_HTML,https://gccindex.in/company/bioforum,2026-09-25,Seeded from public directory exports; verify individual legal entity before treating as canonical.
GCC-0098,Biz2X,,nan,United States,Delhi,Delhi,Technology,Software Engineer,201-500 people,Unknown,nan,single-directory seed,72,SRC_FLEXIPLE_GCC_INDIA_HTML,https://flexiple.com/gcc/india#gcc-biz2x,2026-09-25,Seeded from public directory exports; verify individual legal entity before treating as canonical.
GCC-0099,Blackbaud,,U62099TS2024FTC187579,nan,Hyderabad,Hyderabad,Technology & Software,Global Capability Expansion,nan,Unknown,nan,single-directory seed,72,SRC_GCC_INDEX_COMPANIES_HTML,https://gccindex.in/company/blackbaud,2026-09-25,Seeded from public directory exports; verify individual legal entity before treating as canonical.
GCC-0100,blackNgreen,,nan,United Arab Emirates,Delhi,"Delhi, Chennai",Telecom & Media,Software Engineer,201-500 people,Unknown,nan,single-directory seed,72,SRC_FLEXIPLE_GCC_INDIA_HTML,https://flexiple.com/gcc/india#gcc-blackngreen,2026-09-25,Seeded from public directory exports; verify individual legal entity before treating as canonical.
GCC-0101,BlackRock,,nan,"New York, United States",Mumbai,"Mumbai, Delhi, Bengaluru",BFSI,Software Engineer,"10,000+ people",Unknown,nan,single-directory seed,72,SRC_FLEXIPLE_GCC_INDIA_HTML,https://flexiple.com/gcc/india#gcc-blackrock,2026-09-25,Seeded from public directory exports; verify individual legal entity before treating as canonical.
GCC-0102,Bloomberg,,nan,United States,Mumbai,"Mumbai, Delhi, Bengaluru",Professional & Info Services,nan,"10,000+ people",Unknown,nan,single-directory seed,72,SRC_FLEXIPLE_GCC_INDIA_HTML,https://flexiple.com/gcc/india#gcc-bloomberg,2026-09-25,Seeded from public directory exports; verify individual legal entity before treating as canonical.
GCC-0103,Blue Yonder,,nan,"Scottsdale, United States",Bengaluru,"Bengaluru, Hyderabad, Coimbatore, Chennai, Pune",Technology,Software Engineer,"5001-10,000 people",Unknown,nan,single-directory seed,72,SRC_FLEXIPLE_GCC_INDIA_HTML,https://flexiple.com/gcc/india#gcc-blue-yonder,2026-09-25,Seeded from public directory exports; verify individual legal entity before treating as canonical.
GCC-0104,Blupace,,—,nan,Hyderabad,Hyderabad,Technology & Software,Global Capability Expansion,nan,Unknown,nan,single-directory seed,72,SRC_GCC_INDEX_COMPANIES_HTML,https://gccindex.in/company/blupace,2026-09-25,Seeded from public directory exports; verify individual legal entity before treating as canonical.
GCC-0105,BMC Software,,nan,"Houston, United States",Pune,"Pune, Bengaluru, Mumbai, Chennai",Technology,nan,"5001-10,000 people",Unknown,nan,single-directory seed,72,SRC_FLEXIPLE_GCC_INDIA_HTML,https://flexiple.com/gcc/india#gcc-bmc-software,2026-09-25,Seeded from public directory exports; verify individual legal entity before treating as canonical.
GCC-0106,BMS,,—,nan,Mumbai,Mumbai,Financial Services,Global Capability Expansion,nan,Unknown,nan,single-directory seed,72,SRC_GCC_INDEX_COMPANIES_HTML,https://gccindex.in/company/bms,2026-09-25,Seeded from public directory exports; verify individual legal entity before treating as canonical.
GCC-0107,BNP Paribas,,nan,"Paris, France",Bengaluru,"Bengaluru, Chennai, Delhi, Gift-City, Mumbai, Pune",BFSI,nan,nan,Unknown,nan,single-directory seed,72,SRC_FLEXIPLE_GCC_INDIA_HTML,https://flexiple.com/gcc/india#gcc-bnp-paribas,2026-09-25,Seeded from public directory exports; verify individual legal entity before treating as canonical.
GCC-0108,BNY,,nan,"New York, USA",Chennai,"Chennai, Pune, Mumbai, Bengaluru",BFSI,Software Engineer; Full Stack Engineer; Software Development Engineer,"10,000+ people",Unknown,2000.0,single-directory seed,72,SRC_FLEXIPLE_GCC_INDIA_HTML,https://flexiple.com/gcc/india#gcc-bny,2026-09-25,Seeded from public directory exports; verify individual legal entity before treating as canonical.
GCC-0109,Boeing,,nan,"Arlington, United States",Bengaluru,"Bengaluru, Chennai, Delhi, Hyderabad, Mumbai",Engineering & Industrial,Software Engineer,"10,000+ people",Unknown,2009.0,single-directory seed,72,SRC_FLEXIPLE_GCC_INDIA_HTML,https://flexiple.com/gcc/india#gcc-boeing,2026-09-25,Seeded from public directory exports; verify individual legal entity before treating as canonical.
GCC-0110,BOLD,,nan,United States,Delhi,Delhi,Technology,Software Engineer,1001-5000 people,Unknown,nan,single-directory seed,72,SRC_FLEXIPLE_GCC_INDIA_HTML,https://flexiple.com/gcc/india#gcc-bold,2026-09-25,Seeded from public directory exports; verify individual legal entity before treating as canonical.
GCC-0111,BorgWarner,,nan,"Auburn Hills, United States",Bengaluru,Bengaluru,Engineering & Industrial,nan,nan,Unknown,nan,single-directory seed,72,SRC_FLEXIPLE_GCC_INDIA_HTML,https://flexiple.com/gcc/india#gcc-borgwarner,2026-09-25,Seeded from public directory exports; verify individual legal entity before treating as canonical.
GCC-0112,Bosch Global Software Technologies,,nan,"Gerlingen, Germany",Bengaluru,"Bengaluru, Coimbatore, Hyderabad, Chennai, Pune",Engineering & Industrial,Software Engineer; DevOps Engineer; Full Stack Engineer,"10,000+ people",Unknown,1997.0,single-directory seed,72,SRC_FLEXIPLE_GCC_INDIA_HTML,https://flexiple.com/gcc/india#gcc-bosch-global-software-technologies,2026-09-25,Seeded from public directory exports; verify individual legal entity before treating as canonical.
GCC-0113,Boston Consulting Group,,—,nan,Hyderabad,Hyderabad,Consulting & Professional Services,Global Capability Expansion,nan,Unknown,nan,single-directory seed,72,SRC_GCC_INDEX_COMPANIES_HTML,https://gccindex.in/company/boston-consulting,2026-09-25,Seeded from public directory exports; verify individual legal entity before treating as canonical.
GCC-0114,Boston Scientific,,—,nan,Pune,Pune,Healthcare & Life Sciences,Global Capability Expansion,nan,Unknown,nan,single-directory seed,72,SRC_GCC_INDEX_COMPANIES_HTML,https://gccindex.in/company/boston-scientific,2026-09-25,Seeded from public directory exports; verify individual legal entity before treating as canonical.
GCC-0115,Bottomline,,nan,United States,Bengaluru,Bengaluru,Technology,nan,1001-5000 people,Unknown,nan,single-directory seed,72,SRC_FLEXIPLE_GCC_INDIA_HTML,https://flexiple.com/gcc/india#gcc-bottomline,2026-09-25,Seeded from public directory exports; verify individual legal entity before treating as canonical.
GCC-0116,bp,,—,"London, United Kingdom",Pune,"Pune, Kolkata, Mumbai, Bengaluru, Delhi",Energy,nan,"10,000+ people",Unknown,2021.0,cross-directory match,86,SRC_FLEXIPLE_GCC_INDIA_HTML;SRC_GCC_INDEX_COMPANIES_HTML,https://flexiple.com/gcc/india#gcc-bp;https://gccindex.in/company/bp,2026-09-25,Seeded from public directory exports; verify individual legal entity before treating as canonical.
GCC-0117,Bristol Myers Squibb,,nan,"Princeton, United States",Hyderabad,"Hyderabad, Bengaluru, Mumbai, Delhi, Chennai",Healthcare & Pharma,nan,"10,000+ people",Unknown,nan,single-directory seed,72,SRC_FLEXIPLE_GCC_INDIA_HTML,https://flexiple.com/gcc/india#gcc-bristol-myers-squibb,2026-09-25,Seeded from public directory exports; verify individual legal entity before treating as canonical.
GCC-0118,Broadcom,,nan,"Palo Alto, USA",Bengaluru,"Bengaluru, Hyderabad, Pune, Chennai, Mumbai",Technology,nan,"10,000+ people",Unknown,nan,single-directory seed,72,SRC_FLEXIPLE_GCC_INDIA_HTML,https://flexiple.com/gcc/india#gcc-broadcom,2026-09-25,Seeded from public directory exports; verify individual legal entity before treating as canonical.
GCC-0119,Broadridge,,nan,"Lake Success, USA",Hyderabad,"Hyderabad, Bengaluru, Mumbai, Chennai, Delhi",Technology,nan,"10,000+ people",Unknown,2007.0,single-directory seed,72,SRC_FLEXIPLE_GCC_INDIA_HTML,https://flexiple.com/gcc/india#gcc-broadridge,2026-09-25,Seeded from public directory exports; verify individual legal entity before treating as canonical.
GCC-0120,BT Group,,nan,"London, United Kingdom",Kolkata,"Kolkata, Bengaluru, Delhi",Telecom & Media,Software Engineer,"10,000+ people",Unknown,2008.0,single-directory seed,72,SRC_FLEXIPLE_GCC_INDIA_HTML,https://flexiple.com/gcc/india#gcc-bt-group,2026-09-25,Seeded from public directory exports; verify individual legal entity before treating as canonical.
GCC-0121,C&R Software,,—,nan,Nagpur,Nagpur,Technology & Software,Innovation & R&D,nan,Unknown,nan,single-directory seed,72,SRC_GCC_INDEX_COMPANIES_HTML,https://gccindex.in/company/cr-software,2026-09-25,Seeded from public directory exports; verify individual legal entity before treating as canonical.
GCC-0122,Calderys,,—,nan,Pune,Pune,Manufacturing & Industrial,Global Capability Expansion,nan,Unknown,nan,single-directory seed,72,SRC_GCC_INDEX_COMPANIES_HTML,https://gccindex.in/company/calderys,2026-09-25,Seeded from public directory exports; verify individual legal entity before treating as canonical.
GCC-0123,Capgemini,,nan,"Paris, France",Bengaluru,"Bengaluru, Hyderabad, Mumbai, Chennai, Pune",Professional & Info Services,Software Engineer; Software Analyst; Data Engineer,"10,000+ people",Unknown,nan,single-directory seed,72,SRC_FLEXIPLE_GCC_INDIA_HTML,https://flexiple.com/gcc/india#gcc-capgemini,2026-09-25,Seeded from public directory exports; verify individual legal entity before treating as canonical.
GCC-0124,Care ADHD,,—,nan,Bengaluru,Bengaluru,Healthcare & Life Sciences,Global Capability Expansion,nan,Unknown,nan,single-directory seed,72,SRC_GCC_INDEX_COMPANIES_HTML,https://gccindex.in/company/care-adhd,2026-09-25,Seeded from public directory exports; verify individual legal entity before treating as canonical.
GCC-0125,Carelon Global Solutions India,,nan,"Indianapolis, USA",Bengaluru,"Bengaluru, Hyderabad, Delhi, Chennai",Healthcare & Pharma,Software Engineer; Claims,"10,000+ people",Unknown,nan,single-directory seed,72,SRC_FLEXIPLE_GCC_INDIA_HTML,https://flexiple.com/gcc/india#gcc-carelon-global-solutions-india,2026-09-25,Seeded from public directory exports; verify individual legal entity before treating as canonical.
GCC-0126,CareStack,,nan,United States,Thiruvananthapuram,"Thiruvananthapuram, Kochi, Bengaluru, Kollam",Healthcare & Pharma,nan,501-1000 people,Unknown,nan,single-directory seed,72,SRC_FLEXIPLE_GCC_INDIA_HTML,https://flexiple.com/gcc/india#gcc-carestack,2026-09-25,Seeded from public directory exports; verify individual legal entity before treating as canonical.
GCC-0127,Cargill,,—,"Minneapolis, United States",Bengaluru,"Bengaluru, Chennai, Delhi",Retail & Consumer,nan,nan,Unknown,nan,cross-directory match,86,SRC_FLEXIPLE_GCC_INDIA_HTML;SRC_GCC_INDEX_COMPANIES_HTML,https://flexiple.com/gcc/india#gcc-cargill;https://gccindex.in/company/cargill,2026-09-25,Seeded from public directory exports; verify individual legal entity before treating as canonical.
GCC-0128,Carlsberg,,nan,"Copenhagen, Denmark",Delhi,"Delhi, Hyderabad, Mumbai",Retail & Consumer,nan,nan,Unknown,nan,single-directory seed,72,SRC_FLEXIPLE_GCC_INDIA_HTML,https://flexiple.com/gcc/india#gcc-carlsberg,2026-09-25,Seeded from public directory exports; verify individual legal entity before treating as canonical.
GCC-0129,Carlsberg Group,,—,nan,Gurugram,Gurugram,Retail & Consumer,Innovation & R&D,nan,Unknown,nan,single-directory seed,72,SRC_GCC_INDEX_COMPANIES_HTML,https://gccindex.in/company/carlsberg,2026-09-25,Seeded from public directory exports; verify individual legal entity before treating as canonical.
GCC-0130,Carrier,,nan,"Palm Beach Gardens, United States",Delhi,Delhi,Engineering & Industrial,nan,nan,Unknown,nan,single-directory seed,72,SRC_FLEXIPLE_GCC_INDIA_HTML,https://flexiple.com/gcc/india#gcc-carrier,2026-09-25,Seeded from public directory exports; verify individual legal entity before treating as canonical.
GCC-0131,Catalyst Brands,,—,nan,Bengaluru,Bengaluru,Retail & Consumer,Global Capability Expansion,nan,Unknown,nan,single-directory seed,72,SRC_GCC_INDEX_COMPANIES_HTML,https://gccindex.in/company/catalyst-brands,2026-09-25,Seeded from public directory exports; verify individual legal entity before treating as canonical.
GCC-0132,Caterpillar Inc.,,nan,"Irving, United States",Chennai,"Chennai, Bengaluru, Coimbatore, Chhatrapati-Sambhajinagar, Hosur",Engineering & Industrial,nan,"10,000+ people",Unknown,2002.0,single-directory seed,72,SRC_FLEXIPLE_GCC_INDIA_HTML,https://flexiple.com/gcc/india#gcc-caterpillar,2026-09-25,Seeded from public directory exports; verify individual legal entity before treating as canonical.
GCC-0133,CBRE,,nan,United States,Hyderabad,"Hyderabad, Bengaluru, Mumbai, Chennai, Delhi",Professional & Info Services,nan,"10,000+ people",Unknown,nan,single-directory seed,72,SRC_FLEXIPLE_GCC_INDIA_HTML,https://flexiple.com/gcc/india#gcc-cbre,2026-09-25,Seeded from public directory exports; verify individual legal entity before treating as canonical.
GCC-0134,CDK Global,,nan,United States,Hyderabad,"Hyderabad, Pune, Bengaluru",Technology,Software Engineer,"5001-10,000 people",Unknown,nan,single-directory seed,72,SRC_FLEXIPLE_GCC_INDIA_HTML,https://flexiple.com/gcc/india#gcc-cdk-global,2026-09-25,Seeded from public directory exports; verify individual legal entity before treating as canonical.
GCC-0135,Celonis,,—,nan,Bengaluru,Bengaluru,Technology & Software,Global Capability Expansion,nan,Unknown,nan,single-directory seed,72,SRC_GCC_INDEX_COMPANIES_HTML,https://gccindex.in/company/celonis,2026-09-25,Seeded from public directory exports; verify individual legal entity before treating as canonical.
GCC-0136,Centrica,,—,nan,Hyderabad,Hyderabad,Energy & Utilities,Global Capability Expansion,nan,Unknown,nan,single-directory seed,72,SRC_GCC_INDEX_COMPANIES_HTML,https://gccindex.in/company/centrica,2026-09-25,Seeded from public directory exports; verify individual legal entity before treating as canonical.
GCC-0137,Chain-Sys,,nan,United States,Chennai,"Chennai, Madurai, Coimbatore, Bengaluru",Technology,nan,1001-5000 people,Unknown,nan,single-directory seed,72,SRC_FLEXIPLE_GCC_INDIA_HTML,https://flexiple.com/gcc/india#gcc-chain-sys,2026-09-25,Seeded from public directory exports; verify individual legal entity before treating as canonical.
GCC-0138,ChargePoint,,nan,United States,Bengaluru,"Bengaluru, Delhi, Chennai",Energy,nan,1001-5000 people,Unknown,nan,single-directory seed,72,SRC_FLEXIPLE_GCC_INDIA_HTML,https://flexiple.com/gcc/india#gcc-chargepoint,2026-09-25,Seeded from public directory exports; verify individual legal entity before treating as canonical.
GCC-0139,Charles Schwab,,U62099TS2025FTC203475,nan,Hyderabad,Hyderabad,Financial Services,Global Capability Expansion,nan,Unknown,nan,single-directory seed,72,SRC_GCC_INDEX_COMPANIES_HTML,https://gccindex.in/company/charles-schwab,2026-09-25,Seeded from public directory exports; verify individual legal entity before treating as canonical.
GCC-0140,Check Point Software,,nan,"Tel Aviv, Israel",Bengaluru,"Bengaluru, Chennai, Delhi, Mumbai",Technology,nan,nan,Unknown,nan,single-directory seed,72,SRC_FLEXIPLE_GCC_INDIA_HTML,https://flexiple.com/gcc/india#gcc-check-point-software,2026-09-25,Seeded from public directory exports; verify individual legal entity before treating as canonical.
GCC-0141,Chegg,,nan,United States,Delhi,"Delhi, Kolkata, Bengaluru, Hyderabad, Jaipur",Technology,Software Engineer,"5001-10,000 people",Unknown,nan,single-directory seed,72,SRC_FLEXIPLE_GCC_INDIA_HTML,https://flexiple.com/gcc/india#gcc-chegg,2026-09-25,Seeded from public directory exports; verify individual legal entity before treating as canonical.
GCC-0142,Chetu,,nan,"Sunrise, United States",Delhi,"Delhi, Bengaluru",Professional & Info Services,Software Engineer,1001-5000 people,Unknown,nan,single-directory seed,72,SRC_FLEXIPLE_GCC_INDIA_HTML,https://flexiple.com/gcc/india#gcc-chetu,2026-09-25,Seeded from public directory exports; verify individual legal entity before treating as canonical.
GCC-0143,Chevron,,U74909KA2024FTC190992,"San Ramon, United States",Bengaluru,Bengaluru,Energy,nan,nan,Unknown,nan,cross-directory match,86,SRC_FLEXIPLE_GCC_INDIA_HTML;SRC_GCC_INDEX_COMPANIES_HTML,https://flexiple.com/gcc/india#gcc-chevron-engine;https://gccindex.in/company/chevron,2026-09-25,Seeded from public directory exports; verify individual legal entity before treating as canonical.
GCC-0144,Chubb,,nan,"Zurich, Switzerland",Hyderabad,"Hyderabad, Bengaluru, Chennai, Bhubaneswar, Delhi",BFSI,Software Engineer,"10,000+ people",Unknown,nan,single-directory seed,72,SRC_FLEXIPLE_GCC_INDIA_HTML,https://flexiple.com/gcc/india#gcc-chubb,2026-09-25,Seeded from public directory exports; verify individual legal entity before treating as canonical.
GCC-0145,CIBC,,U62099TS2025FTC206832,nan,Hyderabad,Hyderabad,Financial Services,Global Capability Expansion,nan,Unknown,nan,single-directory seed,72,SRC_GCC_INDEX_COMPANIES_HTML,https://gccindex.in/company/cibc,2026-09-25,Seeded from public directory exports; verify individual legal entity before treating as canonical.
GCC-0146,Cimpress,,nan,Ireland,Mumbai,"Mumbai, Bengaluru, Ahmedabad, Pune",Retail & Consumer,Software Engineer,"10,000+ people",Unknown,nan,single-directory seed,72,SRC_FLEXIPLE_GCC_INDIA_HTML,https://flexiple.com/gcc/india#gcc-cimpress,2026-09-25,Seeded from public directory exports; verify individual legal entity before treating as canonical.
GCC-0147,Cisco,,nan,"San Jose, United States",Bengaluru,"Bengaluru, Hyderabad, Delhi, Mumbai, Chennai",Technology,Software Engineer; Software Development Engineer; Consulting Engineer,"10,000+ people",Unknown,1995.0,single-directory seed,72,SRC_FLEXIPLE_GCC_INDIA_HTML,https://flexiple.com/gcc/india#gcc-cisco,2026-09-25,Seeded from public directory exports; verify individual legal entity before treating as canonical.
GCC-0148,Citi,,nan,"New York, USA",Chennai,"Chennai, Mumbai, Pune, Bengaluru, Delhi",BFSI,Software Engineer; Application Development Analyst,"10,000+ people",Unknown,1985.0,single-directory seed,72,SRC_FLEXIPLE_GCC_INDIA_HTML,https://flexiple.com/gcc/india#gcc-citi,2026-09-25,Seeded from public directory exports; verify individual legal entity before treating as canonical.
GCC-0149,Citizens Financial Group,,—,"Providence, United States",Bengaluru,"Bengaluru, Chennai, Coimbatore, Delhi, Hyderabad, Kochi, Kolkata, Mumbai, Thiruvananthapuram, Visakhapatnam",BFSI,nan,nan,Unknown,nan,cross-directory match,86,SRC_FLEXIPLE_GCC_INDIA_HTML;SRC_GCC_INDEX_COMPANIES_HTML,https://flexiple.com/gcc/india#gcc-citizens-financial;https://gccindex.in/company/citizens-financial,2026-09-25,Seeded from public directory exports; verify individual legal entity before treating as canonical.
GCC-0150,Citrin Cooperman,,—,nan,Hyderabad,Hyderabad,Consulting & Professional Services,Global Capability Expansion,nan,Unknown,nan,single-directory seed,72,SRC_GCC_INDEX_COMPANIES_HTML,https://gccindex.in/company/citrin-cooperman,2026-09-25,Seeded from public directory exports; verify individual legal entity before treating as canonical.
GCC-0151,Civica Education Operations,,nan,United Kingdom,Vadodara,"Vadodara, Ahmedabad, Mumbai, Pune, Delhi",Technology,nan,"5001-10,000 people",Unknown,nan,single-directory seed,72,SRC_FLEXIPLE_GCC_INDIA_HTML,https://flexiple.com/gcc/india#gcc-civica-education-operations,2026-09-25,Seeded from public directory exports; verify individual legal entity before treating as canonical.
GCC-0152,Clariant,,nan,"Muttenz, Switzerland",Mumbai,Mumbai,Engineering & Industrial,nan,nan,Unknown,nan,single-directory seed,72,SRC_FLEXIPLE_GCC_INDIA_HTML,https://flexiple.com/gcc/india#gcc-clariant,2026-09-25,Seeded from public directory exports; verify individual legal entity before treating as canonical.
GCC-0153,Clarivate,,nan,United Kingdom,Bengaluru,"Bengaluru, Delhi, Hyderabad, Chennai",Professional & Info Services,Software Engineer,"10,000+ people",Unknown,nan,single-directory seed,72,SRC_FLEXIPLE_GCC_INDIA_HTML,https://flexiple.com/gcc/india#gcc-clarivate,2026-09-25,Seeded from public directory exports; verify individual legal entity before treating as canonical.
GCC-0154,Clean Harbors,,nan,United States,Hyderabad,"Hyderabad, Pune, Bengaluru",Engineering & Industrial,nan,"10,000+ people",Unknown,nan,single-directory seed,72,SRC_FLEXIPLE_GCC_INDIA_HTML,https://flexiple.com/gcc/india#gcc-clean-harbors,2026-09-25,Seeded from public directory exports; verify individual legal entity before treating as canonical.
GCC-0155,Cloudera,,nan,United States,Bengaluru,"Bengaluru, Chennai, Pune",Technology,Software Engineer,1001-5000 people,Unknown,nan,single-directory seed,72,SRC_FLEXIPLE_GCC_INDIA_HTML,https://flexiple.com/gcc/india#gcc-cloudera,2026-09-25,Seeded from public directory exports; verify individual legal entity before treating as canonical.
GCC-0156,CMA CGM,,nan,"Marseille, France",Delhi,Delhi,Engineering & Industrial,nan,nan,Unknown,nan,single-directory seed,72,SRC_FLEXIPLE_GCC_INDIA_HTML,https://flexiple.com/gcc/india#gcc-cma-cgm,2026-09-25,Seeded from public directory exports; verify individual legal entity before treating as canonical.
GCC-0157,CME Group,,nan,"Chicago, United States",Bengaluru,"Bengaluru, Mumbai",BFSI,nan,nan,Unknown,2015.0,single-directory seed,72,SRC_FLEXIPLE_GCC_INDIA_HTML,https://flexiple.com/gcc/india#gcc-cme,2026-09-25,Seeded from public directory exports; verify individual legal entity before treating as canonical.
GCC-0158,CNH,,nan,"Basildon, United Kingdom",Delhi,"Delhi, Kolkata",Engineering & Industrial,nan,nan,Unknown,nan,single-directory seed,72,SRC_FLEXIPLE_GCC_INDIA_HTML,https://flexiple.com/gcc/india#gcc-cnh-industrial,2026-09-25,Seeded from public directory exports; verify individual legal entity before treating as canonical.
GCC-0159,Codec,,U62099KA2026FTC215998,nan,Bengaluru,Bengaluru,Technology & Software,Global Operations,nan,Unknown,nan,single-directory seed,72,SRC_GCC_INDEX_COMPANIES_HTML,https://gccindex.in/company/codec,2026-09-25,Seeded from public directory exports; verify individual legal entity before treating as canonical.
GCC-0160,Cognite,,U62099KA2024FTC185777,nan,Bengaluru,Bengaluru,Technology & Software,Global Capability Expansion,nan,Unknown,nan,single-directory seed,72,SRC_GCC_INDEX_COMPANIES_HTML,https://gccindex.in/company/cognite,2026-09-25,Seeded from public directory exports; verify individual legal entity before treating as canonical.
GCC-0161,Cognyte,,—,nan,Pune,Pune,Technology & Software,Innovation & R&D,nan,Unknown,nan,single-directory seed,72,SRC_GCC_INDEX_COMPANIES_HTML,https://gccindex.in/company/cognyte,2026-09-25,Seeded from public directory exports; verify individual legal entity before treating as canonical.
GCC-0162,Cohere Health,,—,nan,Hyderabad,Hyderabad,Healthcare & Life Sciences,Global Capability Expansion,nan,Unknown,nan,single-directory seed,72,SRC_GCC_INDEX_COMPANIES_HTML,https://gccindex.in/company/cohere-health,2026-09-25,Seeded from public directory exports; verify individual legal entity before treating as canonical.
GCC-0163,Cohesity,,nan,"San Jose, United States",Pune,"Pune, Bengaluru, Mumbai, Hyderabad",Technology,nan,1001-5000 people,Unknown,nan,single-directory seed,72,SRC_FLEXIPLE_GCC_INDIA_HTML,https://flexiple.com/gcc/india#gcc-cohesity,2026-09-25,Seeded from public directory exports; verify individual legal entity before treating as canonical.
GCC-0164,Coinbase,,nan,"San Francisco, United States",Hyderabad,"Hyderabad, Bengaluru",BFSI,nan,"5001-10,000 people",Unknown,nan,single-directory seed,72,SRC_FLEXIPLE_GCC_INDIA_HTML,https://flexiple.com/gcc/india#gcc-coinbase,2026-09-25,Seeded from public directory exports; verify individual legal entity before treating as canonical.
GCC-0165,Colgate-Palmolive,,nan,United States,Mumbai,"Mumbai, Ahmedabad, Kolkata, Bengaluru",Retail & Consumer,nan,"10,000+ people",Unknown,nan,single-directory seed,72,SRC_FLEXIPLE_GCC_INDIA_HTML,https://flexiple.com/gcc/india#gcc-colgate-palmolive,2026-09-25,Seeded from public directory exports; verify individual legal entity before treating as canonical.
GCC-0166,Collabera,,—,nan,Vadodara,Vadodara,Consulting & Professional Services,Global Capability Expansion,nan,Unknown,nan,single-directory seed,72,SRC_GCC_INDEX_COMPANIES_HTML,https://gccindex.in/company/collabera,2026-09-25,Seeded from public directory exports; verify individual legal entity before treating as canonical.
GCC-0167,Collins Aerospace,,nan,"Charlotte, United States",Bengaluru,"Bengaluru, Delhi, Hyderabad, Kolkata, Mumbai, Nagpur",Engineering & Industrial,nan,nan,Unknown,nan,single-directory seed,72,SRC_FLEXIPLE_GCC_INDIA_HTML,https://flexiple.com/gcc/india#gcc-collins-aerospace,2026-09-25,Seeded from public directory exports; verify individual legal entity before treating as canonical.
GCC-0168,Columbia Group,,U82990MH2025FTC459262,nan,Mumbai,Mumbai,Logistics & Transportation,Global Capability Expansion,nan,Unknown,nan,single-directory seed,72,SRC_GCC_INDEX_COMPANIES_HTML,https://gccindex.in/company/columbia,2026-09-25,Seeded from public directory exports; verify individual legal entity before treating as canonical.
GCC-0169,Comcast,,nan,"Philadelphia, United States",Bengaluru,"Bengaluru, Chennai, Hyderabad, Mumbai",Telecom & Media,nan,nan,Unknown,nan,single-directory seed,72,SRC_FLEXIPLE_GCC_INDIA_HTML,https://flexiple.com/gcc/india#gcc-comcast,2026-09-25,Seeded from public directory exports; verify individual legal entity before treating as canonical.
GCC-0170,CommerceIQ,,nan,United States,Bengaluru,"Bengaluru, Chennai",Technology,nan,501-1000 people,Unknown,nan,single-directory seed,72,SRC_FLEXIPLE_GCC_INDIA_HTML,https://flexiple.com/gcc/india#gcc-commerceiq,2026-09-25,Seeded from public directory exports; verify individual legal entity before treating as canonical.
GCC-0171,Commonwealth Bank,,nan,"Sydney, Australia",Bengaluru,"Bengaluru, Chennai, Hyderabad, Mumbai, Delhi",BFSI,Software Engineer,"10,000+ people",Unknown,2019.0,single-directory seed,72,SRC_FLEXIPLE_GCC_INDIA_HTML,https://flexiple.com/gcc/india#gcc-commonwealth-bank,2026-09-25,Seeded from public directory exports; verify individual legal entity before treating as canonical.
GCC-0172,Commvault,,nan,"Tinton Falls, United States",Bengaluru,"Bengaluru, Hyderabad, Chennai, Coimbatore, Pune",Technology,nan,1001-5000 people,Unknown,nan,single-directory seed,72,SRC_FLEXIPLE_GCC_INDIA_HTML,https://flexiple.com/gcc/india#gcc-commvault,2026-09-25,Seeded from public directory exports; verify individual legal entity before treating as canonical.
GCC-0173,Computacenter,,nan,United Kingdom,Bengaluru,"Bengaluru, Mumbai, Hyderabad, Chennai, Pune",Technology,Technical Analyst,"10,000+ people",Unknown,nan,single-directory seed,72,SRC_FLEXIPLE_GCC_INDIA_HTML,https://flexiple.com/gcc/india#gcc-computacenter,2026-09-25,Seeded from public directory exports; verify individual legal entity before treating as canonical.
GCC-0174,Concentrix,,nan,"Newark, United States",Bengaluru,"Bengaluru, Delhi, Kolkata, Hyderabad",Professional & Info Services,Operations Representative; Customer Support Executive; Technical Support Engineer,"10,000+ people",Unknown,nan,single-directory seed,72,SRC_FLEXIPLE_GCC_INDIA_HTML,https://flexiple.com/gcc/india#gcc-concentrix,2026-09-25,Seeded from public directory exports; verify individual legal entity before treating as canonical.
GCC-0175,Conduent,,nan,"Florham Park, United States",Bengaluru,"Bengaluru, Delhi, Kochi, Hyderabad",Professional & Info Services,nan,"10,000+ people",Unknown,nan,single-directory seed,72,SRC_FLEXIPLE_GCC_INDIA_HTML,https://flexiple.com/gcc/india#gcc-conduent,2026-09-25,Seeded from public directory exports; verify individual legal entity before treating as canonical.
GCC-0176,Confluent,,nan,United States,Bengaluru,"Bengaluru, Hyderabad, Mumbai",Technology,Software Engineer,1001-5000 people,Unknown,nan,single-directory seed,72,SRC_FLEXIPLE_GCC_INDIA_HTML,https://flexiple.com/gcc/india#gcc-confluent,2026-09-25,Seeded from public directory exports; verify individual legal entity before treating as canonical.
GCC-0177,ConnectWise,,nan,United States,Mumbai,"Mumbai, Pune, Bengaluru",Technology,Software Engineer,1001-5000 people,Unknown,nan,single-directory seed,72,SRC_FLEXIPLE_GCC_INDIA_HTML,https://flexiple.com/gcc/india#gcc-connectwise,2026-09-25,Seeded from public directory exports; verify individual legal entity before treating as canonical.
GCC-0178,Consilio,,—,nan,Bengaluru,"Bengaluru, Gurugram",Consulting & Professional Services,"Innovation & R&D, Global Capability Expansion",nan,Unknown,nan,single-directory seed,72,SRC_GCC_INDEX_COMPANIES_HTML,https://gccindex.in/company/consilio,2026-09-25,Seeded from public directory exports; verify individual legal entity before treating as canonical.
GCC-0179,Continental,,nan,"Hanover, Germany",Bengaluru,Bengaluru,Engineering & Industrial,nan,nan,Unknown,nan,single-directory seed,72,SRC_FLEXIPLE_GCC_INDIA_HTML,https://flexiple.com/gcc/india#gcc-continental,2026-09-25,Seeded from public directory exports; verify individual legal entity before treating as canonical.
GCC-0180,Cornerstone OnDemand,,nan,United States,Mumbai,"Mumbai, Hyderabad, Pune, Bengaluru",Technology,Software Engineer,1001-5000 people,Unknown,nan,single-directory seed,72,SRC_FLEXIPLE_GCC_INDIA_HTML,https://flexiple.com/gcc/india#gcc-cornerstone-ondemand,2026-09-25,Seeded from public directory exports; verify individual legal entity before treating as canonical.
GCC-0181,Corning,,nan,"Corning, United States",Delhi,Delhi,Engineering & Industrial,nan,nan,Unknown,nan,single-directory seed,72,SRC_FLEXIPLE_GCC_INDIA_HTML,https://flexiple.com/gcc/india#gcc-corning,2026-09-25,Seeded from public directory exports; verify individual legal entity before treating as canonical.
GCC-0182,Costco,,nan,"Issaquah, United States",Bengaluru,"Bengaluru, Hyderabad",Retail & Consumer,nan,nan,Unknown,nan,single-directory seed,72,SRC_FLEXIPLE_GCC_INDIA_HTML,https://flexiple.com/gcc/india#gcc-costco,2026-09-25,Seeded from public directory exports; verify individual legal entity before treating as canonical.
GCC-0183,Costco Wholesale,,U62099TS2025FTC200374,nan,Hyderabad,Hyderabad,Retail & Consumer,Innovation & R&D,nan,Unknown,nan,single-directory seed,72,SRC_GCC_INDEX_COMPANIES_HTML,https://gccindex.in/company/costco-wholesale,2026-09-25,Seeded from public directory exports; verify individual legal entity before treating as canonical.
GCC-0184,Cotiviti,,nan,United States,Hyderabad,"Hyderabad, Coimbatore, Pune, Chandigarh, Chennai",Healthcare & Pharma,nan,"5001-10,000 people",Unknown,nan,single-directory seed,72,SRC_FLEXIPLE_GCC_INDIA_HTML,https://flexiple.com/gcc/india#gcc-cotiviti,2026-09-25,Seeded from public directory exports; verify individual legal entity before treating as canonical.
GCC-0185,Coupang,,—,nan,Hyderabad,Hyderabad,Retail & Consumer,Global Capability Expansion,nan,Unknown,nan,single-directory seed,72,SRC_GCC_INDEX_COMPANIES_HTML,https://gccindex.in/company/coupang,2026-09-25,Seeded from public directory exports; verify individual legal entity before treating as canonical.
GCC-0186,Covasant Technologies,,—,nan,Hyderabad,Hyderabad,Technology & Software,Global Capability Expansion,nan,Unknown,nan,single-directory seed,72,SRC_GCC_INDEX_COMPANIES_HTML,https://gccindex.in/company/covasant,2026-09-25,Seeded from public directory exports; verify individual legal entity before treating as canonical.
GCC-0187,CrashPlan,,—,nan,Bengaluru,Bengaluru,Technology & Software,Global Capability Expansion,nan,Unknown,nan,single-directory seed,72,SRC_GCC_INDEX_COMPANIES_HTML,https://gccindex.in/company/crashplan,2026-09-25,Seeded from public directory exports; verify individual legal entity before treating as canonical.
GCC-0188,Crowe,,—,nan,Noida,Noida,Consulting & Professional Services,Innovation & R&D,nan,Unknown,nan,single-directory seed,72,SRC_GCC_INDEX_COMPANIES_HTML,https://gccindex.in/company/crowe,2026-09-25,Seeded from public directory exports; verify individual legal entity before treating as canonical.
GCC-0189,CSG International,,nan,United States,Bengaluru,"Bengaluru, Hyderabad, Pune, Chennai, Delhi",Telecom & Media,Software Development Engineer,"5001-10,000 people",Unknown,nan,single-directory seed,72,SRC_FLEXIPLE_GCC_INDIA_HTML,https://flexiple.com/gcc/india#gcc-csg-international,2026-09-25,Seeded from public directory exports; verify individual legal entity before treating as canonical.
GCC-0190,CtrlS Datacenters,,—,nan,Bhopal,Bhopal,Technology & Software,AI & Advanced Technology,nan,Unknown,nan,single-directory seed,72,SRC_GCC_INDEX_COMPANIES_HTML,https://gccindex.in/company/ctrls-datacenters,2026-09-25,Seeded from public directory exports; verify individual legal entity before treating as canonical.
GCC-0191,Cubic,,nan,"San Diego, United States",Bengaluru,"Bengaluru, Chennai, Coimbatore, Delhi, Hyderabad, Kochi, Kolkata, Mumbai, Thiruvananthapuram, Visakhapatnam",Engineering & Industrial,nan,nan,Unknown,nan,single-directory seed,72,SRC_FLEXIPLE_GCC_INDIA_HTML,https://flexiple.com/gcc/india#gcc-cubic,2026-09-25,Seeded from public directory exports; verify individual legal entity before treating as canonical.
GCC-0192,Cummins Inc.,,nan,"Columbus, United States",Pune,"Pune, Indore, Phaltan, Bengaluru, Mumbai",Engineering & Industrial,nan,"10,000+ people",Unknown,2003.0,single-directory seed,72,SRC_FLEXIPLE_GCC_INDIA_HTML,https://flexiple.com/gcc/india#gcc-cummins,2026-09-25,Seeded from public directory exports; verify individual legal entity before treating as canonical.
GCC-0193,Curriculum Associates,,U85500KA2024FTC186526,nan,Bengaluru,Bengaluru,Other / Misc,Global Capability Expansion,nan,Unknown,nan,single-directory seed,72,SRC_GCC_INDEX_COMPANIES_HTML,https://gccindex.in/company/curriculum-associates,2026-09-25,Seeded from public directory exports; verify individual legal entity before treating as canonical.
GCC-0194,Cvent,,nan,United States,Delhi,"Delhi, Bengaluru",Technology,Software Engineer,"5001-10,000 people",Unknown,nan,single-directory seed,72,SRC_FLEXIPLE_GCC_INDIA_HTML,https://flexiple.com/gcc/india#gcc-cvent,2026-09-25,Seeded from public directory exports; verify individual legal entity before treating as canonical.
GCC-0195,Cyderes,,—,nan,Bengaluru,Bengaluru,Technology & Software,Global Capability Expansion,nan,Unknown,nan,single-directory seed,72,SRC_GCC_INDEX_COMPANIES_HTML,https://gccindex.in/company/cyderes,2026-09-25,Seeded from public directory exports; verify individual legal entity before treating as canonical.
GCC-0196,Dai-ichi Life,,nan,"Tokyo, Japan",Hyderabad,Hyderabad,BFSI,nan,nan,Unknown,nan,single-directory seed,72,SRC_FLEXIPLE_GCC_INDIA_HTML,https://flexiple.com/gcc/india#gcc-dai-ichi-life,2026-09-25,Seeded from public directory exports; verify individual legal entity before treating as canonical.
GCC-0197,Dai-ichi Life Group,,—,nan,Hyderabad,Hyderabad,Financial Services,Innovation & R&D,nan,Unknown,nan,single-directory seed,72,SRC_GCC_INDEX_COMPANIES_HTML,https://gccindex.in/company/daiichi-life,2026-09-25,Seeded from public directory exports; verify individual legal entity before treating as canonical.
GCC-0198,Daikin,,U46691DL2026FTC461416,"Osaka, Japan",Delhi,"Delhi, Nagpur",Engineering & Industrial,nan,nan,Unknown,nan,cross-directory match,86,SRC_FLEXIPLE_GCC_INDIA_HTML;SRC_GCC_INDEX_COMPANIES_HTML,https://flexiple.com/gcc/india#gcc-daikin;https://gccindex.in/company/daikin,2026-09-25,Seeded from public directory exports; verify individual legal entity before treating as canonical.
GCC-0199,Daimler Truck,,nan,"Leinfelden-Echterdingen, Germany",Bengaluru,"Bengaluru, Chennai, Coimbatore, Delhi, Hyderabad, Kochi, Kolkata, Mumbai, Thiruvananthapuram, Visakhapatnam",Engineering & Industrial,nan,nan,Unknown,nan,single-directory seed,72,SRC_FLEXIPLE_GCC_INDIA_HTML,https://flexiple.com/gcc/india#gcc-daimler-truck,2026-09-25,Seeded from public directory exports; verify individual legal entity before treating as canonical.
GCC-0200,DAMAC Group,,U70200MH2026FTC470076,"Dubai, United Arab Emirates",Delhi,"Delhi, Pune",Engineering & Industrial,nan,nan,Unknown,nan,cross-directory match,86,SRC_FLEXIPLE_GCC_INDIA_HTML;SRC_GCC_INDEX_COMPANIES_HTML,https://flexiple.com/gcc/india#gcc-damac;https://gccindex.in/company/damac,2026-09-25,Seeded from public directory exports; verify individual legal entity before treating as canonical.
GCC-0201,Dark Matter,,—,nan,Hyderabad,Hyderabad,Technology & Software,Innovation & R&D,nan,Unknown,nan,single-directory seed,72,SRC_GCC_INDEX_COMPANIES_HTML,https://gccindex.in/company/dark-matter,2026-09-25,Seeded from public directory exports; verify individual legal entity before treating as canonical.
GCC-0202,Dassault Systèmes,,nan,"Velizy-Villacoublay, France",Pune,"Pune, Bengaluru, Mumbai, Chennai",Technology,Software Engineering Specialist; Software Engineer; Research And Development Engineer,"10,000+ people",Unknown,2001.0,single-directory seed,72,SRC_FLEXIPLE_GCC_INDIA_HTML,https://flexiple.com/gcc/india#gcc-dassault-systemes,2026-09-25,Seeded from public directory exports; verify individual legal entity before treating as canonical.
GCC-0203,Databricks,,nan,"San Francisco, United States",Bengaluru,"Bengaluru, Chennai, Mumbai",Technology,nan,nan,Unknown,nan,single-directory seed,72,SRC_FLEXIPLE_GCC_INDIA_HTML,https://flexiple.com/gcc/india#gcc-databricks,2026-09-25,Seeded from public directory exports; verify individual legal entity before treating as canonical.
GCC-0204,Datadog,,—,nan,Bengaluru,Bengaluru,Technology & Software,Global Capability Expansion,nan,Unknown,nan,single-directory seed,72,SRC_GCC_INDEX_COMPANIES_HTML,https://gccindex.in/company/datadog,2026-09-25,Seeded from public directory exports; verify individual legal entity before treating as canonical.
GCC-0205,DAZN,,—,"London, United Kingdom",Hyderabad,"Hyderabad, Mangaluru, Bengaluru, Mumbai",Telecom & Media,Software Engineer,1001-5000 people,Unknown,nan,cross-directory match,86,SRC_FLEXIPLE_GCC_INDIA_HTML;SRC_GCC_INDEX_COMPANIES_HTML,https://flexiple.com/gcc/india#gcc-dazn;https://gccindex.in/company/dazn,2026-09-25,Seeded from public directory exports; verify individual legal entity before treating as canonical.
GCC-0206,DBS Bank,,nan,Singapore,Hyderabad,"Hyderabad, Mumbai, Chennai, Bengaluru, Delhi",BFSI,Full Stack Engineer; Software Engineer; Senior Associate,"10,000+ people",Unknown,2016.0,single-directory seed,72,SRC_FLEXIPLE_GCC_INDIA_HTML,https://flexiple.com/gcc/india#gcc-dbs-bank,2026-09-25,Seeded from public directory exports; verify individual legal entity before treating as canonical.
GCC-0207,DeepIntent,,—,nan,Pune,Pune,Technology & Software,Global Capability Expansion,nan,Unknown,nan,single-directory seed,72,SRC_GCC_INDEX_COMPANIES_HTML,https://gccindex.in/company/deepintent,2026-09-25,Seeded from public directory exports; verify individual legal entity before treating as canonical.
GCC-0208,Deepwatch,,—,"Tampa, United States",Bengaluru,Bengaluru,Technology,nan,nan,Unknown,nan,cross-directory match,86,SRC_FLEXIPLE_GCC_INDIA_HTML;SRC_GCC_INDEX_COMPANIES_HTML,https://flexiple.com/gcc/india#gcc-deepwatch;https://gccindex.in/company/deepwatch,2026-09-25,Seeded from public directory exports; verify individual legal entity before treating as canonical.
GCC-0209,Deliveroo,,nan,"London, United Kingdom",Hyderabad,"Hyderabad, Bengaluru",Retail & Consumer,Software Engineer,"5001-10,000 people",Unknown,nan,single-directory seed,72,SRC_FLEXIPLE_GCC_INDIA_HTML,https://flexiple.com/gcc/india#gcc-deliveroo,2026-09-25,Seeded from public directory exports; verify individual legal entity before treating as canonical.
GCC-0210,Dell Technologies,,nan,"Round Rock, United States",Bengaluru,"Bengaluru, Hyderabad, Delhi, Chennai, Mumbai",Technology,Software Engineer,"10,000+ people",Unknown,2001.0,single-directory seed,72,SRC_FLEXIPLE_GCC_INDIA_HTML,https://flexiple.com/gcc/india#gcc-dell-technologies,2026-09-25,Seeded from public directory exports; verify individual legal entity before treating as canonical.
GCC-0211,Deloitte,,—,United Kingdom,Hyderabad,"Hyderabad, Bengaluru, Mumbai, Delhi",Professional & Info Services,Software Engineer; Data Engineer; Data Analyst,"10,000+ people",Unknown,nan,cross-directory match,86,SRC_FLEXIPLE_GCC_INDIA_HTML;SRC_GCC_INDEX_COMPANIES_HTML,https://flexiple.com/gcc/india#gcc-deloitte;https://gccindex.in/company/deloitte,2026-09-25,Seeded from public directory exports; verify individual legal entity before treating as canonical.
GCC-0212,Delta Air Lines,,nan,"Atlanta, United States",Bengaluru,"Bengaluru, Delhi, Mumbai, Hyderabad, Chennai",Retail & Consumer,nan,"10,000+ people",Unknown,nan,single-directory seed,72,SRC_FLEXIPLE_GCC_INDIA_HTML,https://flexiple.com/gcc/india#gcc-delta-air-lines,2026-09-25,Seeded from public directory exports; verify individual legal entity before treating as canonical.
GCC-0213,DESRI,,—,nan,Hyderabad,Hyderabad,Energy & Utilities,Innovation & R&D,nan,Unknown,nan,single-directory seed,72,SRC_GCC_INDEX_COMPANIES_HTML,https://gccindex.in/company/desri,2026-09-25,Seeded from public directory exports; verify individual legal entity before treating as canonical.
GCC-0214,Deutsche Börse,,U62090TS2025FTC197886,nan,Hyderabad,Hyderabad,Financial Services,Global Capability Expansion,nan,Unknown,nan,single-directory seed,72,SRC_GCC_INDEX_COMPANIES_HTML,https://gccindex.in/company/deutsche-borse,2026-09-25,Seeded from public directory exports; verify individual legal entity before treating as canonical.
GCC-0215,Deutsche Bank,,nan,"Frankfurt, Germany",Bengaluru,"Bengaluru, Mumbai, Pune, Jaipur, Delhi",BFSI,Software Engineer; Software Development Engineer,"10,000+ people",Unknown,2006.0,single-directory seed,72,SRC_FLEXIPLE_GCC_INDIA_HTML,https://flexiple.com/gcc/india#gcc-deutsche-bank,2026-09-25,Seeded from public directory exports; verify individual legal entity before treating as canonical.
GCC-0216,Deutsche Telekom Digital Labs,,nan,Germany,Delhi,"Delhi, Bengaluru",Telecom & Media,Software Engineer,1001-5000 people,Unknown,nan,single-directory seed,72,SRC_FLEXIPLE_GCC_INDIA_HTML,https://flexiple.com/gcc/india#gcc-deutsche-telekom-digital-labs,2026-09-25,Seeded from public directory exports; verify individual legal entity before treating as canonical.
GCC-0217,Dexian India,,—,nan,Chennai,Chennai,Consulting & Professional Services,Global Capability Expansion,nan,Unknown,nan,single-directory seed,72,SRC_GCC_INDEX_COMPANIES_HTML,https://gccindex.in/company/dexian-india,2026-09-25,Seeded from public directory exports; verify individual legal entity before treating as canonical.
GCC-0218,DHL,,nan,"Bonn, Germany",Ahmedabad,"Ahmedabad, Bengaluru, Chennai, Delhi, Hyderabad, Indore, Jaipur, Kolkata, Mumbai, Pune",Engineering & Industrial,nan,nan,Unknown,nan,single-directory seed,72,SRC_FLEXIPLE_GCC_INDIA_HTML,https://flexiple.com/gcc/india#gcc-dhl,2026-09-25,Seeded from public directory exports; verify individual legal entity before treating as canonical.
GCC-0219,Diebold Nixdorf,,nan,United States,Hyderabad,"Hyderabad, Mumbai, Bengaluru, Chennai",Technology,nan,"10,000+ people",Unknown,nan,single-directory seed,72,SRC_FLEXIPLE_GCC_INDIA_HTML,https://flexiple.com/gcc/india#gcc-diebold-nixdorf,2026-09-25,Seeded from public directory exports; verify individual legal entity before treating as canonical.
GCC-0220,DigiKey,,—,nan,Bengaluru,Bengaluru,Semiconductors & Electronics,Innovation & R&D,nan,Unknown,nan,single-directory seed,72,SRC_GCC_INDEX_COMPANIES_HTML,https://gccindex.in/company/digikey,2026-09-25,Seeded from public directory exports; verify individual legal entity before treating as canonical.
GCC-0221,Digital Divide Data,,U62013DL2026FTC466952,nan,Dehradun,Dehradun,Technology & Software,Global Capability Expansion,nan,Unknown,nan,single-directory seed,72,SRC_GCC_INDEX_COMPANIES_HTML,https://gccindex.in/company/digital-divide-data,2026-09-25,Seeded from public directory exports; verify individual legal entity before treating as canonical.
GCC-0222,Dover,,nan,"Downers Grove, United States",Bengaluru,"Bengaluru, Chennai, Mumbai, Vadodara",Engineering & Industrial,nan,nan,Unknown,nan,single-directory seed,72,SRC_FLEXIPLE_GCC_INDIA_HTML,https://flexiple.com/gcc/india#gcc-dover,2026-09-25,Seeded from public directory exports; verify individual legal entity before treating as canonical.
GCC-0223,DP World,,nan,"Dubai, United Arab Emirates",Mumbai,"Mumbai, Bengaluru, Chennai, Delhi",Engineering & Industrial,Software Engineer; Software Development Engineer,"10,000+ people",Unknown,nan,single-directory seed,72,SRC_FLEXIPLE_GCC_INDIA_HTML,https://flexiple.com/gcc/india#gcc-dp-world,2026-09-25,Seeded from public directory exports; verify individual legal entity before treating as canonical.
GCC-0224,Druva,,nan,United States,Pune,"Pune, Hyderabad",Technology,Software Engineer,1001-5000 people,Unknown,nan,single-directory seed,72,SRC_FLEXIPLE_GCC_INDIA_HTML,https://flexiple.com/gcc/india#gcc-druva,2026-09-25,Seeded from public directory exports; verify individual legal entity before treating as canonical.
GCC-0225,DSP,,—,nan,Bengaluru,Bengaluru,Technology & Software,Global Capability Expansion,nan,Unknown,nan,single-directory seed,72,SRC_GCC_INDEX_COMPANIES_HTML,https://gccindex.in/company/dsp,2026-09-25,Seeded from public directory exports; verify individual legal entity before treating as canonical.
GCC-0226,Dun & Bradstreet,,nan,United States,Mumbai,"Mumbai, Hyderabad, Chennai, Bengaluru, Pune",Professional & Info Services,Software Engineer,"5001-10,000 people",Unknown,nan,single-directory seed,72,SRC_FLEXIPLE_GCC_INDIA_HTML,https://flexiple.com/gcc/india#gcc-dun-and-bradstreet,2026-09-25,Seeded from public directory exports; verify individual legal entity before treating as canonical.
GCC-0227,dunnhumby,,nan,United Kingdom,Delhi,"Delhi, Bengaluru",Professional & Info Services,nan,1001-5000 people,Unknown,nan,single-directory seed,72,SRC_FLEXIPLE_GCC_INDIA_HTML,https://flexiple.com/gcc/india#gcc-dunnhumby,2026-09-25,Seeded from public directory exports; verify individual legal entity before treating as canonical.
GCC-0228,DuPont,,nan,"Wilmington, United States",Hyderabad,"Hyderabad, Pune",Engineering & Industrial,nan,nan,Unknown,nan,single-directory seed,72,SRC_FLEXIPLE_GCC_INDIA_HTML,https://flexiple.com/gcc/india#gcc-dupont,2026-09-25,Seeded from public directory exports; verify individual legal entity before treating as canonical.
GCC-0229,DXC Technology,,nan,"Ashburn, United States",Bengaluru,"Bengaluru, Hyderabad, Chennai, Delhi",Professional & Info Services,Software Engineering Analyst; Infrastructure Analyst; Software Engineer,"10,000+ people",Unknown,nan,single-directory seed,72,SRC_FLEXIPLE_GCC_INDIA_HTML,https://flexiple.com/gcc/india#gcc-dxc-technology,2026-09-25,Seeded from public directory exports; verify individual legal entity before treating as canonical.
GCC-0230,e2open,,nan,United States,Bengaluru,"Bengaluru, Hyderabad, Pune",Technology,Software Engineer,1001-5000 people,Unknown,nan,single-directory seed,72,SRC_FLEXIPLE_GCC_INDIA_HTML,https://flexiple.com/gcc/india#gcc-e2open,2026-09-25,Seeded from public directory exports; verify individual legal entity before treating as canonical.
GCC-0231,Eaton,,—,"Dublin, Ireland",Pune,"Pune, Puducherry, Chennai, Bengaluru",Engineering & Industrial,nan,"10,000+ people",Unknown,2016.0,cross-directory match,86,SRC_FLEXIPLE_GCC_INDIA_HTML;SRC_GCC_INDEX_COMPANIES_HTML,https://flexiple.com/gcc/india#gcc-eaton;https://gccindex.in/company/eaton,2026-09-25,Seeded from public directory exports; verify individual legal entity before treating as canonical.
GCC-0232,eBay,,U62020KA2025FTC202721,"San Jose, United States",Bengaluru,"Bengaluru, Chennai, Mumbai",Retail & Consumer,nan,nan,Unknown,nan,cross-directory match,86,SRC_FLEXIPLE_GCC_INDIA_HTML;SRC_GCC_INDEX_COMPANIES_HTML,https://flexiple.com/gcc/india#gcc-ebay;https://gccindex.in/company/ebay,2026-09-25,Seeded from public directory exports; verify individual legal entity before treating as canonical.
GCC-0233,ebm-papst,,—,nan,Chennai,Chennai,Manufacturing & Industrial,Sustainability & Energy Transition,nan,Unknown,nan,single-directory seed,72,SRC_GCC_INDEX_COMPANIES_HTML,https://gccindex.in/company/ebmpapst,2026-09-25,Seeded from public directory exports; verify individual legal entity before treating as canonical.
GCC-0234,eClinicalWorks,,nan,United States,Ahmedabad,"Ahmedabad, Mumbai, Bengaluru, Vadodara",Healthcare & Pharma,nan,"5001-10,000 people",Unknown,nan,single-directory seed,72,SRC_FLEXIPLE_GCC_INDIA_HTML,https://flexiple.com/gcc/india#gcc-eclinicalworks,2026-09-25,Seeded from public directory exports; verify individual legal entity before treating as canonical.
GCC-0235,Ecolab,,nan,United States,Pune,"Pune, Bengaluru, Mumbai, Kolkata, Chennai",Engineering & Industrial,nan,"10,000+ people",Unknown,nan,single-directory seed,72,SRC_FLEXIPLE_GCC_INDIA_HTML,https://flexiple.com/gcc/india#gcc-ecolab,2026-09-25,Seeded from public directory exports; verify individual legal entity before treating as canonical.
GCC-0236,Edwards Lifesciences,,U62099PN2026FTC257143,nan,Pune,Pune,Healthcare & Life Sciences,Global Capability Expansion,nan,Unknown,nan,single-directory seed,72,SRC_GCC_INDEX_COMPANIES_HTML,https://gccindex.in/company/edwards-lifesciences,2026-09-25,Seeded from public directory exports; verify individual legal entity before treating as canonical.
GCC-0237,Eisai,,nan,"Tokyo, Japan",Chennai,"Chennai, Visakhapatnam",Healthcare & Pharma,nan,nan,Unknown,nan,single-directory seed,72,SRC_FLEXIPLE_GCC_INDIA_HTML,https://flexiple.com/gcc/india#gcc-eisai,2026-09-25,Seeded from public directory exports; verify individual legal entity before treating as canonical.
GCC-0238,"Eisai Co., Ltd.",,—,nan,Visakhapatnam,Visakhapatnam,Healthcare & Life Sciences,Talent & Workforce Development,nan,Unknown,nan,single-directory seed,72,SRC_GCC_INDEX_COMPANIES_HTML,https://gccindex.in/company/eisai-co,2026-09-25,Seeded from public directory exports; verify individual legal entity before treating as canonical.
GCC-0239,EisnerAmper,,—,nan,Mumbai,Mumbai,Consulting & Professional Services,Innovation & R&D,nan,Unknown,nan,single-directory seed,72,SRC_GCC_INDEX_COMPANIES_HTML,https://gccindex.in/company/eisneramper,2026-09-25,Seeded from public directory exports; verify individual legal entity before treating as canonical.
GCC-0240,Electronic Arts,,nan,United States,Hyderabad,"Hyderabad, Delhi, Bengaluru, Mumbai, Chennai",Telecom & Media,nan,"10,000+ people",Unknown,nan,single-directory seed,72,SRC_FLEXIPLE_GCC_INDIA_HTML,https://flexiple.com/gcc/india#gcc-electronic-arts,2026-09-25,Seeded from public directory exports; verify individual legal entity before treating as canonical.
GCC-0241,Eli Lilly,,nan,"Indianapolis, United States",Bengaluru,"Bengaluru, Hyderabad, Delhi, Mumbai, Chennai",Healthcare & Pharma,nan,"10,000+ people",Unknown,nan,single-directory seed,72,SRC_FLEXIPLE_GCC_INDIA_HTML,https://flexiple.com/gcc/india#gcc-eli-lilly-and-company,2026-09-25,Seeded from public directory exports; verify individual legal entity before treating as canonical.
GCC-0242,Eli Lilly and Company (India),,—,nan,Hyderabad,Hyderabad,Healthcare & Life Sciences,Global Capability Expansion,nan,Unknown,nan,single-directory seed,72,SRC_GCC_INDEX_COMPANIES_HTML,https://gccindex.in/company/eli-lilly-and-company-india,2026-09-25,Seeded from public directory exports; verify individual legal entity before treating as canonical.
GCC-0243,Ellucian,,nan,United States,Bengaluru,Bengaluru,Technology,Software Engineer,"5001-10,000 people",Unknown,nan,single-directory seed,72,SRC_FLEXIPLE_GCC_INDIA_HTML,https://flexiple.com/gcc/india#gcc-ellucian,2026-09-25,Seeded from public directory exports; verify individual legal entity before treating as canonical.
GCC-0244,Emerson,,—,"St. Louis, United States",Pune,"Pune, Chennai, Mumbai, Delhi, Nashik",Engineering & Industrial,nan,"10,000+ people",Unknown,2001.0,cross-directory match,86,SRC_FLEXIPLE_GCC_INDIA_HTML;SRC_GCC_INDEX_COMPANIES_HTML,https://flexiple.com/gcc/india#gcc-emerson;https://gccindex.in/company/emerson,2026-09-25,Seeded from public directory exports; verify individual legal entity before treating as canonical.
GCC-0245,Enphase Energy,,nan,United States,Bengaluru,"Bengaluru, Delhi, Hyderabad, Chennai",Energy,Software Engineer,1001-5000 people,Unknown,nan,single-directory seed,72,SRC_FLEXIPLE_GCC_INDIA_HTML,https://flexiple.com/gcc/india#gcc-enphase-energy,2026-09-25,Seeded from public directory exports; verify individual legal entity before treating as canonical.
GCC-0246,Entain,,—,"London, United Kingdom",Hyderabad,"Hyderabad, Pune, Bengaluru",Telecom & Media,Software Engineer,1001-5000 people,Unknown,nan,cross-directory match,86,SRC_FLEXIPLE_GCC_INDIA_HTML;SRC_GCC_INDEX_COMPANIES_HTML,https://flexiple.com/gcc/india#gcc-entain-india;https://gccindex.in/company/entain,2026-09-25,Seeded from public directory exports; verify individual legal entity before treating as canonical.
GCC-0247,EPAM Systems,,nan,"Newtown, United States",Hyderabad,"Hyderabad, Bengaluru, Pune, Chennai, Delhi",Professional & Info Services,Software Engineer; Test Automation Engineer; Data Engineer,"10,000+ people",Unknown,nan,single-directory seed,72,SRC_FLEXIPLE_GCC_INDIA_HTML,https://flexiple.com/gcc/india#gcc-epam-systems,2026-09-25,Seeded from public directory exports; verify individual legal entity before treating as canonical.
GCC-0248,Epsilon,,nan,France,Bengaluru,"Bengaluru, Hyderabad, Chennai, Mysuru, Mumbai",Telecom & Media,Software Engineer,"10,000+ people",Unknown,nan,single-directory seed,72,SRC_FLEXIPLE_GCC_INDIA_HTML,https://flexiple.com/gcc/india#gcc-epsilon,2026-09-25,Seeded from public directory exports; verify individual legal entity before treating as canonical.
GCC-0249,Equifax,,nan,United States,Pune,"Pune, Thiruvananthapuram, Bengaluru, Mumbai, Kochi",BFSI,Software Engineer,"10,000+ people",Unknown,nan,single-directory seed,72,SRC_FLEXIPLE_GCC_INDIA_HTML,https://flexiple.com/gcc/india#gcc-equifax,2026-09-25,Seeded from public directory exports; verify individual legal entity before treating as canonical.
GCC-0250,Ericsson,,—,"Stockholm, Sweden",Bengaluru,"Bengaluru, Delhi, Kolkata, Chennai",Telecom & Media,Software Engineer; DevOps Engineer; Solutions Integrator,"10,000+ people",Unknown,2010.0,cross-directory match,86,SRC_FLEXIPLE_GCC_INDIA_HTML;SRC_GCC_INDEX_COMPANIES_HTML,https://flexiple.com/gcc/india#gcc-ericsson;https://gccindex.in/company/ericsson,2026-09-25,Seeded from public directory exports; verify individual legal entity before treating as canonical.
GCC-0251,Euronet Worldwide,,nan,"Leawood, United States",Delhi,"Delhi, Mumbai, Pune",BFSI,nan,nan,Unknown,nan,single-directory seed,72,SRC_FLEXIPLE_GCC_INDIA_HTML,https://flexiple.com/gcc/india#gcc-euronet-worldwide,2026-09-25,Seeded from public directory exports; verify individual legal entity before treating as canonical.
GCC-0252,Eventbrite,,nan,United States,Bengaluru,"Bengaluru, Hyderabad",Technology,Software Engineer,1001-5000 people,Unknown,nan,single-directory seed,72,SRC_FLEXIPLE_GCC_INDIA_HTML,https://flexiple.com/gcc/india#gcc-eventbrite,2026-09-25,Seeded from public directory exports; verify individual legal entity before treating as canonical.
GCC-0253,Evergent Technologies,,—,nan,Hyderabad,Hyderabad,Technology & Software,Global Capability Expansion,nan,Unknown,nan,single-directory seed,72,SRC_GCC_INDEX_COMPANIES_HTML,https://gccindex.in/company/evergent,2026-09-25,Seeded from public directory exports; verify individual legal entity before treating as canonical.
GCC-0254,Evernorth Health Services,,nan,"St. Louis, United States",Hyderabad,"Hyderabad, Bengaluru, Chennai",Healthcare & Pharma,nan,1001-5000 people,Unknown,nan,single-directory seed,72,SRC_FLEXIPLE_GCC_INDIA_HTML,https://flexiple.com/gcc/india#gcc-evernorth-health-services,2026-09-25,Seeded from public directory exports; verify individual legal entity before treating as canonical.
GCC-0255,Evonik,,nan,"Essen, Germany",Delhi,Delhi,Engineering & Industrial,nan,nan,Unknown,nan,single-directory seed,72,SRC_FLEXIPLE_GCC_INDIA_HTML,https://flexiple.com/gcc/india#gcc-evonik,2026-09-25,Seeded from public directory exports; verify individual legal entity before treating as canonical.
GCC-0256,Expedia Group,,nan,"Seattle, United States",Delhi,"Delhi, Bengaluru",Retail & Consumer,Software Development Engineer,"10,000+ people",Unknown,nan,single-directory seed,72,SRC_FLEXIPLE_GCC_INDIA_HTML,https://flexiple.com/gcc/india#gcc-expedia-group,2026-09-25,Seeded from public directory exports; verify individual legal entity before treating as canonical.
GCC-0257,Experian,,nan,"Dublin, Ireland",Delhi,"Delhi, Hyderabad",Professional & Info Services,nan,nan,Unknown,nan,single-directory seed,72,SRC_FLEXIPLE_GCC_INDIA_HTML,https://flexiple.com/gcc/india#gcc-experian,2026-09-25,Seeded from public directory exports; verify individual legal entity before treating as canonical.
GCC-0258,ExxonMobil,,nan,"Spring, United States",Bengaluru,Bengaluru,Energy,nan,nan,Unknown,nan,single-directory seed,72,SRC_FLEXIPLE_GCC_INDIA_HTML,https://flexiple.com/gcc/india#gcc-exxonmobil,2026-09-25,Seeded from public directory exports; verify individual legal entity before treating as canonical.
GCC-0259,EY Global Delivery Services,,nan,"London, United Kingdom",Bengaluru,"Bengaluru, Mumbai, Delhi, Hyderabad",Professional & Info Services,Software Engineer; Data Engineer; Technology Consultant,"10,000+ people",Unknown,nan,single-directory seed,72,SRC_FLEXIPLE_GCC_INDIA_HTML,https://flexiple.com/gcc/india#gcc-ey,2026-09-25,Seeded from public directory exports; verify individual legal entity before treating as canonical.
GCC-0260,F5,,nan,United States,Hyderabad,"Hyderabad, Bengaluru, Mumbai, Delhi",Technology,Software Engineer,"5001-10,000 people",Unknown,nan,single-directory seed,72,SRC_FLEXIPLE_GCC_INDIA_HTML,https://flexiple.com/gcc/india#gcc-f5,2026-09-25,Seeded from public directory exports; verify individual legal entity before treating as canonical.
GCC-0261,Facebook India Online Services Pvt Ltd,,—,nan,Hyderabad,Hyderabad,Technology & Software,Global Capability Expansion,nan,Unknown,nan,single-directory seed,72,SRC_GCC_INDEX_COMPANIES_HTML,https://gccindex.in/company/facebook-india-online,2026-09-25,Seeded from public directory exports; verify individual legal entity before treating as canonical.
GCC-0262,FactSet,,nan,"Norwalk, USA",Hyderabad,"Hyderabad, Mumbai, Bengaluru, Visakhapatnam, Vijayawada",Professional & Info Services,Software Engineer; Research Analyst,"10,000+ people",Unknown,2008.0,single-directory seed,72,SRC_FLEXIPLE_GCC_INDIA_HTML,https://flexiple.com/gcc/india#gcc-factset,2026-09-25,Seeded from public directory exports; verify individual legal entity before treating as canonical.
GCC-0263,Fareportal,,nan,United States,Delhi,"Delhi, Pune",Retail & Consumer,Software Engineer,1001-5000 people,Unknown,nan,single-directory seed,72,SRC_FLEXIPLE_GCC_INDIA_HTML,https://flexiple.com/gcc/india#gcc-fareportal,2026-09-25,Seeded from public directory exports; verify individual legal entity before treating as canonical.
GCC-0264,Fastenal India,,nan,United States,Bengaluru,Bengaluru,Engineering & Industrial,Software Engineer,201-500 people,Unknown,nan,single-directory seed,72,SRC_FLEXIPLE_GCC_INDIA_HTML,https://flexiple.com/gcc/india#gcc-fastenal-india,2026-09-25,Seeded from public directory exports; verify individual legal entity before treating as canonical.
GCC-0265,Fastly,,—,nan,Pune,Pune,Technology & Software,Global Capability Expansion,nan,Unknown,nan,single-directory seed,72,SRC_GCC_INDEX_COMPANIES_HTML,https://gccindex.in/company/fastly,2026-09-25,Seeded from public directory exports; verify individual legal entity before treating as canonical.
GCC-0266,Ferguson,,U63111UP2025FTC216813,nan,Bengaluru,Bengaluru,Manufacturing & Industrial,Innovation & R&D,nan,Unknown,nan,single-directory seed,72,SRC_GCC_INDEX_COMPANIES_HTML,https://gccindex.in/company/ferguson,2026-09-25,Seeded from public directory exports; verify individual legal entity before treating as canonical.
GCC-0267,Festo,,—,"Esslingen, Germany",Bengaluru,Bengaluru,Engineering & Industrial,nan,nan,Unknown,nan,cross-directory match,86,SRC_FLEXIPLE_GCC_INDIA_HTML;SRC_GCC_INDEX_COMPANIES_HTML,https://flexiple.com/gcc/india#gcc-festo;https://gccindex.in/company/festo,2026-09-25,Seeded from public directory exports; verify individual legal entity before treating as canonical.
GCC-0268,FICO,,nan,United States,Bengaluru,"Bengaluru, Mumbai",Technology,Software Engineer,1001-5000 people,Unknown,nan,single-directory seed,72,SRC_FLEXIPLE_GCC_INDIA_HTML,https://flexiple.com/gcc/india#gcc-fico,2026-09-25,Seeded from public directory exports; verify individual legal entity before treating as canonical.
GCC-0269,Fidelity International,,nan,"Hamilton, Bermuda",Delhi,"Delhi, Bengaluru",BFSI,Programming Analyst; Software Engineer,"5001-10,000 people",Unknown,nan,single-directory seed,72,SRC_FLEXIPLE_GCC_INDIA_HTML,https://flexiple.com/gcc/india#gcc-fidelity-international,2026-09-25,Seeded from public directory exports; verify individual legal entity before treating as canonical.
GCC-0270,Fidelity Investments,,—,"Boston, USA",Bengaluru,"Bengaluru, Chennai, Delhi, Hyderabad, Coimbatore",BFSI,Software Engineer,"10,000+ people",Unknown,2003.0,cross-directory match,86,SRC_FLEXIPLE_GCC_INDIA_HTML;SRC_GCC_INDEX_COMPANIES_HTML,https://flexiple.com/gcc/india#gcc-fidelity-investments;https://gccindex.in/company/fidelity-investments,2026-09-25,Seeded from public directory exports; verify individual legal entity before treating as canonical.
GCC-0271,Finastra,,nan,United Kingdom,Bengaluru,"Bengaluru, Pune, Thiruvananthapuram, Mumbai, Hyderabad",Technology,Software Engineer,"10,000+ people",Unknown,nan,single-directory seed,72,SRC_FLEXIPLE_GCC_INDIA_HTML,https://flexiple.com/gcc/india#gcc-finastra,2026-09-25,Seeded from public directory exports; verify individual legal entity before treating as canonical.
GCC-0272,Findability Sciences,,—,nan,Mumbai,Mumbai,Consulting & Professional Services,Global Capability Expansion,nan,Unknown,nan,single-directory seed,72,SRC_GCC_INDEX_COMPANIES_HTML,https://gccindex.in/company/findability-sciences,2026-09-25,Seeded from public directory exports; verify individual legal entity before treating as canonical.
GCC-0273,First American,,nan,United States,Bengaluru,"Bengaluru, Hyderabad, Salem, Chennai, Coimbatore",BFSI,nan,1001-5000 people,Unknown,nan,single-directory seed,72,SRC_FLEXIPLE_GCC_INDIA_HTML,https://flexiple.com/gcc/india#gcc-first-american,2026-09-25,Seeded from public directory exports; verify individual legal entity before treating as canonical.
GCC-0274,First Citizens Bank,,—,nan,Bengaluru,Bengaluru,Financial Services,Talent & Workforce Development,nan,Unknown,nan,single-directory seed,72,SRC_GCC_INDEX_COMPANIES_HTML,https://gccindex.in/company/first-citizens-bank,2026-09-25,Seeded from public directory exports; verify individual legal entity before treating as canonical.
GCC-0275,FIS,,—,"Jacksonville, USA",Bengaluru,"Bengaluru, Pune, Chennai, Delhi, Mumbai",Technology,Software Engineer; Software Test Analyst,"10,000+ people",Unknown,2003.0,cross-directory match,86,SRC_FLEXIPLE_GCC_INDIA_HTML;SRC_GCC_INDEX_COMPANIES_HTML,https://flexiple.com/gcc/india#gcc-fis;https://gccindex.in/company/fis,2026-09-25,Seeded from public directory exports; verify individual legal entity before treating as canonical.
GCC-0276,Fiserv,,nan,United States,Chennai,"Chennai, Delhi, Pune, Bengaluru",BFSI,Software Engineer; Software Development Engineer,"10,000+ people",Unknown,nan,single-directory seed,72,SRC_FLEXIPLE_GCC_INDIA_HTML,https://flexiple.com/gcc/india#gcc-fiserv,2026-09-25,Seeded from public directory exports; verify individual legal entity before treating as canonical.
GCC-0277,Flex,,nan,"Singapore, Singapore",Chennai,"Chennai, Coimbatore, Pune, Bengaluru, Kanchipuram",Engineering & Industrial,nan,"10,000+ people",Unknown,2001.0,single-directory seed,72,SRC_FLEXIPLE_GCC_INDIA_HTML,https://flexiple.com/gcc/india#gcc-flex,2026-09-25,Seeded from public directory exports; verify individual legal entity before treating as canonical.
GCC-0278,Flowserve,,nan,"Irving, United States",Bengaluru,"Bengaluru, Chandigarh, Chennai, Coimbatore, Delhi, Hyderabad",Engineering & Industrial,nan,nan,Unknown,1962.0,single-directory seed,72,SRC_FLEXIPLE_GCC_INDIA_HTML,https://flexiple.com/gcc/india#gcc-flowserve,2026-09-25,Seeded from public directory exports; verify individual legal entity before treating as canonical.
GCC-0279,Fluidra,,—,nan,Pune,Pune,Manufacturing & Industrial,Global Capability Expansion,nan,Unknown,nan,single-directory seed,72,SRC_GCC_INDEX_COMPANIES_HTML,https://gccindex.in/company/fluidra,2026-09-25,Seeded from public directory exports; verify individual legal entity before treating as canonical.
GCC-0280,Flutter Entertainment,,—,nan,Hyderabad,Hyderabad,Retail & Consumer,Global Capability Expansion,nan,Unknown,nan,single-directory seed,72,SRC_GCC_INDEX_COMPANIES_HTML,https://gccindex.in/company/flutter-entertainment,2026-09-25,Seeded from public directory exports; verify individual legal entity before treating as canonical.
GCC-0281,FNZ Ireland (IPSI),,nan,United Kingdom,Delhi,Delhi,Technology,nan,1001-5000 people,Unknown,nan,single-directory seed,72,SRC_FLEXIPLE_GCC_INDIA_HTML,https://flexiple.com/gcc/india#gcc-fnz-ireland-ipsi,2026-09-25,Seeded from public directory exports; verify individual legal entity before treating as canonical.
GCC-0282,Forage,,nan,United States,Hyderabad,"Hyderabad, Bengaluru, Chennai, Delhi",Technology,nan,501-1000 people,Unknown,nan,single-directory seed,72,SRC_FLEXIPLE_GCC_INDIA_HTML,https://flexiple.com/gcc/india#gcc-forage,2026-09-25,Seeded from public directory exports; verify individual legal entity before treating as canonical.
GCC-0283,Ford Business Solutions,,—,nan,Bengaluru,"Bengaluru, Coimbatore",Manufacturing & Industrial,Global Capability Expansion,nan,Unknown,nan,single-directory seed,72,SRC_GCC_INDEX_COMPANIES_HTML,https://gccindex.in/company/ford-business,2026-09-25,Seeded from public directory exports; verify individual legal entity before treating as canonical.
GCC-0284,Ford Motor Company,,nan,"Dearborn, United States",Chennai,"Chennai, Ahmedabad, Bengaluru, Coimbatore, Delhi",Engineering & Industrial,Software Engineer,"10,000+ people",Unknown,1998.0,single-directory seed,72,SRC_FLEXIPLE_GCC_INDIA_HTML,https://flexiple.com/gcc/india#gcc-ford-motor-company,2026-09-25,Seeded from public directory exports; verify individual legal entity before treating as canonical.
GCC-0285,Fortuna Entertainment Group,,—,nan,Hyderabad,Hyderabad,Retail & Consumer,Global Capability Expansion,nan,Unknown,nan,single-directory seed,72,SRC_GCC_INDEX_COMPANIES_HTML,https://gccindex.in/company/fortuna-entertainment,2026-09-25,Seeded from public directory exports; verify individual legal entity before treating as canonical.
GCC-0286,Forvia,,nan,"Nanterre, France",Bengaluru,"Bengaluru, Chennai, Delhi, Mumbai, Pune",Engineering & Industrial,nan,nan,Unknown,nan,single-directory seed,72,SRC_FLEXIPLE_GCC_INDIA_HTML,https://flexiple.com/gcc/india#gcc-faurecia,2026-09-25,Seeded from public directory exports; verify individual legal entity before treating as canonical.
GCC-0287,FourKites,,nan,United States,Chennai,"Chennai, Bengaluru",Technology,Software Engineer,501-1000 people,Unknown,nan,single-directory seed,72,SRC_FLEXIPLE_GCC_INDIA_HTML,https://flexiple.com/gcc/india#gcc-fourkites,2026-09-25,Seeded from public directory exports; verify individual legal entity before treating as canonical.
GCC-0288,Foxconn,,nan,"New Taipei City, Taiwan",Bengaluru,"Bengaluru, Chennai, Delhi, Kolkata, Mumbai",Engineering & Industrial,nan,nan,Unknown,nan,single-directory seed,72,SRC_FLEXIPLE_GCC_INDIA_HTML,https://flexiple.com/gcc/india#gcc-foxconn,2026-09-25,Seeded from public directory exports; verify individual legal entity before treating as canonical.
GCC-0289,Fresenius Medical Care,,U82110KA2025FTC206373,nan,Bengaluru,Bengaluru,Healthcare & Life Sciences,Global Capability Expansion,nan,Unknown,nan,single-directory seed,72,SRC_GCC_INDEX_COMPANIES_HTML,https://gccindex.in/company/fresenius-medical-care,2026-09-25,Seeded from public directory exports; verify individual legal entity before treating as canonical.
GCC-0290,Freshworks,,nan,United States,Chennai,"Chennai, Bengaluru, Hyderabad, Delhi, Mumbai",Technology,Software Engineer; Software Test Engineer,"5001-10,000 people",Unknown,nan,single-directory seed,72,SRC_FLEXIPLE_GCC_INDIA_HTML,https://flexiple.com/gcc/india#gcc-freshworks,2026-09-25,Seeded from public directory exports; verify individual legal entity before treating as canonical.
GCC-0291,Fuel Cycle,,—,nan,Mumbai,Mumbai,Technology & Software,Innovation & R&D,nan,Unknown,nan,single-directory seed,72,SRC_GCC_INDEX_COMPANIES_HTML,https://gccindex.in/company/fuel-cycle,2026-09-25,Seeded from public directory exports; verify individual legal entity before treating as canonical.
GCC-0292,Fujitsu,,nan,"Kawasaki, Japan",Bengaluru,"Bengaluru, Pune, Chennai, Hyderabad, Delhi",Technology,nan,"10,000+ people",Unknown,1997.0,single-directory seed,72,SRC_FLEXIPLE_GCC_INDIA_HTML,https://flexiple.com/gcc/india#gcc-fujitsu,2026-09-25,Seeded from public directory exports; verify individual legal entity before treating as canonical.
GCC-0293,Fulcrum Digital,,nan,"Jersey City, United States",Bengaluru,"Bengaluru, Chennai, Coimbatore, Delhi, Hyderabad, Kochi, Kolkata, Mumbai, Thiruvananthapuram, Visakhapatnam",Professional & Info Services,nan,nan,Unknown,nan,single-directory seed,72,SRC_FLEXIPLE_GCC_INDIA_HTML,https://flexiple.com/gcc/india#gcc-fulcrum-digital,2026-09-25,Seeded from public directory exports; verify individual legal entity before treating as canonical.
GCC-0294,FULL Creative,,nan,United States,Chennai,Chennai,Technology,nan,501-1000 people,Unknown,nan,single-directory seed,72,SRC_FLEXIPLE_GCC_INDIA_HTML,https://flexiple.com/gcc/india#gcc-full-creative,2026-09-25,Seeded from public directory exports; verify individual legal entity before treating as canonical.
GCC-0295,Gallagher Center of Excellence,,nan,United States,Mumbai,"Mumbai, Bengaluru, Pune, Chandigarh",BFSI,nan,"10,000+ people",Unknown,nan,single-directory seed,72,SRC_FLEXIPLE_GCC_INDIA_HTML,https://flexiple.com/gcc/india#gcc-gallagher-center-of-excellence,2026-09-25,Seeded from public directory exports; verify individual legal entity before treating as canonical.
GCC-0296,Gartner,,nan,United States,Delhi,"Delhi, Bengaluru, Mumbai, Chennai",Professional & Info Services,nan,"10,000+ people",Unknown,nan,single-directory seed,72,SRC_FLEXIPLE_GCC_INDIA_HTML,https://flexiple.com/gcc/india#gcc-gartner,2026-09-25,Seeded from public directory exports; verify individual legal entity before treating as canonical.
GCC-0297,GE HealthCare,,nan,"Chicago, United States",Bengaluru,"Bengaluru, Delhi, Hyderabad, Mumbai, Chennai",Healthcare & Pharma,Software Engineer; Software Engineering Specialist,"10,000+ people",Unknown,2000.0,single-directory seed,72,SRC_FLEXIPLE_GCC_INDIA_HTML,https://flexiple.com/gcc/india#gcc-ge-healthcare,2026-09-25,Seeded from public directory exports; verify individual legal entity before treating as canonical.
GCC-0298,GE Vernova,,nan,United States,Vadodara,"Vadodara, Delhi, Chennai, Kolkata",Energy,Software Engineer; Software Engineering Specialist,"10,000+ people",Unknown,nan,single-directory seed,72,SRC_FLEXIPLE_GCC_INDIA_HTML,https://flexiple.com/gcc/india#gcc-ge-vernova,2026-09-25,Seeded from public directory exports; verify individual legal entity before treating as canonical.
GCC-0299,Generac,,—,nan,Pune,Pune,Manufacturing & Industrial,Global Capability Expansion,nan,Unknown,nan,single-directory seed,72,SRC_GCC_INDEX_COMPANIES_HTML,https://gccindex.in/company/generac,2026-09-25,Seeded from public directory exports; verify individual legal entity before treating as canonical.
GCC-0300,General Mills,,nan,"Minneapolis, United States",Mumbai,"Mumbai, Pune, Bengaluru, Nashik",Retail & Consumer,nan,"10,000+ people",Unknown,nan,single-directory seed,72,SRC_FLEXIPLE_GCC_INDIA_HTML,https://flexiple.com/gcc/india#gcc-general-mills,2026-09-25,Seeded from public directory exports; verify individual legal entity before treating as canonical.
GCC-0301,GI Outsourcing,,—,nan,Hyderabad,Hyderabad,Consulting & Professional Services,Innovation & R&D,nan,Unknown,nan,single-directory seed,72,SRC_GCC_INDEX_COMPANIES_HTML,https://gccindex.in/company/gi-outsourcing,2026-09-25,Seeded from public directory exports; verify individual legal entity before treating as canonical.
GCC-0302,GlobalData Academia,,nan,United Kingdom,Hyderabad,"Hyderabad, Bengaluru, Kolkata",Professional & Info Services,nan,"5001-10,000 people",Unknown,nan,single-directory seed,72,SRC_FLEXIPLE_GCC_INDIA_HTML,https://flexiple.com/gcc/india#gcc-globaldata-academia,2026-09-25,Seeded from public directory exports; verify individual legal entity before treating as canonical.
GCC-0303,GlobalFoundries,,—,"Malta, United States",Delhi,"Delhi, Kolkata, Mumbai",Technology,nan,nan,Unknown,nan,cross-directory match,86,SRC_FLEXIPLE_GCC_INDIA_HTML;SRC_GCC_INDEX_COMPANIES_HTML,https://flexiple.com/gcc/india#gcc-globalfoundries;https://gccindex.in/company/globalfoundries,2026-09-25,Seeded from public directory exports; verify individual legal entity before treating as canonical.
GCC-0304,GlobalLogic,,—,"San Jose, United States",Hyderabad,"Hyderabad, Bengaluru, Delhi",Professional & Info Services,Software Engineer,"10,000+ people",Unknown,nan,cross-directory match,86,SRC_FLEXIPLE_GCC_INDIA_HTML;SRC_GCC_INDEX_COMPANIES_HTML,https://flexiple.com/gcc/india#gcc-globallogic;https://gccindex.in/company/globallogic,2026-09-25,Seeded from public directory exports; verify individual legal entity before treating as canonical.
GCC-0305,Goldman Sachs,,nan,"New York, USA",Bengaluru,"Bengaluru, Hyderabad, Mumbai, Delhi, Chennai",BFSI,Software Engineer; Software Engineering Analyst; Software Developer,"10,000+ people",Unknown,2004.0,single-directory seed,72,SRC_FLEXIPLE_GCC_INDIA_HTML,https://flexiple.com/gcc/india#gcc-goldman-sachs,2026-09-25,Seeded from public directory exports; verify individual legal entity before treating as canonical.
GCC-0306,Google,,—,"Mountain View, United States",Bengaluru,"Bengaluru, Hyderabad, Delhi, Mumbai, Chennai",Technology,Software Engineer; Data Analyst,"10,000+ people",Unknown,2004.0,cross-directory match,86,SRC_FLEXIPLE_GCC_INDIA_HTML;SRC_GCC_INDEX_COMPANIES_HTML,https://flexiple.com/gcc/india#gcc-google;https://gccindex.in/company/google,2026-09-25,Seeded from public directory exports; verify individual legal entity before treating as canonical.
GCC-0307,GoTo Group,,nan,Indonesia,Bengaluru,"Bengaluru, Delhi",Technology,Software Engineer,"10,000+ people",Unknown,nan,single-directory seed,72,SRC_FLEXIPLE_GCC_INDIA_HTML,https://flexiple.com/gcc/india#gcc-goto-group,2026-09-25,Seeded from public directory exports; verify individual legal entity before treating as canonical.
GCC-0308,Gradiant,,—,nan,Coimbatore,Coimbatore,Energy & Utilities,Global Capability Expansion,nan,Unknown,nan,single-directory seed,72,SRC_GCC_INDEX_COMPANIES_HTML,https://gccindex.in/company/gradiant,2026-09-25,Seeded from public directory exports; verify individual legal entity before treating as canonical.
GCC-0309,Graphcore,,—,nan,Bengaluru,Bengaluru,Semiconductors & Electronics,Innovation & R&D,nan,Unknown,nan,single-directory seed,72,SRC_GCC_INDEX_COMPANIES_HTML,https://gccindex.in/company/graphcore,2026-09-25,Seeded from public directory exports; verify individual legal entity before treating as canonical.
GCC-0310,Greenway Health,,nan,United States,Bengaluru,"Bengaluru, Hyderabad",Healthcare & Pharma,Software Engineer,1001-5000 people,Unknown,nan,single-directory seed,72,SRC_FLEXIPLE_GCC_INDIA_HTML,https://flexiple.com/gcc/india#gcc-greenway-health,2026-09-25,Seeded from public directory exports; verify individual legal entity before treating as canonical.
GCC-0311,Greif,,—,nan,Chennai,Chennai,Manufacturing & Industrial,Global Capability Expansion,nan,Unknown,nan,single-directory seed,72,SRC_GCC_INDEX_COMPANIES_HTML,https://gccindex.in/company/greif,2026-09-25,Seeded from public directory exports; verify individual legal entity before treating as canonical.
GCC-0312,GSK,,nan,"London, United Kingdom",Bengaluru,"Bengaluru, Mumbai, Delhi, Hyderabad, Kolkata",Healthcare & Pharma,nan,"10,000+ people",Unknown,2021.0,single-directory seed,72,SRC_FLEXIPLE_GCC_INDIA_HTML,https://flexiple.com/gcc/india#gcc-gsk,2026-09-25,Seeded from public directory exports; verify individual legal entity before treating as canonical.
GCC-0313,Guardian Life,,nan,"New York, United States",Chennai,"Chennai, Delhi, Coimbatore",BFSI,nan,"5001-10,000 people",Unknown,nan,single-directory seed,72,SRC_FLEXIPLE_GCC_INDIA_HTML,https://flexiple.com/gcc/india#gcc-guardian-life,2026-09-25,Seeded from public directory exports; verify individual legal entity before treating as canonical.
GCC-0314,Guidehouse,,—,United States,Chennai,"Chennai, Thiruvananthapuram, Kollam, Bengaluru, Coimbatore",Professional & Info Services,nan,"10,000+ people",Unknown,nan,cross-directory match,86,SRC_FLEXIPLE_GCC_INDIA_HTML;SRC_GCC_INDEX_COMPANIES_HTML,https://flexiple.com/gcc/india#gcc-guidehouse;https://gccindex.in/company/guidehouse,2026-09-25,Seeded from public directory exports; verify individual legal entity before treating as canonical.
GCC-0315,Guidewire,,—,nan,Bengaluru,Bengaluru,Technology & Software,Digital Transformation,nan,Unknown,nan,single-directory seed,72,SRC_GCC_INDEX_COMPANIES_HTML,https://gccindex.in/company/guidewire,2026-09-25,Seeded from public directory exports; verify individual legal entity before treating as canonical.
GCC-0316,Gupshup,,nan,United States,Mumbai,"Mumbai, Bengaluru, Delhi, Chennai",Technology,Software Engineer,1001-5000 people,Unknown,nan,single-directory seed,72,SRC_FLEXIPLE_GCC_INDIA_HTML,https://flexiple.com/gcc/india#gcc-gupshup,2026-09-25,Seeded from public directory exports; verify individual legal entity before treating as canonical.
GCC-0317,HackerRank,,nan,United States,Bengaluru,"Bengaluru, Delhi",Technology,nan,1001-5000 people,Unknown,nan,single-directory seed,72,SRC_FLEXIPLE_GCC_INDIA_HTML,https://flexiple.com/gcc/india#gcc-hackerrank,2026-09-25,Seeded from public directory exports; verify individual legal entity before treating as canonical.
GCC-0318,HARMAN International,,nan,"Stamford, United States",Bengaluru,"Bengaluru, Pune, Hyderabad, Mumbai, Chennai",Technology,Software Engineer; Product Development Engineer,"10,000+ people",Unknown,nan,single-directory seed,72,SRC_FLEXIPLE_GCC_INDIA_HTML,https://flexiple.com/gcc/india#gcc-harman-international,2026-09-25,Seeded from public directory exports; verify individual legal entity before treating as canonical.
GCC-0319,Harvey AI,,U62011KA2025FTC210719,nan,Bengaluru,Bengaluru,Technology & Software,Global Capability Expansion,nan,Unknown,nan,single-directory seed,72,SRC_GCC_INDEX_COMPANIES_HTML,https://gccindex.in/company/harvey-ai,2026-09-25,Seeded from public directory exports; verify individual legal entity before treating as canonical.
GCC-0320,HCA Healthcare,,U62099TS2023FTC179791,"Nashville, United States",Chennai,"Chennai, Delhi, Hyderabad, Mumbai",Healthcare & Pharma,nan,nan,Unknown,2025.0,cross-directory match,86,SRC_FLEXIPLE_GCC_INDIA_HTML;SRC_GCC_INDEX_COMPANIES_HTML,https://flexiple.com/gcc/india#gcc-hca-healthcare;https://gccindex.in/company/hca-healthcare,2026-09-25,Seeded from public directory exports; verify individual legal entity before treating as canonical.
GCC-0321,HEINEKEN,,U82990TS2025FTC200339,"Amsterdam, Netherlands",Ahmedabad,"Ahmedabad, Bengaluru, Coimbatore, Delhi, Hyderabad, Indore, Mumbai, Pune, Vadodara",Retail & Consumer,nan,nan,Unknown,nan,cross-directory match,86,SRC_FLEXIPLE_GCC_INDIA_HTML;SRC_GCC_INDEX_COMPANIES_HTML,https://flexiple.com/gcc/india#gcc-heineken;https://gccindex.in/company/heineken,2026-09-25,Seeded from public directory exports; verify individual legal entity before treating as canonical.
GCC-0322,Henkel,,nan,"Dusseldorf, Germany",Bengaluru,"Bengaluru, Delhi, Kolkata, Mumbai, Pune",Retail & Consumer,nan,nan,Unknown,nan,single-directory seed,72,SRC_FLEXIPLE_GCC_INDIA_HTML,https://flexiple.com/gcc/india#gcc-henkel,2026-09-25,Seeded from public directory exports; verify individual legal entity before treating as canonical.
GCC-0323,HERE Technologies,,nan,Netherlands,Mumbai,"Mumbai, Bengaluru, Pune",Technology,Software Engineer; Full Stack Engineer,"5001-10,000 people",Unknown,nan,single-directory seed,72,SRC_FLEXIPLE_GCC_INDIA_HTML,https://flexiple.com/gcc/india#gcc-here-technologies,2026-09-25,Seeded from public directory exports; verify individual legal entity before treating as canonical.
GCC-0324,Hewlett Packard Enterprise,,nan,"Spring, United States",Bengaluru,"Bengaluru, Chennai, Hyderabad, Mumbai, Delhi",Technology,Software Engineer; Cloud Engineer; Technical Solutions Consultant,"10,000+ people",Unknown,2015.0,single-directory seed,72,SRC_FLEXIPLE_GCC_INDIA_HTML,https://flexiple.com/gcc/india#gcc-hewlett-packard-enterprise,2026-09-25,Seeded from public directory exports; verify individual legal entity before treating as canonical.
GCC-0325,Hexadex,,U70200PN2026FTC255187,nan,Pune,Pune,Manufacturing & Industrial,Global Capability Expansion,nan,Unknown,nan,single-directory seed,72,SRC_GCC_INDEX_COMPANIES_HTML,https://gccindex.in/company/hexadex,2026-09-25,Seeded from public directory exports; verify individual legal entity before treating as canonical.
GCC-0326,Hexagon,,nan,"Stockholm, Sweden",Bengaluru,"Bengaluru, Coimbatore, Delhi, Hyderabad, Kolkata, Mumbai, Pune",Technology,nan,nan,Unknown,nan,single-directory seed,72,SRC_FLEXIPLE_GCC_INDIA_HTML,https://flexiple.com/gcc/india#gcc-hexagon,2026-09-25,Seeded from public directory exports; verify individual legal entity before treating as canonical.
GCC-0327,HighLevel,,nan,United States,Bengaluru,"Bengaluru, Chennai, Mumbai, Delhi, Hyderabad",Technology,nan,1001-5000 people,Unknown,nan,single-directory seed,72,SRC_FLEXIPLE_GCC_INDIA_HTML,https://flexiple.com/gcc/india#gcc-highlevel,2026-09-25,Seeded from public directory exports; verify individual legal entity before treating as canonical.
GCC-0328,HighRadius,,nan,United States,Hyderabad,"Hyderabad, Bhubaneswar, Bengaluru, Kolkata, Chennai",Technology,Software Development Engineer; Software Engineer,1001-5000 people,Unknown,nan,single-directory seed,72,SRC_FLEXIPLE_GCC_INDIA_HTML,https://flexiple.com/gcc/india#gcc-highradius,2026-09-25,Seeded from public directory exports; verify individual legal entity before treating as canonical.
GCC-0329,Hitachi Energy,,U82990DL2025FTC441264,"Zurich, Switzerland",Ahmedabad,"Ahmedabad, Bengaluru, Bhubaneswar, Chandigarh, Chennai, Delhi, Hyderabad, Kolkata, Mumbai, Vadodara",Energy,nan,nan,Unknown,nan,cross-directory match,86,SRC_FLEXIPLE_GCC_INDIA_HTML;SRC_GCC_INDEX_COMPANIES_HTML,https://flexiple.com/gcc/india#gcc-hitachi-energy;https://gccindex.in/company/hitachi-energy,2026-09-25,Seeded from public directory exports; verify individual legal entity before treating as canonical.
GCC-0330,Hitachi Vantara,,nan,"Santa Clara, United States",Hyderabad,"Hyderabad, Bengaluru, Pune, Mumbai, Chennai",Technology,nan,"10,000+ people",Unknown,nan,single-directory seed,72,SRC_FLEXIPLE_GCC_INDIA_HTML,https://flexiple.com/gcc/india#gcc-hitachi-vantara,2026-09-25,Seeded from public directory exports; verify individual legal entity before treating as canonical.
GCC-0331,HMH Tech India,,—,nan,Pune,Pune,Technology & Software,Global Capability Expansion,nan,Unknown,nan,single-directory seed,72,SRC_GCC_INDEX_COMPANIES_HTML,https://gccindex.in/company/hmh-tech-india,2026-09-25,Seeded from public directory exports; verify individual legal entity before treating as canonical.
GCC-0332,Honeywell,,U62020KA2025FTC205745,"Charlotte, United States",Bengaluru,"Bengaluru, Hyderabad, Pune, Mumbai, Chennai",Engineering & Industrial,Software Engineer,"10,000+ people",Unknown,1994.0,cross-directory match,86,SRC_FLEXIPLE_GCC_INDIA_HTML;SRC_GCC_INDEX_COMPANIES_HTML,https://flexiple.com/gcc/india#gcc-honeywell;https://gccindex.in/company/honeywell,2026-09-25,Seeded from public directory exports; verify individual legal entity before treating as canonical.
GCC-0333,House of Shipping,,—,nan,Chennai,Chennai,Logistics & Transportation,Global Capability Expansion,nan,Unknown,nan,single-directory seed,72,SRC_GCC_INDEX_COMPANIES_HTML,https://gccindex.in/company/house-of-shipping,2026-09-25,Seeded from public directory exports; verify individual legal entity before treating as canonical.
GCC-0334,HP,,nan,"Palo Alto, United States",Bengaluru,"Bengaluru, Chennai, Delhi, Mumbai, Hyderabad",Technology,Software Engineer; Technical Support Engineer,"10,000+ people",Unknown,1989.0,single-directory seed,72,SRC_FLEXIPLE_GCC_INDIA_HTML,https://flexiple.com/gcc/india#gcc-hp,2026-09-25,Seeded from public directory exports; verify individual legal entity before treating as canonical.
GCC-0335,HSBC,,—,"London, UK",Bengaluru,"Bengaluru, Hyderabad, Pune, Kolkata, Mumbai",BFSI,Software Engineer; Data Engineer,"10,000+ people",Unknown,2000.0,cross-directory match,86,SRC_FLEXIPLE_GCC_INDIA_HTML;SRC_GCC_INDEX_COMPANIES_HTML,https://flexiple.com/gcc/india#gcc-hsbc;https://gccindex.in/company/hsbc,2026-09-25,Seeded from public directory exports; verify individual legal entity before treating as canonical.
GCC-0336,Huawei,,nan,"Shenzhen, China",Bengaluru,"Bengaluru, Kochi",Technology,nan,nan,Unknown,nan,single-directory seed,72,SRC_FLEXIPLE_GCC_INDIA_HTML,https://flexiple.com/gcc/india#gcc-huawei,2026-09-25,Seeded from public directory exports; verify individual legal entity before treating as canonical.
GCC-0337,Hudl,,nan,United States,Mumbai,"Mumbai, Pune, Bengaluru",Technology,Sports Analyst,1001-5000 people,Unknown,nan,single-directory seed,72,SRC_FLEXIPLE_GCC_INDIA_HTML,https://flexiple.com/gcc/india#gcc-hudl,2026-09-25,Seeded from public directory exports; verify individual legal entity before treating as canonical.
GCC-0338,Huron,,nan,United States,Bengaluru,"Bengaluru, Chennai, Hyderabad, Delhi, Pune",Professional & Info Services,nan,"5001-10,000 people",Unknown,nan,single-directory seed,72,SRC_FLEXIPLE_GCC_INDIA_HTML,https://flexiple.com/gcc/india#gcc-huron,2026-09-25,Seeded from public directory exports; verify individual legal entity before treating as canonical.
GCC-0339,Hyland,,—,nan,Hyderabad,Hyderabad,Technology & Software,Global Capability Expansion,nan,Unknown,nan,single-directory seed,72,SRC_GCC_INDEX_COMPANIES_HTML,https://gccindex.in/company/hyland,2026-09-25,Seeded from public directory exports; verify individual legal entity before treating as canonical.
GCC-0340,Hyundai Mobis,,nan,"Seoul, South Korea",Hyderabad,Hyderabad,Engineering & Industrial,nan,nan,Unknown,nan,single-directory seed,72,SRC_FLEXIPLE_GCC_INDIA_HTML,https://flexiple.com/gcc/india#gcc-hyundai-mobis,2026-09-25,Seeded from public directory exports; verify individual legal entity before treating as canonical.
GCC-0341,Hyundai Motor,,nan,"Seoul, South Korea",Ahmedabad,"Ahmedabad, Bengaluru, Chandigarh, Chennai, Delhi, Hyderabad, Jaipur, Kolkata, Mumbai, Pune",Engineering & Industrial,nan,nan,Unknown,nan,single-directory seed,72,SRC_FLEXIPLE_GCC_INDIA_HTML,https://flexiple.com/gcc/india#gcc-hyundai-motor,2026-09-25,Seeded from public directory exports; verify individual legal entity before treating as canonical.
GCC-0342,IBM,,nan,"Armonk, United States",Bengaluru,"Bengaluru, Hyderabad, Chennai, Kolkata, Delhi",Technology,Software Engineer; Application Developer; Data Engineer,"10,000+ people",Unknown,1992.0,single-directory seed,72,SRC_FLEXIPLE_GCC_INDIA_HTML,https://flexiple.com/gcc/india#gcc-ibm,2026-09-25,Seeded from public directory exports; verify individual legal entity before treating as canonical.
GCC-0343,ICE,,nan,United States,Hyderabad,"Hyderabad, Pune, Bengaluru, Bhubaneswar, Mumbai",BFSI,nan,"5001-10,000 people",Unknown,nan,single-directory seed,72,SRC_FLEXIPLE_GCC_INDIA_HTML,https://flexiple.com/gcc/india#gcc-ice,2026-09-25,Seeded from public directory exports; verify individual legal entity before treating as canonical.
GCC-0344,Icertis,,nan,United States,Pune,"Pune, Mumbai, Bengaluru, Nagpur",Technology,Software Engineer,1001-5000 people,Unknown,nan,single-directory seed,72,SRC_FLEXIPLE_GCC_INDIA_HTML,https://flexiple.com/gcc/india#gcc-icertis,2026-09-25,Seeded from public directory exports; verify individual legal entity before treating as canonical.
GCC-0345,IDP Education Digital Campus,,nan,Australia,Chennai,"Chennai, Delhi, Mumbai, Hyderabad",Professional & Info Services,Software Engineer,"5001-10,000 people",Unknown,nan,single-directory seed,72,SRC_FLEXIPLE_GCC_INDIA_HTML,https://flexiple.com/gcc/india#gcc-idp-education-digital-campus,2026-09-25,Seeded from public directory exports; verify individual legal entity before treating as canonical.
GCC-0346,IG Group,,nan,United Kingdom,Bengaluru,Bengaluru,BFSI,nan,1001-5000 people,Unknown,nan,single-directory seed,72,SRC_FLEXIPLE_GCC_INDIA_HTML,https://flexiple.com/gcc/india#gcc-ig-group,2026-09-25,Seeded from public directory exports; verify individual legal entity before treating as canonical.
GCC-0347,IKEA (Ingka Group),,nan,"Leiden, Netherlands",Delhi,"Delhi, Kolkata, Mumbai",Retail & Consumer,nan,nan,Unknown,nan,single-directory seed,72,SRC_FLEXIPLE_GCC_INDIA_HTML,https://flexiple.com/gcc/india#gcc-ikea,2026-09-25,Seeded from public directory exports; verify individual legal entity before treating as canonical.
GCC-0348,Illumia,,—,nan,Chennai,Chennai,Healthcare & Life Sciences,Innovation & R&D,nan,Unknown,nan,single-directory seed,72,SRC_GCC_INDEX_COMPANIES_HTML,https://gccindex.in/company/illumia,2026-09-25,Seeded from public directory exports; verify individual legal entity before treating as canonical.
GCC-0349,Imagine Learning,,U62013KA2026FTC218878,nan,Bengaluru,Bengaluru,Technology & Software,Innovation & R&D,nan,Unknown,nan,single-directory seed,72,SRC_GCC_INDEX_COMPANIES_HTML,https://gccindex.in/company/imagine-learning,2026-09-25,Seeded from public directory exports; verify individual legal entity before treating as canonical.
GCC-0350,Impact Analytics,,nan,United States,Bengaluru,Bengaluru,Technology,nan,501-1000 people,Unknown,nan,single-directory seed,72,SRC_FLEXIPLE_GCC_INDIA_HTML,https://flexiple.com/gcc/india#gcc-impact-analytics,2026-09-25,Seeded from public directory exports; verify individual legal entity before treating as canonical.
GCC-0351,Indeed,,nan,Japan,Bengaluru,"Bengaluru, Hyderabad, Mumbai, Delhi, Chennai",Technology,nan,"10,000+ people",Unknown,nan,single-directory seed,72,SRC_FLEXIPLE_GCC_INDIA_HTML,https://flexiple.com/gcc/india#gcc-indeed,2026-09-25,Seeded from public directory exports; verify individual legal entity before treating as canonical.
GCC-0352,Infineon Technologies,,—,Germany,Bengaluru,"Bengaluru, Ahmedabad, Hyderabad, Chennai, Pune",Technology,nan,"10,000+ people",Unknown,nan,cross-directory match,86,SRC_FLEXIPLE_GCC_INDIA_HTML;SRC_GCC_INDEX_COMPANIES_HTML,https://flexiple.com/gcc/india#gcc-infineon-technologies;https://gccindex.in/company/infineon,2026-09-25,Seeded from public directory exports; verify individual legal entity before treating as canonical.
GCC-0353,Infor,,nan,"Atlanta, USA",Hyderabad,"Hyderabad, Bengaluru, Mumbai, Pune, Chennai",Technology,Software Engineer,"10,000+ people",Unknown,nan,single-directory seed,72,SRC_FLEXIPLE_GCC_INDIA_HTML,https://flexiple.com/gcc/india#gcc-infor,2026-09-25,Seeded from public directory exports; verify individual legal entity before treating as canonical.
GCC-0354,Informatica,,nan,"Redwood City, United States",Bengaluru,"Bengaluru, Hyderabad, Chennai",Technology,Software Engineer,"5001-10,000 people",Unknown,nan,single-directory seed,72,SRC_FLEXIPLE_GCC_INDIA_HTML,https://flexiple.com/gcc/india#gcc-informatica,2026-09-25,Seeded from public directory exports; verify individual legal entity before treating as canonical.
GCC-0355,Innocean,,—,nan,Bengaluru,Bengaluru,Consulting & Professional Services,AI & Advanced Technology,nan,Unknown,nan,single-directory seed,72,SRC_GCC_INDEX_COMPANIES_HTML,https://gccindex.in/company/innocean,2026-09-25,Seeded from public directory exports; verify individual legal entity before treating as canonical.
GCC-0356,Innovaccer,,nan,United States,Delhi,"Delhi, Bengaluru",Healthcare & Pharma,Data Analyst; Software Development Engineer; Data Engineer,1001-5000 people,Unknown,nan,single-directory seed,72,SRC_FLEXIPLE_GCC_INDIA_HTML,https://flexiple.com/gcc/india#gcc-innovaccer,2026-09-25,Seeded from public directory exports; verify individual legal entity before treating as canonical.
GCC-0357,Insight Global,,—,nan,Hyderabad,Hyderabad,Consulting & Professional Services,Talent & Workforce Development,nan,Unknown,nan,single-directory seed,72,SRC_GCC_INDEX_COMPANIES_HTML,https://gccindex.in/company/insight,2026-09-25,Seeded from public directory exports; verify individual legal entity before treating as canonical.
GCC-0358,Institutional Shareholder Services,,nan,Germany,Mumbai,Mumbai,Professional & Info Services,nan,1001-5000 people,Unknown,nan,single-directory seed,72,SRC_FLEXIPLE_GCC_INDIA_HTML,https://flexiple.com/gcc/india#gcc-institutional-shareholder-services,2026-09-25,Seeded from public directory exports; verify individual legal entity before treating as canonical.
GCC-0359,Intel Corporation,,nan,"Santa Clara, United States",Bengaluru,"Bengaluru, Hyderabad, Chennai, Delhi, Mumbai",Technology,nan,"10,000+ people",Unknown,1988.0,single-directory seed,72,SRC_FLEXIPLE_GCC_INDIA_HTML,https://flexiple.com/gcc/india#gcc-intel-corporation,2026-09-25,Seeded from public directory exports; verify individual legal entity before treating as canonical.
GCC-0360,Intercontinental Exchange,,—,nan,Pune,Pune,Financial Services,Global Capability Expansion,nan,Unknown,nan,single-directory seed,72,SRC_GCC_INDEX_COMPANIES_HTML,https://gccindex.in/company/intercontinental-exchange,2026-09-25,Seeded from public directory exports; verify individual legal entity before treating as canonical.
GCC-0361,Intuit,,nan,"Mountain View, United States",Bengaluru,"Bengaluru, Delhi, Hyderabad, Mumbai, Chennai",Technology,Software Engineer,"10,000+ people",Unknown,2005.0,single-directory seed,72,SRC_FLEXIPLE_GCC_INDIA_HTML,https://flexiple.com/gcc/india#gcc-intuit,2026-09-25,Seeded from public directory exports; verify individual legal entity before treating as canonical.
GCC-0362,Intuitive,,nan,"Sunnyvale, United States",Bengaluru,Bengaluru,Healthcare & Pharma,nan,nan,Unknown,nan,single-directory seed,72,SRC_FLEXIPLE_GCC_INDIA_HTML,https://flexiple.com/gcc/india#gcc-intuitive-surgical,2026-09-25,Seeded from public directory exports; verify individual legal entity before treating as canonical.
GCC-0363,Invesco,,nan,"Atlanta, United States",Ahmedabad,"Ahmedabad, Delhi, Hyderabad, Kolkata, Mumbai, Pune",BFSI,nan,nan,Unknown,nan,single-directory seed,72,SRC_FLEXIPLE_GCC_INDIA_HTML,https://flexiple.com/gcc/india#gcc-invesco,2026-09-25,Seeded from public directory exports; verify individual legal entity before treating as canonical.
GCC-0364,InvoiceCloud,,U62099TS2024FTC186949,nan,Hyderabad,Hyderabad,Financial Services,AI & Advanced Technology,nan,Unknown,nan,single-directory seed,72,SRC_GCC_INDEX_COMPANIES_HTML,https://gccindex.in/company/invoicecloud,2026-09-25,Seeded from public directory exports; verify individual legal entity before treating as canonical.
GCC-0365,ION Investment Group,,nan,Ireland,Pune,"Pune, Bengaluru",Technology,Software Engineer,"10,000+ people",Unknown,nan,single-directory seed,72,SRC_FLEXIPLE_GCC_INDIA_HTML,https://flexiple.com/gcc/india#gcc-ion-investment-group,2026-09-25,Seeded from public directory exports; verify individual legal entity before treating as canonical.
GCC-0366,Ipsos,,nan,France,Mumbai,"Mumbai, Bengaluru, Delhi, Kolkata",Professional & Info Services,nan,"10,000+ people",Unknown,nan,single-directory seed,72,SRC_FLEXIPLE_GCC_INDIA_HTML,https://flexiple.com/gcc/india#gcc-ipsos,2026-09-25,Seeded from public directory exports; verify individual legal entity before treating as canonical.
GCC-0367,IQ-EQ,,—,nan,Hyderabad,Hyderabad,Financial Services,Global Capability Expansion,nan,Unknown,nan,single-directory seed,72,SRC_GCC_INDEX_COMPANIES_HTML,https://gccindex.in/company/iq-eq,2026-09-25,Seeded from public directory exports; verify individual legal entity before treating as canonical.
GCC-0368,IQVIA,,nan,"Durham, United States",Bengaluru,"Bengaluru, Mumbai, Hyderabad, Chennai",Healthcare & Pharma,Software Development Engineer; Software Engineer,"10,000+ people",Unknown,2002.0,single-directory seed,72,SRC_FLEXIPLE_GCC_INDIA_HTML,https://flexiple.com/gcc/india#gcc-iqvia,2026-09-25,Seeded from public directory exports; verify individual legal entity before treating as canonical.
GCC-0369,isolved,,U62099TS2026FTC212049,nan,Hyderabad,Hyderabad,Technology & Software,Global Capability Expansion,nan,Unknown,nan,single-directory seed,72,SRC_GCC_INDEX_COMPANIES_HTML,https://gccindex.in/company/isolved,2026-09-25,Seeded from public directory exports; verify individual legal entity before treating as canonical.
GCC-0370,Itineris,,U62099TS2025FTC207141,nan,Hyderabad,Hyderabad,Technology & Software,Global Capability Expansion,nan,Unknown,nan,single-directory seed,72,SRC_GCC_INDEX_COMPANIES_HTML,https://gccindex.in/company/itineris,2026-09-25,Seeded from public directory exports; verify individual legal entity before treating as canonical.
GCC-0371,Ivanti,,nan,"South Jordan, United States",Bengaluru,"Bengaluru, Hyderabad, Mumbai, Chennai",Technology,Software Engineer,1001-5000 people,Unknown,nan,single-directory seed,72,SRC_FLEXIPLE_GCC_INDIA_HTML,https://flexiple.com/gcc/india#gcc-ivanti,2026-09-25,Seeded from public directory exports; verify individual legal entity before treating as canonical.
GCC-0372,JAGGAER,,—,"Morrisville, United States",Bengaluru,"Bengaluru, Chennai, Coimbatore, Delhi, Hyderabad, Kochi, Kolkata, Mumbai, Thiruvananthapuram, Visakhapatnam",Technology,nan,nan,Unknown,nan,cross-directory match,86,SRC_FLEXIPLE_GCC_INDIA_HTML;SRC_GCC_INDEX_COMPANIES_HTML,https://flexiple.com/gcc/india#gcc-jaggaer;https://gccindex.in/company/jaggaer,2026-09-25,Seeded from public directory exports; verify individual legal entity before treating as canonical.
GCC-0373,JLL,,—,"Chicago, United States",Bengaluru,"Bengaluru, Delhi, Mumbai, Hyderabad",Professional & Info Services,nan,"10,000+ people",Unknown,nan,cross-directory match,86,SRC_FLEXIPLE_GCC_INDIA_HTML;SRC_GCC_INDEX_COMPANIES_HTML,https://flexiple.com/gcc/india#gcc-jll;https://gccindex.in/company/jll,2026-09-25,Seeded from public directory exports; verify individual legal entity before treating as canonical.
GCC-0374,John Deere,,nan,"Moline, United States",Pune,"Pune, Bengaluru, Hyderabad, Mumbai, Indore",Engineering & Industrial,nan,"10,000+ people",Unknown,2005.0,single-directory seed,72,SRC_FLEXIPLE_GCC_INDIA_HTML,https://flexiple.com/gcc/india#gcc-john-deere,2026-09-25,Seeded from public directory exports; verify individual legal entity before treating as canonical.
GCC-0375,Johnson Controls,,nan,"Cork, Ireland",Pune,"Pune, Bengaluru, Mumbai, Delhi, Hyderabad",Engineering & Industrial,nan,"10,000+ people",Unknown,1995.0,single-directory seed,72,SRC_FLEXIPLE_GCC_INDIA_HTML,https://flexiple.com/gcc/india#gcc-johnson-controls,2026-09-25,Seeded from public directory exports; verify individual legal entity before treating as canonical.
GCC-0376,Johnson & Johnson,,—,nan,Hyderabad,Hyderabad,Healthcare & Life Sciences,Talent & Workforce Development,nan,Unknown,nan,single-directory seed,72,SRC_GCC_INDEX_COMPANIES_HTML,https://gccindex.in/company/johnson-johnson,2026-09-25,Seeded from public directory exports; verify individual legal entity before treating as canonical.
GCC-0377,JP Morgan,,F07017,nan,Mumbai,Mumbai,Financial Services,Global Capability Expansion,nan,Unknown,nan,single-directory seed,72,SRC_GCC_INDEX_COMPANIES_HTML,https://gccindex.in/company/jp-morgan,2026-09-25,Seeded from public directory exports; verify individual legal entity before treating as canonical.
GCC-0378,JPMorgan Chase,,—,nan,Hyderabad,Hyderabad,Financial Services,Global Capability Expansion,nan,Unknown,nan,single-directory seed,72,SRC_GCC_INDEX_COMPANIES_HTML,https://gccindex.in/company/jpmorgan-chase,2026-09-25,Seeded from public directory exports; verify individual legal entity before treating as canonical.
GCC-0379,JPMorganChase,,nan,"New York, USA",Bengaluru,"Bengaluru, Mumbai, Hyderabad, Pune",BFSI,Software Engineer; Software Development Engineer; Full Stack Engineer,"10,000+ people",Unknown,2002.0,single-directory seed,72,SRC_FLEXIPLE_GCC_INDIA_HTML,https://flexiple.com/gcc/india#gcc-jpmorganchase,2026-09-25,Seeded from public directory exports; verify individual legal entity before treating as canonical.
GCC-0380,Julius Baer,,U70200MH2025FTC443293,nan,Mumbai,Mumbai,Financial Services,Operational Efficiency,nan,Unknown,nan,single-directory seed,72,SRC_GCC_INDEX_COMPANIES_HTML,https://gccindex.in/company/julius-baer,2026-09-25,Seeded from public directory exports; verify individual legal entity before treating as canonical.
GCC-0381,JumpCloud,,nan,United States,Bengaluru,"Bengaluru, Chennai",Technology,nan,501-1000 people,Unknown,nan,single-directory seed,72,SRC_FLEXIPLE_GCC_INDIA_HTML,https://flexiple.com/gcc/india#gcc-jumpcloud,2026-09-25,Seeded from public directory exports; verify individual legal entity before treating as canonical.
GCC-0382,Juniper Networks,,nan,"Sunnyvale, United States",Bengaluru,"Bengaluru, Hyderabad, Chennai, Mumbai, Delhi",Technology,Software Engineer,"10,000+ people",Unknown,nan,single-directory seed,72,SRC_FLEXIPLE_GCC_INDIA_HTML,https://flexiple.com/gcc/india#gcc-juniper-networks,2026-09-25,Seeded from public directory exports; verify individual legal entity before treating as canonical.
GCC-0383,Kantar,,nan,United Kingdom,Bengaluru,"Bengaluru, Hyderabad, Mumbai, Kolkata, Delhi",Professional & Info Services,Research Manager,"10,000+ people",Unknown,nan,single-directory seed,72,SRC_FLEXIPLE_GCC_INDIA_HTML,https://flexiple.com/gcc/india#gcc-kantar,2026-09-25,Seeded from public directory exports; verify individual legal entity before treating as canonical.
GCC-0384,Keysight Technologies,,nan,United States,Bengaluru,"Bengaluru, Delhi, Kolkata, Hyderabad",Engineering & Industrial,nan,"10,000+ people",Unknown,nan,single-directory seed,72,SRC_FLEXIPLE_GCC_INDIA_HTML,https://flexiple.com/gcc/india#gcc-keysight-technologies,2026-09-25,Seeded from public directory exports; verify individual legal entity before treating as canonical.
GCC-0385,Kimberly-Clark,,nan,"Irving, United States",Bengaluru,Bengaluru,Retail & Consumer,nan,nan,Unknown,nan,single-directory seed,72,SRC_FLEXIPLE_GCC_INDIA_HTML,https://flexiple.com/gcc/india#gcc-kimberly-clark,2026-09-25,Seeded from public directory exports; verify individual legal entity before treating as canonical.
GCC-0386,KLA,,nan,"Milpitas, United States",Chennai,"Chennai, Delhi",Technology,nan,nan,Unknown,nan,single-directory seed,72,SRC_FLEXIPLE_GCC_INDIA_HTML,https://flexiple.com/gcc/india#gcc-kla,2026-09-25,Seeded from public directory exports; verify individual legal entity before treating as canonical.
GCC-0387,KLA Corp,,U33130TN2025FTC186129,nan,Chennai,Chennai,Semiconductors & Electronics,Global Capability Expansion,nan,Unknown,nan,single-directory seed,72,SRC_GCC_INDEX_COMPANIES_HTML,https://gccindex.in/company/kla,2026-09-25,Seeded from public directory exports; verify individual legal entity before treating as canonical.
GCC-0388,Kore.ai,,nan,United States,Hyderabad,"Hyderabad, Bengaluru",Technology,Software Engineer,1001-5000 people,Unknown,nan,single-directory seed,72,SRC_FLEXIPLE_GCC_INDIA_HTML,https://flexiple.com/gcc/india#gcc-kore-ai,2026-09-25,Seeded from public directory exports; verify individual legal entity before treating as canonical.
GCC-0389,KPMG Global Services,,nan,"Amstelveen, Netherlands",Bengaluru,"Bengaluru, Delhi, Mumbai, Hyderabad",Professional & Info Services,Audit; Data Analyst,"10,000+ people",Unknown,nan,single-directory seed,72,SRC_FLEXIPLE_GCC_INDIA_HTML,https://flexiple.com/gcc/india#gcc-kpmg,2026-09-25,Seeded from public directory exports; verify individual legal entity before treating as canonical.
GCC-0390,Kraft Heinz,,—,"Chicago, United States",Ahmedabad,"Ahmedabad, Bengaluru, Chennai, Delhi, Hyderabad, Jaipur, Kolkata, Mumbai, Pune",Retail & Consumer,nan,nan,Unknown,2023.0,cross-directory match,86,SRC_FLEXIPLE_GCC_INDIA_HTML;SRC_GCC_INDEX_COMPANIES_HTML,https://flexiple.com/gcc/india#gcc-kraft-heinz;https://gccindex.in/company/kraft-heinz,2026-09-25,Seeded from public directory exports; verify individual legal entity before treating as canonical.
GCC-0391,L'Oréal,,—,"Clichy, France",Delhi,"Delhi, Hyderabad, Mumbai",Retail & Consumer,nan,nan,Unknown,nan,cross-directory match,86,SRC_FLEXIPLE_GCC_INDIA_HTML;SRC_GCC_INDEX_COMPANIES_HTML,https://flexiple.com/gcc/india#gcc-l-oreal;https://gccindex.in/company/loreal,2026-09-25,Seeded from public directory exports; verify individual legal entity before treating as canonical.
GCC-0392,Ladera Technology,,—,nan,Bengaluru,Bengaluru,Technology & Software,Innovation & R&D,nan,Unknown,nan,single-directory seed,72,SRC_GCC_INDEX_COMPANIES_HTML,https://gccindex.in/company/ladera,2026-09-25,Seeded from public directory exports; verify individual legal entity before treating as canonical.
GCC-0393,Lam Research,,nan,"Fremont, United States",Bengaluru,"Bengaluru, Delhi",Technology,nan,nan,Unknown,nan,single-directory seed,72,SRC_FLEXIPLE_GCC_INDIA_HTML,https://flexiple.com/gcc/india#gcc-lam-research,2026-09-25,Seeded from public directory exports; verify individual legal entity before treating as canonical.
GCC-0394,Landis+Gyr,,nan,Switzerland,Delhi,"Delhi, Kolkata",Energy,Software Engineer,"5001-10,000 people",Unknown,nan,single-directory seed,72,SRC_FLEXIPLE_GCC_INDIA_HTML,https://flexiple.com/gcc/india#gcc-landis-gyr,2026-09-25,Seeded from public directory exports; verify individual legal entity before treating as canonical.
GCC-0395,LeadIQ,,nan,United States,nan,nan,Technology,nan,51-200 people,Unknown,nan,single-directory seed,72,SRC_FLEXIPLE_GCC_INDIA_HTML,https://flexiple.com/gcc/india#gcc-leadiq,2026-09-25,Seeded from public directory exports; verify individual legal entity before treating as canonical.
GCC-0396,Leidos,,—,nan,Pune,Pune,Aerospace & Defense,Global Capability Expansion,nan,Unknown,nan,single-directory seed,72,SRC_GCC_INDEX_COMPANIES_HTML,https://gccindex.in/company/leidos,2026-09-25,Seeded from public directory exports; verify individual legal entity before treating as canonical.
GCC-0397,Lennox,,—,nan,Chennai,Chennai,Manufacturing & Industrial,Sustainability & Energy Transition,nan,Unknown,nan,single-directory seed,72,SRC_GCC_INDEX_COMPANIES_HTML,https://gccindex.in/company/lennox,2026-09-25,Seeded from public directory exports; verify individual legal entity before treating as canonical.
GCC-0398,Lennox International,,nan,"Richardson, United States",nan,nan,Engineering & Industrial,nan,nan,Unknown,nan,single-directory seed,72,SRC_FLEXIPLE_GCC_INDIA_HTML,https://flexiple.com/gcc/india#gcc-lennox-international,2026-09-25,Seeded from public directory exports; verify individual legal entity before treating as canonical.
GCC-0399,Lenovo,,nan,China,Bengaluru,"Bengaluru, Mumbai, Delhi, Chennai, Puducherry",Technology,nan,"10,000+ people",Unknown,nan,single-directory seed,72,SRC_FLEXIPLE_GCC_INDIA_HTML,https://flexiple.com/gcc/india#gcc-lenovo,2026-09-25,Seeded from public directory exports; verify individual legal entity before treating as canonical.
GCC-0400,Lexitas,,U62099TN2024FTC171755,nan,Chennai,Chennai,Consulting & Professional Services,Innovation & R&D,nan,Unknown,nan,single-directory seed,72,SRC_GCC_INDEX_COMPANIES_HTML,https://gccindex.in/company/lexitas,2026-09-25,Seeded from public directory exports; verify individual legal entity before treating as canonical.
GCC-0401,LG Corporation,,—,nan,Noida,Noida,Manufacturing & Industrial,Global Capability Expansion,nan,Unknown,nan,single-directory seed,72,SRC_GCC_INDEX_COMPANIES_HTML,https://gccindex.in/company/lg-corporation,2026-09-25,Seeded from public directory exports; verify individual legal entity before treating as canonical.
GCC-0402,LG Electronics,,nan,"Seoul, South Korea",Delhi,"Delhi, Pune, Bengaluru, Mumbai",Technology,nan,"10,000+ people",Unknown,nan,single-directory seed,72,SRC_FLEXIPLE_GCC_INDIA_HTML,https://flexiple.com/gcc/india#gcc-lg-electronics,2026-09-25,Seeded from public directory exports; verify individual legal entity before treating as canonical.
GCC-0403,Liebherr,,—,nan,Pune,Pune,Manufacturing & Industrial,Global Capability Expansion,nan,Unknown,nan,single-directory seed,72,SRC_GCC_INDEX_COMPANIES_HTML,https://gccindex.in/company/liebherr,2026-09-25,Seeded from public directory exports; verify individual legal entity before treating as canonical.
GCC-0404,Light & Wonder,,nan,United States,Bengaluru,"Bengaluru, Chennai, Pune",Telecom & Media,Software Engineer; Software,1001-5000 people,Unknown,nan,single-directory seed,72,SRC_FLEXIPLE_GCC_INDIA_HTML,https://flexiple.com/gcc/india#gcc-light-and-wonder,2026-09-25,Seeded from public directory exports; verify individual legal entity before treating as canonical.
GCC-0405,Linde-Wiemann,,—,nan,Gurugram,Gurugram,Manufacturing & Industrial,Global Capability Expansion,nan,Unknown,nan,single-directory seed,72,SRC_GCC_INDEX_COMPANIES_HTML,https://gccindex.in/company/lindewiemann,2026-09-25,Seeded from public directory exports; verify individual legal entity before treating as canonical.
GCC-0406,LinkedIn,,nan,"Sunnyvale, United States",Bengaluru,"Bengaluru, Delhi, Mumbai, Hyderabad, Chennai",Technology,Software Engineer,"10,000+ people",Unknown,nan,single-directory seed,72,SRC_FLEXIPLE_GCC_INDIA_HTML,https://flexiple.com/gcc/india#gcc-linkedin,2026-09-25,Seeded from public directory exports; verify individual legal entity before treating as canonical.
GCC-0407,Litmos,,—,nan,Pune,Pune,Technology & Software,Innovation & R&D,nan,Unknown,nan,single-directory seed,72,SRC_GCC_INDEX_COMPANIES_HTML,https://gccindex.in/company/litmos,2026-09-25,Seeded from public directory exports; verify individual legal entity before treating as canonical.
GCC-0408,LiveRamp,,—,nan,Hyderabad,Hyderabad,Technology & Software,Global Capability Expansion,nan,Unknown,nan,single-directory seed,72,SRC_GCC_INDEX_COMPANIES_HTML,https://gccindex.in/company/liveramp,2026-09-25,Seeded from public directory exports; verify individual legal entity before treating as canonical.
GCC-0409,LKQ,,nan,United States,Bengaluru,Bengaluru,Engineering & Industrial,nan,"5001-10,000 people",Unknown,nan,single-directory seed,72,SRC_FLEXIPLE_GCC_INDIA_HTML,https://flexiple.com/gcc/india#gcc-lkq,2026-09-25,Seeded from public directory exports; verify individual legal entity before treating as canonical.
GCC-0410,Lloyds Banking Group,,nan,"London, United Kingdom",Bengaluru,"Bengaluru, Chennai, Delhi, Hyderabad, Kolkata, Mumbai",BFSI,nan,nan,Unknown,nan,single-directory seed,72,SRC_FLEXIPLE_GCC_INDIA_HTML,https://flexiple.com/gcc/india#gcc-lloyds-banking-group,2026-09-25,Seeded from public directory exports; verify individual legal entity before treating as canonical.
GCC-0411,Logitech,,nan,"Lausanne, Switzerland",Chennai,Chennai,Technology,nan,nan,Unknown,nan,single-directory seed,72,SRC_FLEXIPLE_GCC_INDIA_HTML,https://flexiple.com/gcc/india#gcc-logitech,2026-09-25,Seeded from public directory exports; verify individual legal entity before treating as canonical.
GCC-0412,Lonza Group,,U62099TS2025FTC203333,nan,Hyderabad,Hyderabad,Healthcare & Life Sciences,Global Capability Expansion,nan,Unknown,nan,single-directory seed,72,SRC_GCC_INDEX_COMPANIES_HTML,https://gccindex.in/company/lonza,2026-09-25,Seeded from public directory exports; verify individual legal entity before treating as canonical.
GCC-0413,Lowe's India,,U62099KA2025FTC198037,"Mooresville, United States",Bengaluru,"Bengaluru, Chennai, Mysuru, Hyderabad",Retail & Consumer,Software Engineer,1001-5000 people,Unknown,nan,cross-directory match,86,SRC_FLEXIPLE_GCC_INDIA_HTML;SRC_GCC_INDEX_COMPANIES_HTML,https://flexiple.com/gcc/india#gcc-lowe-s-india;https://gccindex.in/company/lowes,2026-09-25,Seeded from public directory exports; verify individual legal entity before treating as canonical.
GCC-0414,Loyalty Juggernaut,,nan,United States,Hyderabad,Hyderabad,Technology,nan,201-500 people,Unknown,nan,single-directory seed,72,SRC_FLEXIPLE_GCC_INDIA_HTML,https://flexiple.com/gcc/india#gcc-loyalty-juggernaut,2026-09-25,Seeded from public directory exports; verify individual legal entity before treating as canonical.
GCC-0415,LPL Financial,,—,nan,Hyderabad,Hyderabad,Financial Services,Global Capability Expansion,nan,Unknown,nan,single-directory seed,72,SRC_GCC_INDEX_COMPANIES_HTML,https://gccindex.in/company/lpl-financial,2026-09-25,Seeded from public directory exports; verify individual legal entity before treating as canonical.
GCC-0416,LSEG (London Stock Exchange Group),,nan,"London, UK",Bengaluru,"Bengaluru, Hyderabad, Mumbai, Chennai, Delhi",BFSI,nan,"10,000+ people",Unknown,nan,single-directory seed,72,SRC_FLEXIPLE_GCC_INDIA_HTML,https://flexiple.com/gcc/india#gcc-lseg-london-stock-exchange-group,2026-09-25,Seeded from public directory exports; verify individual legal entity before treating as canonical.
GCC-0417,Lubrizol,,nan,"Wickliffe, United States",Bengaluru,"Bengaluru, Chennai, Coimbatore, Delhi, Hyderabad, Kochi, Kolkata, Mumbai, Pune, Thiruvananthapuram, Visakhapatnam",Engineering & Industrial,nan,nan,Unknown,nan,single-directory seed,72,SRC_FLEXIPLE_GCC_INDIA_HTML,https://flexiple.com/gcc/india#gcc-lubrizol,2026-09-25,Seeded from public directory exports; verify individual legal entity before treating as canonical.
GCC-0418,Lufthansa,,U62099KA2025FTC210433,nan,Bengaluru,Bengaluru,Logistics & Transportation,Global Capability Expansion,nan,Unknown,nan,single-directory seed,72,SRC_GCC_INDEX_COMPANIES_HTML,https://gccindex.in/company/lufthansa,2026-09-25,Seeded from public directory exports; verify individual legal entity before treating as canonical.
GCC-0419,Lumen Technologies,,nan,United States,Bengaluru,"Bengaluru, Hyderabad, Delhi, Chennai",Telecom & Media,Software Development Engineer,"10,000+ people",Unknown,nan,single-directory seed,72,SRC_FLEXIPLE_GCC_INDIA_HTML,https://flexiple.com/gcc/india#gcc-lumen-technologies,2026-09-25,Seeded from public directory exports; verify individual legal entity before treating as canonical.
GCC-0420,Macquarie Group,,nan,Australia,Delhi,"Delhi, Mumbai, Hyderabad",BFSI,nan,"10,000+ people",Unknown,nan,single-directory seed,72,SRC_FLEXIPLE_GCC_INDIA_HTML,https://flexiple.com/gcc/india#gcc-macquarie-group,2026-09-25,Seeded from public directory exports; verify individual legal entity before treating as canonical.
GCC-0421,Magna International,,nan,"Aurora, Canada",Bengaluru,Bengaluru,Engineering & Industrial,nan,nan,Unknown,nan,single-directory seed,72,SRC_FLEXIPLE_GCC_INDIA_HTML,https://flexiple.com/gcc/india#gcc-magna-international,2026-09-25,Seeded from public directory exports; verify individual legal entity before treating as canonical.
GCC-0422,Magnum Ice Cream Company,,U74909MH2025FTC446209,nan,Bengaluru,"Bengaluru, Pune",Retail & Consumer,"Innovation & R&D, Global Capability Expansion",nan,Unknown,nan,single-directory seed,72,SRC_GCC_INDEX_COMPANIES_HTML,https://gccindex.in/company/magnum-ice-cream-company,2026-09-25,Seeded from public directory exports; verify individual legal entity before treating as canonical.
GCC-0423,Makino,,nan,"Tokyo, Japan",Ahmedabad,"Ahmedabad, Bengaluru, Chennai, Coimbatore, Delhi, Hyderabad, Jaipur, Kolkata, Mumbai, Pune",Engineering & Industrial,nan,nan,Unknown,nan,single-directory seed,72,SRC_FLEXIPLE_GCC_INDIA_HTML,https://flexiple.com/gcc/india#gcc-makino,2026-09-25,Seeded from public directory exports; verify individual legal entity before treating as canonical.
GCC-0424,Manhattan Associates,,nan,United States,Bengaluru,Bengaluru,Technology,Software Engineer,1001-5000 people,Unknown,nan,single-directory seed,72,SRC_FLEXIPLE_GCC_INDIA_HTML,https://flexiple.com/gcc/india#gcc-manhattan-associates,2026-09-25,Seeded from public directory exports; verify individual legal entity before treating as canonical.
GCC-0425,MANN+HUMMEL,,—,"Ludwigsburg, Germany",Bengaluru,"Bengaluru, Pune",Engineering & Industrial,nan,nan,Unknown,nan,cross-directory match,86,SRC_FLEXIPLE_GCC_INDIA_HTML;SRC_GCC_INDEX_COMPANIES_HTML,https://flexiple.com/gcc/india#gcc-mann-hummel;https://gccindex.in/company/mannhummel,2026-09-25,Seeded from public directory exports; verify individual legal entity before treating as canonical.
GCC-0426,Map My Crop,,nan,United States,nan,nan,Technology,nan,nan,Unknown,nan,single-directory seed,72,SRC_FLEXIPLE_GCC_INDIA_HTML,https://flexiple.com/gcc/india#gcc-map-my-crop,2026-09-25,Seeded from public directory exports; verify individual legal entity before treating as canonical.
GCC-0427,Markem-Imaje,,nan,"Geneva, Switzerland",Bengaluru,"Bengaluru, Chennai, Mumbai, Vadodara",Engineering & Industrial,nan,nan,Unknown,nan,single-directory seed,72,SRC_FLEXIPLE_GCC_INDIA_HTML,https://flexiple.com/gcc/india#gcc-markem-imaje,2026-09-25,Seeded from public directory exports; verify individual legal entity before treating as canonical.
GCC-0428,Marriott International,,—,"Bethesda, United States",Bengaluru,"Bengaluru, Mumbai, Delhi, Kolkata, Hyderabad",Retail & Consumer,nan,"10,000+ people",Unknown,nan,cross-directory match,86,SRC_FLEXIPLE_GCC_INDIA_HTML;SRC_GCC_INDEX_COMPANIES_HTML,https://flexiple.com/gcc/india#gcc-marriott-international;https://gccindex.in/company/marriott-international,2026-09-25,Seeded from public directory exports; verify individual legal entity before treating as canonical.
GCC-0429,Marsh McLennan,,nan,"New York, USA",Mumbai,"Mumbai, Pune, Delhi",BFSI,nan,"10,000+ people",Unknown,2007.0,single-directory seed,72,SRC_FLEXIPLE_GCC_INDIA_HTML,https://flexiple.com/gcc/india#gcc-marsh-mclennan,2026-09-25,Seeded from public directory exports; verify individual legal entity before treating as canonical.
GCC-0430,Marvell,,nan,"Santa Clara, United States",Bengaluru,"Bengaluru, Delhi, Hyderabad, Mumbai, Pune",Technology,nan,nan,Unknown,nan,single-directory seed,72,SRC_FLEXIPLE_GCC_INDIA_HTML,https://flexiple.com/gcc/india#gcc-marvell,2026-09-25,Seeded from public directory exports; verify individual legal entity before treating as canonical.
GCC-0431,Mastercard,,nan,"Purchase, USA",Pune,"Pune, Mumbai, Delhi, Vadodara",BFSI,Software Engineer,"10,000+ people",Unknown,2014.0,single-directory seed,72,SRC_FLEXIPLE_GCC_INDIA_HTML,https://flexiple.com/gcc/india#gcc-mastercard,2026-09-25,Seeded from public directory exports; verify individual legal entity before treating as canonical.
GCC-0432,MathWorks,,nan,United States,Bengaluru,"Bengaluru, Hyderabad, Delhi",Technology,Software Engineer,"5001-10,000 people",Unknown,nan,single-directory seed,72,SRC_FLEXIPLE_GCC_INDIA_HTML,https://flexiple.com/gcc/india#gcc-mathworks,2026-09-25,Seeded from public directory exports; verify individual legal entity before treating as canonical.
GCC-0433,Mattel,,—,nan,Hyderabad,Hyderabad,Retail & Consumer,Innovation & R&D,nan,Unknown,nan,single-directory seed,72,SRC_GCC_INDEX_COMPANIES_HTML,https://gccindex.in/company/mattel,2026-09-25,Seeded from public directory exports; verify individual legal entity before treating as canonical.
GCC-0434,Mavenir,,nan,"Richardson, United States",Bengaluru,"Bengaluru, Delhi, Mumbai",Telecom & Media,nan,"5001-10,000 people",Unknown,nan,single-directory seed,72,SRC_FLEXIPLE_GCC_INDIA_HTML,https://flexiple.com/gcc/india#gcc-mavenir,2026-09-25,Seeded from public directory exports; verify individual legal entity before treating as canonical.
GCC-0435,Maximus Inc,,—,nan,Hyderabad,Hyderabad,Healthcare & Life Sciences,Global Capability Expansion,nan,Unknown,nan,single-directory seed,72,SRC_GCC_INDEX_COMPANIES_HTML,https://gccindex.in/company/maximus,2026-09-25,Seeded from public directory exports; verify individual legal entity before treating as canonical.
GCC-0436,McDonald's,,U63119DL2024FTC438910,"Chicago, United States",Ahmedabad,"Ahmedabad, Bengaluru, Delhi, Hyderabad, Mumbai, Nagpur, Pune",Retail & Consumer,nan,nan,Unknown,nan,cross-directory match,86,SRC_FLEXIPLE_GCC_INDIA_HTML;SRC_GCC_INDEX_COMPANIES_HTML,https://flexiple.com/gcc/india#gcc-mcdonalds;https://gccindex.in/company/mcdonalds,2026-09-25,Seeded from public directory exports; verify individual legal entity before treating as canonical.
GCC-0437,MedExpert Billing,,—,nan,Chennai,Chennai,Healthcare & Life Sciences,Global Capability Expansion,nan,Unknown,nan,single-directory seed,72,SRC_GCC_INDEX_COMPANIES_HTML,https://gccindex.in/company/medexpert-billing,2026-09-25,Seeded from public directory exports; verify individual legal entity before treating as canonical.
GCC-0438,Media.net,,nan,United Arab Emirates,Mumbai,"Mumbai, Bengaluru",Telecom & Media,Web Application Developer,1001-5000 people,Unknown,nan,single-directory seed,72,SRC_FLEXIPLE_GCC_INDIA_HTML,https://flexiple.com/gcc/india#gcc-media-net,2026-09-25,Seeded from public directory exports; verify individual legal entity before treating as canonical.
GCC-0439,MediaTek,,nan,"Hsinchu, Taiwan",Bengaluru,"Bengaluru, Delhi",Technology,nan,nan,Unknown,nan,single-directory seed,72,SRC_FLEXIPLE_GCC_INDIA_HTML,https://flexiple.com/gcc/india#gcc-mediatek,2026-09-25,Seeded from public directory exports; verify individual legal entity before treating as canonical.
GCC-0440,Meditab Software,,nan,United States,Ahmedabad,"Ahmedabad, Pune",Healthcare & Pharma,Programming Analyst,501-1000 people,Unknown,nan,single-directory seed,72,SRC_FLEXIPLE_GCC_INDIA_HTML,https://flexiple.com/gcc/india#gcc-meditab-software,2026-09-25,Seeded from public directory exports; verify individual legal entity before treating as canonical.
GCC-0441,Medtronic,,U62099MH2024FTC430077,"Dublin, Ireland",Bengaluru,"Bengaluru, Chennai, Coimbatore, Delhi, Hyderabad, Kochi, Kolkata, Mumbai, Thiruvananthapuram, Visakhapatnam",Healthcare & Pharma,nan,nan,Unknown,nan,cross-directory match,86,SRC_FLEXIPLE_GCC_INDIA_HTML;SRC_GCC_INDEX_COMPANIES_HTML,https://flexiple.com/gcc/india#gcc-medtronic;https://gccindex.in/company/medtronic,2026-09-25,Seeded from public directory exports; verify individual legal entity before treating as canonical.
GCC-0442,Meltwater,,—,nan,Hyderabad,Hyderabad,Technology & Software,Global Capability Expansion,nan,Unknown,nan,single-directory seed,72,SRC_GCC_INDEX_COMPANIES_HTML,https://gccindex.in/company/meltwater,2026-09-25,Seeded from public directory exports; verify individual legal entity before treating as canonical.
GCC-0443,Mercedes-Benz Research and Development India,,nan,"Stuttgart, Germany",Bengaluru,"Bengaluru, Pune, Chennai, Mysuru, Hyderabad",Engineering & Industrial,Software Engineer; Full Stack Engineer; Software Consultant,"10,000+ people",Unknown,1996.0,single-directory seed,72,SRC_FLEXIPLE_GCC_INDIA_HTML,https://flexiple.com/gcc/india#gcc-mercedes-benz-research-and-development-india,2026-09-25,Seeded from public directory exports; verify individual legal entity before treating as canonical.
GCC-0444,Mercer,,nan,United States,Delhi,"Delhi, Mumbai, Bengaluru",Professional & Info Services,nan,"10,000+ people",Unknown,nan,single-directory seed,72,SRC_FLEXIPLE_GCC_INDIA_HTML,https://flexiple.com/gcc/india#gcc-mercer,2026-09-25,Seeded from public directory exports; verify individual legal entity before treating as canonical.
GCC-0445,Merck,,—,nan,Bengaluru,Bengaluru,Healthcare & Life Sciences,Global Capability Expansion,nan,Unknown,nan,single-directory seed,72,SRC_GCC_INDEX_COMPANIES_HTML,https://gccindex.in/company/merck,2026-09-25,Seeded from public directory exports; verify individual legal entity before treating as canonical.
GCC-0446,Merck Group,,nan,"Darmstadt, Germany",Bengaluru,"Bengaluru, Mumbai, Hyderabad, Chennai, Kolkata",Healthcare & Pharma,nan,"10,000+ people",Unknown,nan,single-directory seed,72,SRC_FLEXIPLE_GCC_INDIA_HTML,https://flexiple.com/gcc/india#gcc-merck-group,2026-09-25,Seeded from public directory exports; verify individual legal entity before treating as canonical.
GCC-0447,Meta,,nan,"Menlo Park, United States",Delhi,"Delhi, Mumbai",Technology,nan,nan,Unknown,nan,single-directory seed,72,SRC_FLEXIPLE_GCC_INDIA_HTML,https://flexiple.com/gcc/india#gcc-meta-platforms,2026-09-25,Seeded from public directory exports; verify individual legal entity before treating as canonical.
GCC-0448,Meta Platforms,,nan,"Menlo Park, United States",Ahmedabad,"Ahmedabad, Bengaluru, Delhi, Hyderabad, Mumbai",Technology,nan,nan,Unknown,nan,single-directory seed,72,SRC_FLEXIPLE_GCC_INDIA_HTML,https://flexiple.com/gcc/india#gcc-meta,2026-09-25,Seeded from public directory exports; verify individual legal entity before treating as canonical.
GCC-0449,MetLife,,nan,United States,Delhi,"Delhi, Jaipur, Hyderabad",BFSI,nan,"10,000+ people",Unknown,nan,single-directory seed,72,SRC_FLEXIPLE_GCC_INDIA_HTML,https://flexiple.com/gcc/india#gcc-metlife,2026-09-25,Seeded from public directory exports; verify individual legal entity before treating as canonical.
GCC-0450,METRO AG,,—,nan,Pune,Pune,Retail & Consumer,Innovation & R&D,nan,Unknown,nan,single-directory seed,72,SRC_GCC_INDEX_COMPANIES_HTML,https://gccindex.in/company/metro,2026-09-25,Seeded from public directory exports; verify individual legal entity before treating as canonical.
GCC-0451,METRO Global Solution Centre,,nan,"Dusseldorf, Germany",Bengaluru,"Bengaluru, Chandigarh, Delhi, Hyderabad, Jaipur, Mumbai, Pune",Retail & Consumer,nan,nan,Unknown,nan,single-directory seed,72,SRC_FLEXIPLE_GCC_INDIA_HTML,https://flexiple.com/gcc/india#gcc-metro-gsc,2026-09-25,Seeded from public directory exports; verify individual legal entity before treating as canonical.
GCC-0452,Miamin Systems,,—,nan,Hyderabad,Hyderabad,Technology & Software,Global Capability Expansion,nan,Unknown,nan,single-directory seed,72,SRC_GCC_INDEX_COMPANIES_HTML,https://gccindex.in/company/miamin,2026-09-25,Seeded from public directory exports; verify individual legal entity before treating as canonical.
GCC-0453,Microchip Technology,,—,"Chandler, United States",Bengaluru,"Bengaluru, Chennai, Delhi, Hyderabad, Pune",Technology,nan,nan,Unknown,nan,cross-directory match,86,SRC_FLEXIPLE_GCC_INDIA_HTML;SRC_GCC_INDEX_COMPANIES_HTML,https://flexiple.com/gcc/india#gcc-microchip-technology;https://gccindex.in/company/microchip,2026-09-25,Seeded from public directory exports; verify individual legal entity before treating as canonical.
GCC-0454,Micron Technology,,nan,"Boise, USA",Hyderabad,"Hyderabad, Bengaluru, Ahmedabad, Mumbai, Delhi",Technology,Data Engineer; Software Engineer,"10,000+ people",Unknown,nan,single-directory seed,72,SRC_FLEXIPLE_GCC_INDIA_HTML,https://flexiple.com/gcc/india#gcc-micron-technology,2026-09-25,Seeded from public directory exports; verify individual legal entity before treating as canonical.
GCC-0455,Microsoft,,nan,"Redmond, United States",Bengaluru,"Bengaluru, Hyderabad, Delhi, Mumbai, Chennai",Technology,Software Engineer; Software Development Engineer,"10,000+ people",Unknown,1998.0,single-directory seed,72,SRC_FLEXIPLE_GCC_INDIA_HTML,https://flexiple.com/gcc/india#gcc-microsoft,2026-09-25,Seeded from public directory exports; verify individual legal entity before treating as canonical.
GCC-0456,Milacron,,—,nan,Coimbatore,Coimbatore,Manufacturing & Industrial,Innovation & R&D,nan,Unknown,nan,single-directory seed,72,SRC_GCC_INDEX_COMPANIES_HTML,https://gccindex.in/company/milacron,2026-09-25,Seeded from public directory exports; verify individual legal entity before treating as canonical.
GCC-0457,Mindcrest,,nan,"London, United Kingdom",Bengaluru,"Bengaluru, Delhi, Pune",Professional & Info Services,nan,nan,Unknown,nan,single-directory seed,72,SRC_FLEXIPLE_GCC_INDIA_HTML,https://flexiple.com/gcc/india#gcc-mindcrest,2026-09-25,Seeded from public directory exports; verify individual legal entity before treating as canonical.
GCC-0458,Mindsprint,,—,nan,Chennai,Chennai,Technology & Software,Global Capability Expansion,nan,Unknown,nan,single-directory seed,72,SRC_GCC_INDEX_COMPANIES_HTML,https://gccindex.in/company/mindsprint,2026-09-25,Seeded from public directory exports; verify individual legal entity before treating as canonical.
GCC-0459,MindZvue,,—,nan,Pune,Pune,Consulting & Professional Services,Global Capability Expansion,nan,Unknown,nan,single-directory seed,72,SRC_GCC_INDEX_COMPANIES_HTML,https://gccindex.in/company/mindzvue,2026-09-25,Seeded from public directory exports; verify individual legal entity before treating as canonical.
GCC-0460,Mizuho,,—,nan,Pune,Pune,Financial Services,Digital Transformation,nan,Unknown,nan,single-directory seed,72,SRC_GCC_INDEX_COMPANIES_HTML,https://gccindex.in/company/mizuho,2026-09-25,Seeded from public directory exports; verify individual legal entity before treating as canonical.
GCC-0461,MKS,,—,nan,Bengaluru,Bengaluru,Semiconductors & Electronics,Innovation & R&D,nan,Unknown,nan,single-directory seed,72,SRC_GCC_INDEX_COMPANIES_HTML,https://gccindex.in/company/mks,2026-09-25,Seeded from public directory exports; verify individual legal entity before treating as canonical.
GCC-0462,Mobileum,,nan,United States,Bengaluru,"Bengaluru, Mumbai",Telecom & Media,Software Engineer,1001-5000 people,Unknown,nan,single-directory seed,72,SRC_FLEXIPLE_GCC_INDIA_HTML,https://flexiple.com/gcc/india#gcc-mobileum,2026-09-25,Seeded from public directory exports; verify individual legal entity before treating as canonical.
GCC-0463,Moody's,,nan,United States,Bengaluru,"Bengaluru, Delhi, Mumbai",BFSI,nan,"10,000+ people",Unknown,nan,single-directory seed,72,SRC_FLEXIPLE_GCC_INDIA_HTML,https://flexiple.com/gcc/india#gcc-moody-s,2026-09-25,Seeded from public directory exports; verify individual legal entity before treating as canonical.
GCC-0464,Morgan Stanley,,—,"New York, USA",Mumbai,"Mumbai, Bengaluru, Hyderabad, Delhi",BFSI,Software Engineer; Senior Associate; Technology,"10,000+ people",Unknown,2003.0,cross-directory match,86,SRC_FLEXIPLE_GCC_INDIA_HTML;SRC_GCC_INDEX_COMPANIES_HTML,https://flexiple.com/gcc/india#gcc-morgan-stanley;https://gccindex.in/company/morgan-stanley,2026-09-25,Seeded from public directory exports; verify individual legal entity before treating as canonical.
GCC-0465,Morningstar,,nan,"Chicago, USA",Mumbai,"Mumbai, Delhi, Pune",Professional & Info Services,Data Analyst; Software Engineer,"10,000+ people",Unknown,2004.0,single-directory seed,72,SRC_FLEXIPLE_GCC_INDIA_HTML,https://flexiple.com/gcc/india#gcc-morningstar,2026-09-25,Seeded from public directory exports; verify individual legal entity before treating as canonical.
GCC-0466,Motorola Solutions,,nan,United States,Bengaluru,"Bengaluru, Hyderabad, Kolkata, Delhi, Chennai",Telecom & Media,Software Engineer,"10,000+ people",Unknown,nan,single-directory seed,72,SRC_FLEXIPLE_GCC_INDIA_HTML,https://flexiple.com/gcc/india#gcc-motorola-solutions,2026-09-25,Seeded from public directory exports; verify individual legal entity before treating as canonical.
GCC-0467,Mr. Cooper,,nan,United States,Chennai,"Chennai, Bengaluru, Coimbatore",BFSI,nan,"5001-10,000 people",Unknown,nan,single-directory seed,72,SRC_FLEXIPLE_GCC_INDIA_HTML,https://flexiple.com/gcc/india#gcc-mr-cooper,2026-09-25,Seeded from public directory exports; verify individual legal entity before treating as canonical.
GCC-0468,MRI Software,,nan,United States,Bengaluru,"Bengaluru, Vadodara, Delhi, Pune",Technology,Software Engineer,1001-5000 people,Unknown,nan,single-directory seed,72,SRC_FLEXIPLE_GCC_INDIA_HTML,https://flexiple.com/gcc/india#gcc-mri-software,2026-09-25,Seeded from public directory exports; verify individual legal entity before treating as canonical.
GCC-0469,MSCI,,nan,"New York, United States",Mumbai,"Mumbai, Coimbatore, Pune, Bengaluru",BFSI,nan,"5001-10,000 people",Unknown,nan,single-directory seed,72,SRC_FLEXIPLE_GCC_INDIA_HTML,https://flexiple.com/gcc/india#gcc-msci,2026-09-25,Seeded from public directory exports; verify individual legal entity before treating as canonical.
GCC-0470,MSD,,U62099TS2025FTC198952,nan,Hyderabad,Hyderabad,Healthcare & Life Sciences,Global Capability Expansion,nan,Unknown,nan,single-directory seed,72,SRC_GCC_INDEX_COMPANIES_HTML,https://gccindex.in/company/msd,2026-09-25,Seeded from public directory exports; verify individual legal entity before treating as canonical.
GCC-0471,MUFG,,nan,"Tokyo, Japan",Bengaluru,"Bengaluru, Gift-City, Mumbai",BFSI,nan,nan,Unknown,nan,single-directory seed,72,SRC_FLEXIPLE_GCC_INDIA_HTML,https://flexiple.com/gcc/india#gcc-mufg,2026-09-25,Seeded from public directory exports; verify individual legal entity before treating as canonical.
GCC-0472,"N-able, Inc.",,U62013KA2024FTC196072,nan,Bengaluru,Bengaluru,Technology & Software,Global Capability Expansion,nan,Unknown,nan,single-directory seed,72,SRC_GCC_INDEX_COMPANIES_HTML,https://gccindex.in/company/nable,2026-09-25,Seeded from public directory exports; verify individual legal entity before treating as canonical.
GCC-0473,NAB,,nan,Australia,Delhi,"Delhi, Bengaluru, Hyderabad",BFSI,nan,"10,000+ people",Unknown,nan,single-directory seed,72,SRC_FLEXIPLE_GCC_INDIA_HTML,https://flexiple.com/gcc/india#gcc-nab,2026-09-25,Seeded from public directory exports; verify individual legal entity before treating as canonical.
GCC-0474,Nagarro,,nan,"Munich, Germany",Delhi,"Delhi, Bengaluru, Jaipur",Professional & Info Services,Software Engineer; Full Stack Engineer; Data Engineer,"10,000+ people",Unknown,nan,single-directory seed,72,SRC_FLEXIPLE_GCC_INDIA_HTML,https://flexiple.com/gcc/india#gcc-nagarro,2026-09-25,Seeded from public directory exports; verify individual legal entity before treating as canonical.
GCC-0475,Nasuni,,U62099TS2025FTC201666,nan,Hyderabad,Hyderabad,Technology & Software,Innovation & R&D,nan,Unknown,nan,single-directory seed,72,SRC_GCC_INDEX_COMPANIES_HTML,https://gccindex.in/company/nasuni,2026-09-25,Seeded from public directory exports; verify individual legal entity before treating as canonical.
GCC-0476,Nationwide,,U63999TS2025FTC197561,nan,Hyderabad,Hyderabad,Financial Services,Talent & Workforce Development,nan,Unknown,nan,single-directory seed,72,SRC_GCC_INDEX_COMPANIES_HTML,https://gccindex.in/company/nationwide,2026-09-25,Seeded from public directory exports; verify individual legal entity before treating as canonical.
GCC-0477,Natus Sensory,,—,nan,Bengaluru,Bengaluru,Healthcare & Life Sciences,Innovation & R&D,nan,Unknown,nan,single-directory seed,72,SRC_GCC_INDEX_COMPANIES_HTML,https://gccindex.in/company/natus-sensory,2026-09-25,Seeded from public directory exports; verify individual legal entity before treating as canonical.
GCC-0478,NatWest,,—,nan,Bengaluru,Bengaluru,Financial Services,Global Capability Expansion,nan,Unknown,nan,single-directory seed,72,SRC_GCC_INDEX_COMPANIES_HTML,https://gccindex.in/company/natwest,2026-09-25,Seeded from public directory exports; verify individual legal entity before treating as canonical.
GCC-0479,NatWest Group,,nan,"Edinburgh, UK",Chennai,"Chennai, Bengaluru, Delhi",BFSI,Software Engineer,"10,000+ people",Unknown,2001.0,single-directory seed,72,SRC_FLEXIPLE_GCC_INDIA_HTML,https://flexiple.com/gcc/india#gcc-natwest-group-356563,2026-09-25,Seeded from public directory exports; verify individual legal entity before treating as canonical.
GCC-0480,NCR Atleos,,nan,United States,Mumbai,"Mumbai, Hyderabad, Chennai, Delhi",Technology,nan,"5001-10,000 people",Unknown,nan,single-directory seed,72,SRC_FLEXIPLE_GCC_INDIA_HTML,https://flexiple.com/gcc/india#gcc-ncr-atleos,2026-09-25,Seeded from public directory exports; verify individual legal entity before treating as canonical.
GCC-0481,NCR Voyix,,nan,United States,Hyderabad,"Hyderabad, Chennai, Bengaluru, Delhi, Mumbai",Technology,Software Engineer,"5001-10,000 people",Unknown,nan,single-directory seed,72,SRC_FLEXIPLE_GCC_INDIA_HTML,https://flexiple.com/gcc/india#gcc-ncr-voyix,2026-09-25,Seeded from public directory exports; verify individual legal entity before treating as canonical.
GCC-0482,NEC Corporation,,nan,"Tokyo, Japan",Delhi,"Delhi, Bengaluru, Mumbai, Chennai",Technology,nan,"10,000+ people",Unknown,nan,single-directory seed,72,SRC_FLEXIPLE_GCC_INDIA_HTML,https://flexiple.com/gcc/india#gcc-nec-corporation,2026-09-25,Seeded from public directory exports; verify individual legal entity before treating as canonical.
GCC-0483,Nemetschek Group,,—,nan,Hyderabad,Hyderabad,Technology & Software,Innovation & R&D,nan,Unknown,nan,single-directory seed,72,SRC_GCC_INDEX_COMPANIES_HTML,https://gccindex.in/company/nemetschek,2026-09-25,Seeded from public directory exports; verify individual legal entity before treating as canonical.
GCC-0484,Ness Digital Engineering,,nan,"Teaneck, United States",Bengaluru,"Bengaluru, Hyderabad, Mumbai, Pune",Professional & Info Services,nan,"5001-10,000 people",Unknown,nan,single-directory seed,72,SRC_FLEXIPLE_GCC_INDIA_HTML,https://flexiple.com/gcc/india#gcc-ness-digital-engineering,2026-09-25,Seeded from public directory exports; verify individual legal entity before treating as canonical.
GCC-0485,Nestlé,,nan,"Vevey, Switzerland",Hyderabad,Hyderabad,Retail & Consumer,nan,nan,Unknown,nan,single-directory seed,72,SRC_FLEXIPLE_GCC_INDIA_HTML,https://flexiple.com/gcc/india#gcc-nestl,2026-09-25,Seeded from public directory exports; verify individual legal entity before treating as canonical.
GCC-0486,Nestle,,nan,"Vevey, Switzerland",Hyderabad,"Hyderabad, Mumbai",Retail & Consumer,nan,nan,Unknown,nan,single-directory seed,72,SRC_FLEXIPLE_GCC_INDIA_HTML,https://flexiple.com/gcc/india#gcc-nestle,2026-09-25,Seeded from public directory exports; verify individual legal entity before treating as canonical.
GCC-0487,NetApp,,nan,"San Jose, United States",Bengaluru,"Bengaluru, Hyderabad, Mumbai, Delhi, Chennai",Technology,Software Engineer,"10,000+ people",Unknown,nan,single-directory seed,72,SRC_FLEXIPLE_GCC_INDIA_HTML,https://flexiple.com/gcc/india#gcc-netapp,2026-09-25,Seeded from public directory exports; verify individual legal entity before treating as canonical.
GCC-0488,Netcracker,,nan,United States,Hyderabad,"Hyderabad, Bengaluru, Pune, Delhi",Telecom & Media,Software Engineer; Quality Assurance Engineer,"5001-10,000 people",Unknown,nan,single-directory seed,72,SRC_FLEXIPLE_GCC_INDIA_HTML,https://flexiple.com/gcc/india#gcc-netcracker,2026-09-25,Seeded from public directory exports; verify individual legal entity before treating as canonical.
GCC-0489,Netflix,,—,"Los Gatos, United States",Bengaluru,"Bengaluru, Delhi, Hyderabad, Mumbai",Telecom & Media,nan,nan,Unknown,nan,cross-directory match,86,SRC_FLEXIPLE_GCC_INDIA_HTML;SRC_GCC_INDEX_COMPANIES_HTML,https://flexiple.com/gcc/india#gcc-netflix;https://gccindex.in/company/netflix,2026-09-25,Seeded from public directory exports; verify individual legal entity before treating as canonical.
GCC-0490,Netgear,,nan,"San Jose, United States",Chennai,Chennai,Technology,nan,nan,Unknown,nan,single-directory seed,72,SRC_FLEXIPLE_GCC_INDIA_HTML,https://flexiple.com/gcc/india#gcc-netgear,2026-09-25,Seeded from public directory exports; verify individual legal entity before treating as canonical.
GCC-0491,Netradyne,,nan,United States,Bengaluru,Bengaluru,Technology,Software Engineer,501-1000 people,Unknown,nan,single-directory seed,72,SRC_FLEXIPLE_GCC_INDIA_HTML,https://flexiple.com/gcc/india#gcc-netradyne,2026-09-25,Seeded from public directory exports; verify individual legal entity before treating as canonical.
GCC-0492,Netsmart,,U62099KA2025FTC201022,nan,Bengaluru,Bengaluru,Healthcare & Life Sciences,Global Capability Expansion,nan,Unknown,nan,single-directory seed,72,SRC_GCC_INDEX_COMPANIES_HTML,https://gccindex.in/company/netsmart,2026-09-25,Seeded from public directory exports; verify individual legal entity before treating as canonical.
GCC-0493,New Relic,,nan,"San Francisco, United States",Bengaluru,"Bengaluru, Hyderabad",Technology,Software Engineer,1001-5000 people,Unknown,nan,single-directory seed,72,SRC_FLEXIPLE_GCC_INDIA_HTML,https://flexiple.com/gcc/india#gcc-new-relic,2026-09-25,Seeded from public directory exports; verify individual legal entity before treating as canonical.
GCC-0494,Newfold Digital,,nan,United States,Mumbai,"Mumbai, Bengaluru, Hyderabad",Technology,nan,1001-5000 people,Unknown,nan,single-directory seed,72,SRC_FLEXIPLE_GCC_INDIA_HTML,https://flexiple.com/gcc/india#gcc-newfold-digital,2026-09-25,Seeded from public directory exports; verify individual legal entity before treating as canonical.
GCC-0495,nference,,nan,United States,Bengaluru,Bengaluru,Healthcare & Pharma,Software Engineer,201-500 people,Unknown,nan,single-directory seed,72,SRC_FLEXIPLE_GCC_INDIA_HTML,https://flexiple.com/gcc/india#gcc-nference,2026-09-25,Seeded from public directory exports; verify individual legal entity before treating as canonical.
GCC-0496,NICE,,nan,"Ra'anana, Israel",Pune,"Pune, Bengaluru, Mumbai, Delhi",Technology,Software Engineer,"10,000+ people",Unknown,nan,single-directory seed,72,SRC_FLEXIPLE_GCC_INDIA_HTML,https://flexiple.com/gcc/india#gcc-nice,2026-09-25,Seeded from public directory exports; verify individual legal entity before treating as canonical.
GCC-0497,Nielsen,,nan,"New York, United States",Bengaluru,"Bengaluru, Mumbai, Vadodara, Delhi, Chennai",Professional & Info Services,Software Engineer; Data Engineer,"10,000+ people",Unknown,nan,single-directory seed,72,SRC_FLEXIPLE_GCC_INDIA_HTML,https://flexiple.com/gcc/india#gcc-nielsen,2026-09-25,Seeded from public directory exports; verify individual legal entity before treating as canonical.
GCC-0498,NielsenIQ,,nan,"Chicago, USA",Chennai,"Chennai, Vadodara, Pune, Mumbai, Bengaluru",Professional & Info Services,Data Analyst; Software Engineer; Data Processing Specialist,"10,000+ people",Unknown,nan,single-directory seed,72,SRC_FLEXIPLE_GCC_INDIA_HTML,https://flexiple.com/gcc/india#gcc-nielseniq,2026-09-25,Seeded from public directory exports; verify individual legal entity before treating as canonical.
GCC-0499,NLB Services,,—,nan,Mumbai,Mumbai,Consulting & Professional Services,Sustainability & Energy Transition,nan,Unknown,nan,single-directory seed,72,SRC_GCC_INDEX_COMPANIES_HTML,https://gccindex.in/company/nlb,2026-09-25,Seeded from public directory exports; verify individual legal entity before treating as canonical.
GCC-0500,Nokia,,nan,"Espoo, Finland",Bengaluru,"Bengaluru, Chennai, Delhi, Mumbai",Telecom & Media,Software Engineer; Research And Development Engineer,"10,000+ people",Unknown,1995.0,single-directory seed,72,SRC_FLEXIPLE_GCC_INDIA_HTML,https://flexiple.com/gcc/india#gcc-nokia,2026-09-25,Seeded from public directory exports; verify individual legal entity before treating as canonical.
GCC-0501,Nomura,,nan,"Tokyo, Japan",Mumbai,"Mumbai, Pune, Delhi",BFSI,nan,"10,000+ people",Unknown,2008.0,single-directory seed,72,SRC_FLEXIPLE_GCC_INDIA_HTML,https://flexiple.com/gcc/india#gcc-nomura,2026-09-25,Seeded from public directory exports; verify individual legal entity before treating as canonical.
GCC-0502,Northern Trust,,nan,"Chicago, USA",Bengaluru,"Bengaluru, Pune, Mumbai, Hyderabad, Chennai",BFSI,nan,"10,000+ people",Unknown,2005.0,single-directory seed,72,SRC_FLEXIPLE_GCC_INDIA_HTML,https://flexiple.com/gcc/india#gcc-northern-trust,2026-09-25,Seeded from public directory exports; verify individual legal entity before treating as canonical.
GCC-0503,Novartis,,—,"Basel, Switzerland",Hyderabad,"Hyderabad, Mumbai, Bengaluru, Delhi, Chennai",Healthcare & Pharma,nan,"10,000+ people",Unknown,2014.0,cross-directory match,86,SRC_FLEXIPLE_GCC_INDIA_HTML;SRC_GCC_INDEX_COMPANIES_HTML,https://flexiple.com/gcc/india#gcc-novartis;https://gccindex.in/company/novartis,2026-09-25,Seeded from public directory exports; verify individual legal entity before treating as canonical.
GCC-0504,Novo Nordisk,,nan,"Bagsvaerd, Denmark",Bengaluru,"Bengaluru, Hyderabad, Mumbai, Chennai, Kolkata",Healthcare & Pharma,nan,"10,000+ people",Unknown,nan,single-directory seed,72,SRC_FLEXIPLE_GCC_INDIA_HTML,https://flexiple.com/gcc/india#gcc-novo-nordisk,2026-09-25,Seeded from public directory exports; verify individual legal entity before treating as canonical.
GCC-0505,NTT DATA Business Solutions,,—,nan,Visakhapatnam,Visakhapatnam,Technology & Software,Innovation & R&D,nan,Unknown,nan,single-directory seed,72,SRC_GCC_INDEX_COMPANIES_HTML,https://gccindex.in/company/ntt-data-business-solutions,2026-09-25,Seeded from public directory exports; verify individual legal entity before treating as canonical.
GCC-0506,Numerator,,nan,United States,Vadodara,"Vadodara, Bengaluru, Ahmedabad, Delhi, Pune",Professional & Info Services,Data; Data Analyst,1001-5000 people,Unknown,nan,single-directory seed,72,SRC_FLEXIPLE_GCC_INDIA_HTML,https://flexiple.com/gcc/india#gcc-numerator,2026-09-25,Seeded from public directory exports; verify individual legal entity before treating as canonical.
GCC-0507,Nutanix,,nan,"San Jose, United States",Bengaluru,"Bengaluru, Pune, Mumbai, Hyderabad, Delhi",Technology,nan,"5001-10,000 people",Unknown,nan,single-directory seed,72,SRC_FLEXIPLE_GCC_INDIA_HTML,https://flexiple.com/gcc/india#gcc-nutanix,2026-09-25,Seeded from public directory exports; verify individual legal entity before treating as canonical.
GCC-0508,NVIDIA,,nan,"Santa Clara, United States",Bengaluru,"Bengaluru, Pune, Hyderabad, Delhi, Mumbai",Technology,nan,"10,000+ people",Unknown,2004.0,single-directory seed,72,SRC_FLEXIPLE_GCC_INDIA_HTML,https://flexiple.com/gcc/india#gcc-nvidia,2026-09-25,Seeded from public directory exports; verify individual legal entity before treating as canonical.
GCC-0509,NXP Semiconductors,,nan,"Eindhoven, Netherlands",Bengaluru,"Bengaluru, Delhi, Hyderabad, Pune",Technology,Software Engineer,"10,000+ people",Unknown,nan,single-directory seed,72,SRC_FLEXIPLE_GCC_INDIA_HTML,https://flexiple.com/gcc/india#gcc-nxp-semiconductors,2026-09-25,Seeded from public directory exports; verify individual legal entity before treating as canonical.
GCC-0510,o9 Solutions,,nan,United States,Bengaluru,"Bengaluru, Hyderabad, Coimbatore, Chennai, Mumbai",Technology,DevOps Engineer; Software Engineer,1001-5000 people,Unknown,nan,single-directory seed,72,SRC_FLEXIPLE_GCC_INDIA_HTML,https://flexiple.com/gcc/india#gcc-o9-solutions,2026-09-25,Seeded from public directory exports; verify individual legal entity before treating as canonical.
GCC-0511,Oaktree Capital,,—,nan,Hyderabad,Hyderabad,Financial Services,Talent & Workforce Development,nan,Unknown,nan,single-directory seed,72,SRC_GCC_INDEX_COMPANIES_HTML,https://gccindex.in/company/oaktree-capital,2026-09-25,Seeded from public directory exports; verify individual legal entity before treating as canonical.
GCC-0512,Octave,,—,nan,Hyderabad,Hyderabad,Technology & Software,Global Capability Expansion,nan,Unknown,nan,single-directory seed,72,SRC_GCC_INDEX_COMPANIES_HTML,https://gccindex.in/company/octave,2026-09-25,Seeded from public directory exports; verify individual legal entity before treating as canonical.
GCC-0513,Omnicom Global Solutions,,nan,"New York, United States",Bengaluru,"Bengaluru, Hyderabad, Chennai, Delhi, Coimbatore",Telecom & Media,nan,1001-5000 people,Unknown,nan,single-directory seed,72,SRC_FLEXIPLE_GCC_INDIA_HTML,https://flexiple.com/gcc/india#gcc-omnicom-global-solutions,2026-09-25,Seeded from public directory exports; verify individual legal entity before treating as canonical.
GCC-0514,Omnicom Group,,—,nan,Hyderabad,Hyderabad,Consulting & Professional Services,Innovation & R&D,nan,Unknown,nan,single-directory seed,72,SRC_GCC_INDEX_COMPANIES_HTML,https://gccindex.in/company/omnicom,2026-09-25,Seeded from public directory exports; verify individual legal entity before treating as canonical.
GCC-0515,OneMagnify,,—,nan,Chennai,Chennai,Retail & Consumer,Global Capability Expansion,nan,Unknown,nan,single-directory seed,72,SRC_GCC_INDEX_COMPANIES_HTML,https://gccindex.in/company/onemagnify,2026-09-25,Seeded from public directory exports; verify individual legal entity before treating as canonical.
GCC-0516,OpenText,,nan,"Waterloo, Canada",Bengaluru,"Bengaluru, Hyderabad, Chennai, Mumbai, Coimbatore",Technology,Software Engineer; Quality Assurance Engineer,"10,000+ people",Unknown,nan,single-directory seed,72,SRC_FLEXIPLE_GCC_INDIA_HTML,https://flexiple.com/gcc/india#gcc-opentext,2026-09-25,Seeded from public directory exports; verify individual legal entity before treating as canonical.
GCC-0517,Optimum Solutions,,—,nan,Hyderabad,Hyderabad,Consulting & Professional Services,Global Capability Expansion,nan,Unknown,nan,single-directory seed,72,SRC_GCC_INDEX_COMPANIES_HTML,https://gccindex.in/company/optimum,2026-09-25,Seeded from public directory exports; verify individual legal entity before treating as canonical.
GCC-0518,Optum,,nan,"Minnetonka, USA",Hyderabad,"Hyderabad, Bengaluru, Delhi, Chennai",Healthcare & Pharma,Software Engineer; Data Engineer,"10,000+ people",Unknown,nan,single-directory seed,72,SRC_FLEXIPLE_GCC_INDIA_HTML,https://flexiple.com/gcc/india#gcc-optum,2026-09-25,Seeded from public directory exports; verify individual legal entity before treating as canonical.
GCC-0519,Oracle,,nan,"Austin, United States",Bengaluru,"Bengaluru, Hyderabad, Mumbai, Chennai, Delhi",Technology,Software Engineer; Application Developer; Application Engineer,"10,000+ people",Unknown,1994.0,single-directory seed,72,SRC_FLEXIPLE_GCC_INDIA_HTML,https://flexiple.com/gcc/india#gcc-oracle,2026-09-25,Seeded from public directory exports; verify individual legal entity before treating as canonical.
GCC-0520,Orange Business,,nan,France,Delhi,"Delhi, Mumbai, Bengaluru",Telecom & Media,Software Engineer,"10,000+ people",Unknown,nan,single-directory seed,72,SRC_FLEXIPLE_GCC_INDIA_HTML,https://flexiple.com/gcc/india#gcc-orange-business,2026-09-25,Seeded from public directory exports; verify individual legal entity before treating as canonical.
GCC-0521,Orbia,,U62099PN2025FTC242511,nan,Pune,Pune,Manufacturing & Industrial,Sustainability & Energy Transition,nan,Unknown,nan,single-directory seed,72,SRC_GCC_INDEX_COMPANIES_HTML,https://gccindex.in/company/orbia,2026-09-25,Seeded from public directory exports; verify individual legal entity before treating as canonical.
GCC-0522,Orion Innovation,,—,nan,Pune,Pune,Consulting & Professional Services,Innovation & R&D,nan,Unknown,nan,single-directory seed,72,SRC_GCC_INDEX_COMPANIES_HTML,https://gccindex.in/company/orion-innovation,2026-09-25,Seeded from public directory exports; verify individual legal entity before treating as canonical.
GCC-0523,Otto Group,,—,nan,Hyderabad,Hyderabad,Retail & Consumer,Global Capability Expansion,nan,Unknown,nan,single-directory seed,72,SRC_GCC_INDEX_COMPANIES_HTML,https://gccindex.in/company/otto-group,2026-09-25,Seeded from public directory exports; verify individual legal entity before treating as canonical.
GCC-0524,Palo Alto Networks,,nan,United States,Bengaluru,"Bengaluru, Hyderabad, Mumbai, Delhi, Chennai",Technology,nan,"10,000+ people",Unknown,nan,single-directory seed,72,SRC_FLEXIPLE_GCC_INDIA_HTML,https://flexiple.com/gcc/india#gcc-palo-alto-networks,2026-09-25,Seeded from public directory exports; verify individual legal entity before treating as canonical.
GCC-0525,Panasonic,,nan,"Osaka, Japan",Bengaluru,"Bengaluru, Delhi, Kolkata",Technology,nan,nan,Unknown,nan,single-directory seed,72,SRC_FLEXIPLE_GCC_INDIA_HTML,https://flexiple.com/gcc/india#gcc-panasonic,2026-09-25,Seeded from public directory exports; verify individual legal entity before treating as canonical.
GCC-0526,Payoneer,,U62099KA2024FTC186709,nan,Gurugram,Gurugram,Financial Services,Innovation & R&D,nan,Unknown,nan,single-directory seed,72,SRC_GCC_INDEX_COMPANIES_HTML,https://gccindex.in/company/payoneer,2026-09-25,Seeded from public directory exports; verify individual legal entity before treating as canonical.
GCC-0527,PayPal,,nan,"San Jose, United States",Bengaluru,"Bengaluru, Chennai, Hyderabad, Mumbai, Delhi",BFSI,Software Engineer; Software Development Engineer,"10,000+ people",Unknown,nan,single-directory seed,72,SRC_FLEXIPLE_GCC_INDIA_HTML,https://flexiple.com/gcc/india#gcc-paypal,2026-09-25,Seeded from public directory exports; verify individual legal entity before treating as canonical.
GCC-0528,Pegasystems,,—,"Cambridge, United States",Hyderabad,"Hyderabad, Bengaluru, Chennai",Technology,nan,"5001-10,000 people",Unknown,nan,cross-directory match,86,SRC_FLEXIPLE_GCC_INDIA_HTML;SRC_GCC_INDEX_COMPANIES_HTML,https://flexiple.com/gcc/india#gcc-pegasystems;https://gccindex.in/company/pegasystems,2026-09-25,Seeded from public directory exports; verify individual legal entity before treating as canonical.
GCC-0529,PepsiCo,,nan,"Purchase, USA",Hyderabad,"Hyderabad, Delhi, Bengaluru, Mumbai",Retail & Consumer,nan,"10,000+ people",Unknown,nan,single-directory seed,72,SRC_FLEXIPLE_GCC_INDIA_HTML,https://flexiple.com/gcc/india#gcc-pepsico,2026-09-25,Seeded from public directory exports; verify individual legal entity before treating as canonical.
GCC-0530,Pfizer,,nan,"New York, United States",Bengaluru,"Bengaluru, Delhi, Mumbai",Healthcare & Pharma,nan,nan,Unknown,nan,single-directory seed,72,SRC_FLEXIPLE_GCC_INDIA_HTML,https://flexiple.com/gcc/india#gcc-pfizer,2026-09-25,Seeded from public directory exports; verify individual legal entity before treating as canonical.
GCC-0531,Phenom,,nan,"Ambler, United States",Hyderabad,"Hyderabad, Visakhapatnam, Bengaluru",Technology,Product Development Engineer; Software Engineer,1001-5000 people,Unknown,nan,single-directory seed,72,SRC_FLEXIPLE_GCC_INDIA_HTML,https://flexiple.com/gcc/india#gcc-phenom,2026-09-25,Seeded from public directory exports; verify individual legal entity before treating as canonical.
GCC-0532,Philips,,nan,"Amsterdam, Netherlands",Bengaluru,"Bengaluru, Chennai, Pune, Mumbai, Delhi",Healthcare & Pharma,Software Engineer,"10,000+ people",Unknown,1996.0,single-directory seed,72,SRC_FLEXIPLE_GCC_INDIA_HTML,https://flexiple.com/gcc/india#gcc-philips,2026-09-25,Seeded from public directory exports; verify individual legal entity before treating as canonical.
GCC-0533,Pioneer India,,—,nan,Bengaluru,Bengaluru,Manufacturing & Industrial,Global Capability Expansion,nan,Unknown,nan,single-directory seed,72,SRC_GCC_INDEX_COMPANIES_HTML,https://gccindex.in/company/pioneer-india,2026-09-25,Seeded from public directory exports; verify individual legal entity before treating as canonical.
GCC-0534,Plivo,,nan,United States,Bengaluru,Bengaluru,Technology,nan,201-500 people,Unknown,nan,single-directory seed,72,SRC_FLEXIPLE_GCC_INDIA_HTML,https://flexiple.com/gcc/india#gcc-plivo,2026-09-25,Seeded from public directory exports; verify individual legal entity before treating as canonical.
GCC-0535,Poshmark,,nan,South Korea,Chennai,Chennai,Retail & Consumer,nan,1001-5000 people,Unknown,nan,single-directory seed,72,SRC_FLEXIPLE_GCC_INDIA_HTML,https://flexiple.com/gcc/india#gcc-poshmark,2026-09-25,Seeded from public directory exports; verify individual legal entity before treating as canonical.
GCC-0536,PowerSchool,,nan,United States,Bengaluru,"Bengaluru, Chennai",Technology,Software Engineer,1001-5000 people,Unknown,nan,single-directory seed,72,SRC_FLEXIPLE_GCC_INDIA_HTML,https://flexiple.com/gcc/india#gcc-powerschool,2026-09-25,Seeded from public directory exports; verify individual legal entity before treating as canonical.
GCC-0537,Pratt & Whitney,,nan,"East Hartford, United States",Bengaluru,"Bengaluru, Hyderabad, Mumbai",Engineering & Industrial,nan,nan,Unknown,nan,single-directory seed,72,SRC_FLEXIPLE_GCC_INDIA_HTML,https://flexiple.com/gcc/india#gcc-pratt-and-whitney,2026-09-25,Seeded from public directory exports; verify individual legal entity before treating as canonical.
GCC-0538,Precisely,,nan,United States,Bengaluru,"Bengaluru, Delhi, Chandigarh, Pune",Technology,Software Engineer,1001-5000 people,Unknown,nan,single-directory seed,72,SRC_FLEXIPLE_GCC_INDIA_HTML,https://flexiple.com/gcc/india#gcc-precisely,2026-09-25,Seeded from public directory exports; verify individual legal entity before treating as canonical.
GCC-0539,Principal Financial Group,,nan,"Des Moines, USA",Pune,"Pune, Hyderabad, Mumbai, Nagpur",BFSI,Software Engineer,"10,000+ people",Unknown,2005.0,single-directory seed,72,SRC_FLEXIPLE_GCC_INDIA_HTML,https://flexiple.com/gcc/india#gcc-principal-financial-group,2026-09-25,Seeded from public directory exports; verify individual legal entity before treating as canonical.
GCC-0540,Procter & Gamble,,nan,"Cincinnati, United States",Mumbai,"Mumbai, Hyderabad, Bhopal, Delhi, Ahmedabad",Retail & Consumer,nan,"10,000+ people",Unknown,2008.0,single-directory seed,72,SRC_FLEXIPLE_GCC_INDIA_HTML,https://flexiple.com/gcc/india#gcc-procter-and-gamble,2026-09-25,Seeded from public directory exports; verify individual legal entity before treating as canonical.
GCC-0541,ProductSquads,,—,nan,Hyderabad,Hyderabad,Technology & Software,Innovation & R&D,nan,Unknown,nan,single-directory seed,72,SRC_GCC_INDEX_COMPANIES_HTML,https://gccindex.in/company/productsquads,2026-09-25,Seeded from public directory exports; verify individual legal entity before treating as canonical.
GCC-0542,Progress Software,,—,"Burlington, United States",Bengaluru,"Bengaluru, Hyderabad",Technology,nan,1001-5000 people,Unknown,nan,cross-directory match,86,SRC_FLEXIPLE_GCC_INDIA_HTML;SRC_GCC_INDEX_COMPANIES_HTML,https://flexiple.com/gcc/india#gcc-progress;https://gccindex.in/company/progress-software,2026-09-25,Seeded from public directory exports; verify individual legal entity before treating as canonical.
GCC-0543,Proofpoint,,—,nan,Hyderabad,Hyderabad,Technology & Software,Innovation & R&D,nan,Unknown,nan,single-directory seed,72,SRC_GCC_INDEX_COMPANIES_HTML,https://gccindex.in/company/proofpoint,2026-09-25,Seeded from public directory exports; verify individual legal entity before treating as canonical.
GCC-0544,Protolabs,,U62090TS2026FTC214883,nan,Hyderabad,Hyderabad,Manufacturing & Industrial,Global Capability Expansion,nan,Unknown,nan,single-directory seed,72,SRC_GCC_INDEX_COMPANIES_HTML,https://gccindex.in/company/protolabs,2026-09-25,Seeded from public directory exports; verify individual legal entity before treating as canonical.
GCC-0545,Providence India,,nan,"Renton, United States",Hyderabad,"Hyderabad, Bengaluru",Healthcare & Pharma,Software Engineer,1001-5000 people,Unknown,nan,single-directory seed,72,SRC_FLEXIPLE_GCC_INDIA_HTML,https://flexiple.com/gcc/india#gcc-providence-india,2026-09-25,Seeded from public directory exports; verify individual legal entity before treating as canonical.
GCC-0546,Providence Health,,—,nan,Hyderabad,Hyderabad,Healthcare & Life Sciences,Global Capability Expansion,nan,Unknown,nan,single-directory seed,72,SRC_GCC_INDEX_COMPANIES_HTML,https://gccindex.in/company/providence-health,2026-09-25,Seeded from public directory exports; verify individual legal entity before treating as canonical.
GCC-0547,Proximus,,U70200KA2025FTC197078,nan,Bengaluru,Bengaluru,Telecom & Media,Innovation & R&D,nan,Unknown,nan,single-directory seed,72,SRC_GCC_INDEX_COMPANIES_HTML,https://gccindex.in/company/proximus,2026-09-25,Seeded from public directory exports; verify individual legal entity before treating as canonical.
GCC-0548,Prudential Financial,,U82990HR2025FTC139816,nan,Gurugram,Gurugram,Financial Services,Talent & Workforce Development,nan,Unknown,nan,single-directory seed,72,SRC_GCC_INDEX_COMPANIES_HTML,https://gccindex.in/company/prudential-financial,2026-09-25,Seeded from public directory exports; verify individual legal entity before treating as canonical.
GCC-0549,Publicis Sapient,,nan,"Boston, United States",Bengaluru,"Bengaluru, Delhi, Hyderabad",Professional & Info Services,Software Engineer; Technology; Senior Associate,"10,000+ people",Unknown,nan,single-directory seed,72,SRC_FLEXIPLE_GCC_INDIA_HTML,https://flexiple.com/gcc/india#gcc-publicis-sapient,2026-09-25,Seeded from public directory exports; verify individual legal entity before treating as canonical.
GCC-0550,PubMatic,,nan,United States,Pune,Pune,Telecom & Media,Software Engineer,1001-5000 people,Unknown,nan,single-directory seed,72,SRC_FLEXIPLE_GCC_INDIA_HTML,https://flexiple.com/gcc/india#gcc-pubmatic,2026-09-25,Seeded from public directory exports; verify individual legal entity before treating as canonical.
GCC-0551,PwC India,,—,nan,Nagpur,Nagpur,Consulting & Professional Services,Global Capability Expansion,nan,Unknown,nan,single-directory seed,72,SRC_GCC_INDEX_COMPANIES_HTML,https://gccindex.in/company/pwc-india,2026-09-25,Seeded from public directory exports; verify individual legal entity before treating as canonical.
GCC-0552,PwC Acceleration Centers,,nan,"London, United Kingdom",Bengaluru,"Bengaluru, Kolkata, Hyderabad, Mumbai, Delhi",Professional & Info Services,Senior Associate; Data Engineer; Software Engineer,"10,000+ people",Unknown,nan,single-directory seed,72,SRC_FLEXIPLE_GCC_INDIA_HTML,https://flexiple.com/gcc/india#gcc-pwc,2026-09-25,Seeded from public directory exports; verify individual legal entity before treating as canonical.
GCC-0553,Q2,,nan,United States,Bengaluru,Bengaluru,Technology,Software Engineer,1001-5000 people,Unknown,nan,single-directory seed,72,SRC_FLEXIPLE_GCC_INDIA_HTML,https://flexiple.com/gcc/india#gcc-q2,2026-09-25,Seeded from public directory exports; verify individual legal entity before treating as canonical.
GCC-0554,Qatar Airways,,nan,Qatar,Mumbai,"Mumbai, Ahmedabad, Delhi, Bengaluru, Hyderabad",Retail & Consumer,nan,"10,000+ people",Unknown,nan,single-directory seed,72,SRC_FLEXIPLE_GCC_INDIA_HTML,https://flexiple.com/gcc/india#gcc-qatar-airways,2026-09-25,Seeded from public directory exports; verify individual legal entity before treating as canonical.
GCC-0555,Qualcomm,,nan,"San Diego, United States",Bengaluru,"Bengaluru, Hyderabad, Chennai, Delhi",Technology,Software Engineer,"10,000+ people",Unknown,1996.0,single-directory seed,72,SRC_FLEXIPLE_GCC_INDIA_HTML,https://flexiple.com/gcc/india#gcc-qualcomm,2026-09-25,Seeded from public directory exports; verify individual legal entity before treating as canonical.
GCC-0556,Qualitest,,nan,"London, United Kingdom",Bengaluru,"Bengaluru, Delhi, Hyderabad, Chennai",Professional & Info Services,nan,"5001-10,000 people",Unknown,nan,single-directory seed,72,SRC_FLEXIPLE_GCC_INDIA_HTML,https://flexiple.com/gcc/india#gcc-qualitest,2026-09-25,Seeded from public directory exports; verify individual legal entity before treating as canonical.
GCC-0557,Qualys,,nan,United States,Pune,"Pune, Mumbai",Technology,Software Engineer,1001-5000 people,Unknown,nan,single-directory seed,72,SRC_FLEXIPLE_GCC_INDIA_HTML,https://flexiple.com/gcc/india#gcc-qualys,2026-09-25,Seeded from public directory exports; verify individual legal entity before treating as canonical.
GCC-0558,R Systems,,—,nan,Mangaluru,Mangaluru,Consulting & Professional Services,Global Capability Expansion,nan,Unknown,nan,single-directory seed,72,SRC_GCC_INDEX_COMPANIES_HTML,https://gccindex.in/company/r,2026-09-25,Seeded from public directory exports; verify individual legal entity before treating as canonical.
GCC-0559,R1 RCM,,nan,"Murray, United States",Delhi,"Delhi, Hyderabad, Chennai",Healthcare & Pharma,Accounts Receivable Analyst,"10,000+ people",Unknown,2009.0,single-directory seed,72,SRC_FLEXIPLE_GCC_INDIA_HTML,https://flexiple.com/gcc/india#gcc-r1-rcm,2026-09-25,Seeded from public directory exports; verify individual legal entity before treating as canonical.
GCC-0560,Rackspace Technology,,nan,United States,Bengaluru,"Bengaluru, Delhi, Hyderabad",Technology,nan,"5001-10,000 people",Unknown,nan,single-directory seed,72,SRC_FLEXIPLE_GCC_INDIA_HTML,https://flexiple.com/gcc/india#gcc-rackspace-technology,2026-09-25,Seeded from public directory exports; verify individual legal entity before treating as canonical.
GCC-0561,RakSul,,U62099KA2026FTC217538,nan,Bengaluru,Bengaluru,Technology & Software,Innovation & R&D,nan,Unknown,nan,single-directory seed,72,SRC_GCC_INDEX_COMPANIES_HTML,https://gccindex.in/company/raksul,2026-09-25,Seeded from public directory exports; verify individual legal entity before treating as canonical.
GCC-0562,Rakuten India,,—,"Tokyo, Japan",Bengaluru,"Bengaluru, Indore",Technology,Software Engineer,1001-5000 people,Unknown,nan,cross-directory match,86,SRC_FLEXIPLE_GCC_INDIA_HTML;SRC_GCC_INDEX_COMPANIES_HTML,https://flexiple.com/gcc/india#gcc-rakuten-india;https://gccindex.in/company/rakuten,2026-09-25,Seeded from public directory exports; verify individual legal entity before treating as canonical.
GCC-0563,Ramboll,,nan,"Copenhagen, Denmark",Bengaluru,"Bengaluru, Chennai, Delhi, Hyderabad, Mumbai",Engineering & Industrial,nan,nan,Unknown,nan,single-directory seed,72,SRC_FLEXIPLE_GCC_INDIA_HTML,https://flexiple.com/gcc/india#gcc-ramboll,2026-09-25,Seeded from public directory exports; verify individual legal entity before treating as canonical.
GCC-0564,Rapid7,,—,nan,Pune,Pune,Technology & Software,Global Capability Expansion,nan,Unknown,nan,single-directory seed,72,SRC_GCC_INDEX_COMPANIES_HTML,https://gccindex.in/company/rapid7,2026-09-25,Seeded from public directory exports; verify individual legal entity before treating as canonical.
GCC-0565,RealPage,,nan,United States,Hyderabad,"Hyderabad, Bengaluru",Technology,nan,"5001-10,000 people",Unknown,nan,single-directory seed,72,SRC_FLEXIPLE_GCC_INDIA_HTML,https://flexiple.com/gcc/india#gcc-realpage,2026-09-25,Seeded from public directory exports; verify individual legal entity before treating as canonical.
GCC-0566,Reckitt,,—,"Slough, United Kingdom",Delhi,Delhi,Retail & Consumer,nan,nan,Unknown,nan,cross-directory match,86,SRC_FLEXIPLE_GCC_INDIA_HTML;SRC_GCC_INDEX_COMPANIES_HTML,https://flexiple.com/gcc/india#gcc-reckitt-benckiser;https://gccindex.in/company/reckitt,2026-09-25,Seeded from public directory exports; verify individual legal entity before treating as canonical.
GCC-0567,Red Hat,,nan,"Raleigh, United States",Bengaluru,"Bengaluru, Pune, Mumbai, Delhi, Hyderabad",Technology,Software Engineer,"10,000+ people",Unknown,nan,single-directory seed,72,SRC_FLEXIPLE_GCC_INDIA_HTML,https://flexiple.com/gcc/india#gcc-red-hat,2026-09-25,Seeded from public directory exports; verify individual legal entity before treating as canonical.
GCC-0568,Redwood Software,,U62099TS2025FTC196471,"Frisco, United States",Hyderabad,Hyderabad,Technology,nan,nan,Unknown,nan,cross-directory match,86,SRC_FLEXIPLE_GCC_INDIA_HTML;SRC_GCC_INDEX_COMPANIES_HTML,https://flexiple.com/gcc/india#gcc-redwood-software;https://gccindex.in/company/redwood-software,2026-09-25,Seeded from public directory exports; verify individual legal entity before treating as canonical.
GCC-0569,Regeneron Pharmaceuticals,,—,nan,Hyderabad,Hyderabad,Healthcare & Life Sciences,Global Capability Expansion,nan,Unknown,nan,single-directory seed,72,SRC_GCC_INDEX_COMPANIES_HTML,https://gccindex.in/company/regeneron-pharmaceuticals,2026-09-25,Seeded from public directory exports; verify individual legal entity before treating as canonical.
GCC-0570,Reltio,,—,nan,Bengaluru,Bengaluru,Technology & Software,Global Capability Expansion,nan,Unknown,nan,single-directory seed,72,SRC_GCC_INDEX_COMPANIES_HTML,https://gccindex.in/company/reltio,2026-09-25,Seeded from public directory exports; verify individual legal entity before treating as canonical.
GCC-0571,Remote,,nan,United States,Bengaluru,"Bengaluru, Mumbai, Delhi, Hyderabad, Kolkata",Technology,nan,"5001-10,000 people",Unknown,nan,single-directory seed,72,SRC_FLEXIPLE_GCC_INDIA_HTML,https://flexiple.com/gcc/india#gcc-remote,2026-09-25,Seeded from public directory exports; verify individual legal entity before treating as canonical.
GCC-0572,Renault Nissan Technology & Business Centre India,,nan,"Boulogne-Billancourt, France",Chennai,"Chennai, Bengaluru, Coimbatore, Hyderabad, Salem",Engineering & Industrial,Software Engineer,"5001-10,000 people",Unknown,2007.0,single-directory seed,72,SRC_FLEXIPLE_GCC_INDIA_HTML,https://flexiple.com/gcc/india#gcc-renault-nissan-technology-and-business-centre-india,2026-09-25,Seeded from public directory exports; verify individual legal entity before treating as canonical.
GCC-0573,Renesas,,nan,"Tokyo, Japan",Bengaluru,"Bengaluru, Chennai, Coimbatore, Delhi",Technology,nan,nan,Unknown,nan,single-directory seed,72,SRC_FLEXIPLE_GCC_INDIA_HTML,https://flexiple.com/gcc/india#gcc-renesas,2026-09-25,Seeded from public directory exports; verify individual legal entity before treating as canonical.
GCC-0574,Reveleer,,U62099TN2025FTC176204,nan,Chennai,Chennai,Healthcare & Life Sciences,Innovation & R&D,nan,Unknown,nan,single-directory seed,72,SRC_GCC_INDEX_COMPANIES_HTML,https://gccindex.in/company/reveleer,2026-09-25,Seeded from public directory exports; verify individual legal entity before treating as canonical.
GCC-0575,Revolut,,nan,"London, United Kingdom",Bengaluru,"Bengaluru, Kolkata, Indore, Delhi, Hyderabad",BFSI,Support Specialist; Anti-Money Laundering Analyst,"10,000+ people",Unknown,2021.0,single-directory seed,72,SRC_FLEXIPLE_GCC_INDIA_HTML,https://flexiple.com/gcc/india#gcc-revolut,2026-09-25,Seeded from public directory exports; verify individual legal entity before treating as canonical.
GCC-0576,Rippling,,nan,United States,Bengaluru,"Bengaluru, Hyderabad, Delhi, Kolkata",Technology,Software Engineer,"5001-10,000 people",Unknown,nan,single-directory seed,72,SRC_FLEXIPLE_GCC_INDIA_HTML,https://flexiple.com/gcc/india#gcc-rippling,2026-09-25,Seeded from public directory exports; verify individual legal entity before treating as canonical.
GCC-0577,Riverbed,,nan,"San Francisco, United States",Bengaluru,Bengaluru,Technology,nan,nan,Unknown,nan,single-directory seed,72,SRC_FLEXIPLE_GCC_INDIA_HTML,https://flexiple.com/gcc/india#gcc-riverbed,2026-09-25,Seeded from public directory exports; verify individual legal entity before treating as canonical.
GCC-0578,Riveron,,—,nan,Bengaluru,Bengaluru,Consulting & Professional Services,Global Capability Expansion,nan,Unknown,nan,single-directory seed,72,SRC_GCC_INDEX_COMPANIES_HTML,https://gccindex.in/company/riveron,2026-09-25,Seeded from public directory exports; verify individual legal entity before treating as canonical.
GCC-0579,Roche,,nan,"Basel, Switzerland",Bengaluru,"Bengaluru, Chennai, Coimbatore, Delhi, Hyderabad, Kochi, Kolkata, Mumbai, Pune, Thiruvananthapuram, Visakhapatnam",Healthcare & Pharma,nan,nan,Unknown,nan,single-directory seed,72,SRC_FLEXIPLE_GCC_INDIA_HTML,https://flexiple.com/gcc/india#gcc-roche,2026-09-25,Seeded from public directory exports; verify individual legal entity before treating as canonical.
GCC-0580,Rockwell Automation,,nan,"Milwaukee, United States",Bengaluru,"Bengaluru, Pune, Delhi, Chennai",Engineering & Industrial,nan,"10,000+ people",Unknown,nan,single-directory seed,72,SRC_FLEXIPLE_GCC_INDIA_HTML,https://flexiple.com/gcc/india#gcc-rockwell-automation,2026-09-25,Seeded from public directory exports; verify individual legal entity before treating as canonical.
GCC-0581,Rolls-Royce,,—,nan,Bengaluru,Bengaluru,Aerospace & Defense,Innovation & R&D,nan,Unknown,nan,single-directory seed,72,SRC_GCC_INDEX_COMPANIES_HTML,https://gccindex.in/company/rollsroyce,2026-09-25,Seeded from public directory exports; verify individual legal entity before treating as canonical.
GCC-0582,RxLogix,,nan,United States,Delhi,"Delhi, Bengaluru",Healthcare & Pharma,Software Engineer,501-1000 people,Unknown,nan,single-directory seed,72,SRC_FLEXIPLE_GCC_INDIA_HTML,https://flexiple.com/gcc/india#gcc-rxlogix,2026-09-25,Seeded from public directory exports; verify individual legal entity before treating as canonical.
GCC-0583,S&P Global,,—,"New York, USA",Hyderabad,"Hyderabad, Ahmedabad, Delhi, Bengaluru",Professional & Info Services,Software Engineer; Data Analyst; Research,"10,000+ people",Unknown,nan,cross-directory match,86,SRC_FLEXIPLE_GCC_INDIA_HTML;SRC_GCC_INDEX_COMPANIES_HTML,https://flexiple.com/gcc/india#gcc-s-and-p-global;https://gccindex.in/company/sp-global,2026-09-25,Seeded from public directory exports; verify individual legal entity before treating as canonical.
GCC-0584,Saab,,nan,"Stockholm, Sweden",Bengaluru,"Bengaluru, Delhi, Hyderabad",Engineering & Industrial,nan,nan,Unknown,nan,single-directory seed,72,SRC_FLEXIPLE_GCC_INDIA_HTML,https://flexiple.com/gcc/india#gcc-saab,2026-09-25,Seeded from public directory exports; verify individual legal entity before treating as canonical.
GCC-0585,SABIC,,nan,"Riyadh, Saudi Arabia",Bengaluru,Bengaluru,Engineering & Industrial,nan,nan,Unknown,nan,single-directory seed,72,SRC_FLEXIPLE_GCC_INDIA_HTML,https://flexiple.com/gcc/india#gcc-sabic,2026-09-25,Seeded from public directory exports; verify individual legal entity before treating as canonical.
GCC-0586,Sabre,,nan,"Southlake, United States",Delhi,Delhi,Technology,nan,nan,Unknown,nan,single-directory seed,72,SRC_FLEXIPLE_GCC_INDIA_HTML,https://flexiple.com/gcc/india#gcc-sabre,2026-09-25,Seeded from public directory exports; verify individual legal entity before treating as canonical.
GCC-0587,Safran,,nan,"Paris, France",Delhi,Delhi,Engineering & Industrial,nan,nan,Unknown,nan,single-directory seed,72,SRC_FLEXIPLE_GCC_INDIA_HTML,https://flexiple.com/gcc/india#gcc-safran,2026-09-25,Seeded from public directory exports; verify individual legal entity before treating as canonical.
GCC-0588,Salesforce,,nan,"San Francisco, United States",Hyderabad,"Hyderabad, Bengaluru, Mumbai, Delhi, Jaipur",Technology,Software Engineer,"10,000+ people",Unknown,2016.0,single-directory seed,72,SRC_FLEXIPLE_GCC_INDIA_HTML,https://flexiple.com/gcc/india#gcc-salesforce,2026-09-25,Seeded from public directory exports; verify individual legal entity before treating as canonical.
GCC-0589,SalezShark,,nan,United States,Delhi,"Delhi, Bengaluru, Pune",Technology,Software Engineer,51-200 people,Unknown,nan,single-directory seed,72,SRC_FLEXIPLE_GCC_INDIA_HTML,https://flexiple.com/gcc/india#gcc-salezshark,2026-09-25,Seeded from public directory exports; verify individual legal entity before treating as canonical.
GCC-0590,Samsung Electronics,,—,"Suwon, South Korea",Delhi,"Delhi, Bengaluru, Chennai, Mumbai",Technology,Software Engineer; Software Development Engineer; Research And Development Engineer,"10,000+ people",Unknown,1996.0,cross-directory match,86,SRC_FLEXIPLE_GCC_INDIA_HTML;SRC_GCC_INDEX_COMPANIES_HTML,https://flexiple.com/gcc/india#gcc-samsung-electronics;https://gccindex.in/company/samsung-india-electronics,2026-09-25,Seeded from public directory exports; verify individual legal entity before treating as canonical.
GCC-0591,Samsung SDS,,nan,South Korea,Delhi,"Delhi, Bengaluru, Chennai",Technology,Software Engineer,"10,000+ people",Unknown,nan,single-directory seed,72,SRC_FLEXIPLE_GCC_INDIA_HTML,https://flexiple.com/gcc/india#gcc-samsung-sds,2026-09-25,Seeded from public directory exports; verify individual legal entity before treating as canonical.
GCC-0592,Sandoz,,nan,"Basel, Switzerland",Hyderabad,Hyderabad,Healthcare & Pharma,nan,nan,Unknown,nan,single-directory seed,72,SRC_FLEXIPLE_GCC_INDIA_HTML,https://flexiple.com/gcc/india#gcc-sandoz,2026-09-25,Seeded from public directory exports; verify individual legal entity before treating as canonical.
GCC-0593,Sandvik,,—,nan,Pune,Pune,Manufacturing & Industrial,Sustainability & Energy Transition,nan,Unknown,nan,single-directory seed,72,SRC_GCC_INDEX_COMPANIES_HTML,https://gccindex.in/company/sandvik,2026-09-25,Seeded from public directory exports; verify individual legal entity before treating as canonical.
GCC-0594,Sanofi,,—,"Paris, France",Hyderabad,"Hyderabad, Mumbai, Bengaluru, Delhi, Kolkata",Healthcare & Pharma,nan,"10,000+ people",Unknown,nan,cross-directory match,86,SRC_FLEXIPLE_GCC_INDIA_HTML;SRC_GCC_INDEX_COMPANIES_HTML,https://flexiple.com/gcc/india#gcc-sanofi;https://gccindex.in/company/sanofi,2026-09-25,Seeded from public directory exports; verify individual legal entity before treating as canonical.
GCC-0595,SAP,,nan,"Walldorf, Germany",Bengaluru,"Bengaluru, Delhi, Hyderabad, Mumbai",Technology,Software Engineer; Software Developer; Full Stack Engineer,"10,000+ people",Unknown,1998.0,single-directory seed,72,SRC_FLEXIPLE_GCC_INDIA_HTML,https://flexiple.com/gcc/india#gcc-sap,2026-09-25,Seeded from public directory exports; verify individual legal entity before treating as canonical.
GCC-0596,SAP Labs India,,—,nan,Bengaluru,Bengaluru,Technology & Software,Innovation & R&D,nan,Unknown,nan,single-directory seed,72,SRC_GCC_INDEX_COMPANIES_HTML,https://gccindex.in/company/sap-labs-india,2026-09-25,Seeded from public directory exports; verify individual legal entity before treating as canonical.
GCC-0597,Saptharushi India,,—,nan,Bengaluru,Bengaluru,Technology & Software,Global Capability Expansion,nan,Unknown,nan,single-directory seed,72,SRC_GCC_INDEX_COMPANIES_HTML,https://gccindex.in/company/saptharushi-india,2026-09-25,Seeded from public directory exports; verify individual legal entity before treating as canonical.
GCC-0598,Saviynt,,—,nan,Bengaluru,Bengaluru,Technology & Software,Innovation & R&D,nan,Unknown,nan,single-directory seed,72,SRC_GCC_INDEX_COMPANIES_HTML,https://gccindex.in/company/saviynt,2026-09-25,Seeded from public directory exports; verify individual legal entity before treating as canonical.
GCC-0599,SBM Offshore,,—,nan,Bengaluru,Bengaluru,Energy & Utilities,Talent & Workforce Development,nan,Unknown,nan,single-directory seed,72,SRC_GCC_INDEX_COMPANIES_HTML,https://gccindex.in/company/sbm-offshore,2026-09-25,Seeded from public directory exports; verify individual legal entity before treating as canonical.
GCC-0600,Scale AI,,nan,United States,Bengaluru,"Bengaluru, Delhi",Technology,nan,1001-5000 people,Unknown,nan,single-directory seed,72,SRC_FLEXIPLE_GCC_INDIA_HTML,https://flexiple.com/gcc/india#gcc-scale-ai,2026-09-25,Seeded from public directory exports; verify individual legal entity before treating as canonical.
GCC-0601,Schaeffler,,nan,"Herzogenaurach, Germany",Bengaluru,"Bengaluru, Delhi, Kolkata, Mumbai, Pune",Engineering & Industrial,nan,nan,Unknown,nan,single-directory seed,72,SRC_FLEXIPLE_GCC_INDIA_HTML,https://flexiple.com/gcc/india#gcc-schaeffler,2026-09-25,Seeded from public directory exports; verify individual legal entity before treating as canonical.
GCC-0602,Schmersal,,—,nan,Pune,Pune,Manufacturing & Industrial,Innovation & R&D,nan,Unknown,nan,single-directory seed,72,SRC_GCC_INDEX_COMPANIES_HTML,https://gccindex.in/company/schmersal,2026-09-25,Seeded from public directory exports; verify individual legal entity before treating as canonical.
GCC-0603,Schneider Electric,,nan,"Rueil-Malmaison, France",Bengaluru,"Bengaluru, Chennai, Mumbai, Hyderabad, Vadodara",Engineering & Industrial,nan,"10,000+ people",Unknown,2003.0,single-directory seed,72,SRC_FLEXIPLE_GCC_INDIA_HTML,https://flexiple.com/gcc/india#gcc-schneider-electric,2026-09-25,Seeded from public directory exports; verify individual legal entity before treating as canonical.
GCC-0604,Scribd,,nan,United States,nan,nan,Telecom & Media,nan,201-500 people,Unknown,nan,single-directory seed,72,SRC_FLEXIPLE_GCC_INDIA_HTML,https://flexiple.com/gcc/india#gcc-scribd,2026-09-25,Seeded from public directory exports; verify individual legal entity before treating as canonical.
GCC-0605,Self Financial,,nan,United States,nan,nan,BFSI,nan,501-1000 people,Unknown,nan,single-directory seed,72,SRC_FLEXIPLE_GCC_INDIA_HTML,https://flexiple.com/gcc/india#gcc-self-financial,2026-09-25,Seeded from public directory exports; verify individual legal entity before treating as canonical.
GCC-0606,Serko,,—,nan,Bengaluru,Bengaluru,Technology & Software,Global Capability Expansion,nan,Unknown,nan,single-directory seed,72,SRC_GCC_INDEX_COMPANIES_HTML,https://gccindex.in/company/serko,2026-09-25,Seeded from public directory exports; verify individual legal entity before treating as canonical.
GCC-0607,ServiceNow,,nan,"Santa Clara, United States",Hyderabad,"Hyderabad, Bengaluru, Mumbai, Delhi, Chennai",Technology,Software Engineer; Software Development Engineer,"10,000+ people",Unknown,2018.0,single-directory seed,72,SRC_FLEXIPLE_GCC_INDIA_HTML,https://flexiple.com/gcc/india#gcc-servicenow,2026-09-25,Seeded from public directory exports; verify individual legal entity before treating as canonical.
GCC-0608,SES,,—,nan,Chennai,Chennai,Telecom & Media,Global Capability Expansion,nan,Unknown,nan,single-directory seed,72,SRC_GCC_INDEX_COMPANIES_HTML,https://gccindex.in/company/ses,2026-09-25,Seeded from public directory exports; verify individual legal entity before treating as canonical.
GCC-0609,Shell,,nan,"London, United Kingdom",Bengaluru,"Bengaluru, Chennai, Mumbai, Delhi, Hyderabad",Energy,nan,"10,000+ people",Unknown,2006.0,single-directory seed,72,SRC_FLEXIPLE_GCC_INDIA_HTML,https://flexiple.com/gcc/india#gcc-shell,2026-09-25,Seeded from public directory exports; verify individual legal entity before treating as canonical.
GCC-0610,SHL,,nan,United Kingdom,Delhi,"Delhi, Mumbai, Bengaluru",Professional & Info Services,Software Engineer,1001-5000 people,Unknown,nan,single-directory seed,72,SRC_FLEXIPLE_GCC_INDIA_HTML,https://flexiple.com/gcc/india#gcc-shl,2026-09-25,Seeded from public directory exports; verify individual legal entity before treating as canonical.
GCC-0611,Siemens,,nan,"Munich, Germany",Bengaluru,"Bengaluru, Mumbai, Chennai, Pune",Engineering & Industrial,Software Engineer,"10,000+ people",Unknown,1992.0,single-directory seed,72,SRC_FLEXIPLE_GCC_INDIA_HTML,https://flexiple.com/gcc/india#gcc-siemens,2026-09-25,Seeded from public directory exports; verify individual legal entity before treating as canonical.
GCC-0612,Siemens Healthineers,,nan,"Erlangen, Germany",Bengaluru,"Bengaluru, Mumbai, Chennai, Hyderabad, Delhi",Healthcare & Pharma,Software Engineer,"10,000+ people",Unknown,nan,single-directory seed,72,SRC_FLEXIPLE_GCC_INDIA_HTML,https://flexiple.com/gcc/india#gcc-siemens-healthineers,2026-09-25,Seeded from public directory exports; verify individual legal entity before treating as canonical.
GCC-0613,Signify,,nan,Netherlands,Bengaluru,"Bengaluru, Pune, Delhi",Engineering & Industrial,Development Engineer,"10,000+ people",Unknown,nan,single-directory seed,72,SRC_FLEXIPLE_GCC_INDIA_HTML,https://flexiple.com/gcc/india#gcc-signify,2026-09-25,Seeded from public directory exports; verify individual legal entity before treating as canonical.
GCC-0614,Silicon Labs,,—,nan,Hyderabad,Hyderabad,Semiconductors & Electronics,Global Capability Expansion,nan,Unknown,nan,single-directory seed,72,SRC_GCC_INDEX_COMPANIES_HTML,https://gccindex.in/company/silicon-labs,2026-09-25,Seeded from public directory exports; verify individual legal entity before treating as canonical.
GCC-0615,Simplify Healthcare,,nan,United States,Pune,Pune,Healthcare & Pharma,Business Analyst,501-1000 people,Unknown,nan,single-directory seed,72,SRC_FLEXIPLE_GCC_INDIA_HTML,https://flexiple.com/gcc/india#gcc-simplify-healthcare,2026-09-25,Seeded from public directory exports; verify individual legal entity before treating as canonical.
GCC-0616,Sinch,,nan,Sweden,Delhi,"Delhi, Bengaluru, Mumbai, Chennai",Technology,nan,1001-5000 people,Unknown,nan,single-directory seed,72,SRC_FLEXIPLE_GCC_INDIA_HTML,https://flexiple.com/gcc/india#gcc-sinch,2026-09-25,Seeded from public directory exports; verify individual legal entity before treating as canonical.
GCC-0617,Sirva,,—,nan,Bengaluru,Bengaluru,Logistics & Transportation,Global Capability Expansion,nan,Unknown,nan,single-directory seed,72,SRC_GCC_INDEX_COMPANIES_HTML,https://gccindex.in/company/sirva,2026-09-25,Seeded from public directory exports; verify individual legal entity before treating as canonical.
GCC-0618,SKF,,—,nan,Pune,Pune,Manufacturing & Industrial,Global Capability Expansion,nan,Unknown,nan,single-directory seed,72,SRC_GCC_INDEX_COMPANIES_HTML,https://gccindex.in/company/skf,2026-09-25,Seeded from public directory exports; verify individual legal entity before treating as canonical.
GCC-0619,Skillz,,U63999KA2026FTC221469,nan,Bengaluru,Bengaluru,Technology & Software,Global Capability Expansion,nan,Unknown,nan,single-directory seed,72,SRC_GCC_INDEX_COMPANIES_HTML,https://gccindex.in/company/skillz,2026-09-25,Seeded from public directory exports; verify individual legal entity before treating as canonical.
GCC-0620,SLB,,nan,"Houston, United States",Coimbatore,"Coimbatore, Pune, Mumbai, Delhi, Chennai",Energy,nan,"10,000+ people",Unknown,nan,single-directory seed,72,SRC_FLEXIPLE_GCC_INDIA_HTML,https://flexiple.com/gcc/india#gcc-slb,2026-09-25,Seeded from public directory exports; verify individual legal entity before treating as canonical.
GCC-0621,Smartsheet,,U62090KA2025FTC199227,nan,Bengaluru,Bengaluru,Technology & Software,Global Capability Expansion,nan,Unknown,nan,single-directory seed,72,SRC_GCC_INDEX_COMPANIES_HTML,https://gccindex.in/company/smartsheet,2026-09-25,Seeded from public directory exports; verify individual legal entity before treating as canonical.
GCC-0622,Snowflake,,—,nan,Pune,Pune,Technology & Software,Global Capability Expansion,nan,Unknown,nan,single-directory seed,72,SRC_GCC_INDEX_COMPANIES_HTML,https://gccindex.in/company/snowflake,2026-09-25,Seeded from public directory exports; verify individual legal entity before treating as canonical.
GCC-0623,Societe Generale Global Solution Centre,,nan,"Paris, France",Bengaluru,"Bengaluru, Chennai, Hyderabad, Coimbatore, Mumbai",BFSI,Software Engineer,"5001-10,000 people",Unknown,2000.0,single-directory seed,72,SRC_FLEXIPLE_GCC_INDIA_HTML,https://flexiple.com/gcc/india#gcc-societe-generale-global-solution-centre,2026-09-25,Seeded from public directory exports; verify individual legal entity before treating as canonical.
GCC-0624,SolarEdge Technologies,,—,nan,Bengaluru,Bengaluru,Energy & Utilities,Global Capability Expansion,nan,Unknown,nan,single-directory seed,72,SRC_GCC_INDEX_COMPANIES_HTML,https://gccindex.in/company/solaredge,2026-09-25,Seeded from public directory exports; verify individual legal entity before treating as canonical.
GCC-0625,Solartis,,nan,United States,Madurai,"Madurai, Chennai, Coimbatore",Technology,Software Engineer,501-1000 people,Unknown,nan,single-directory seed,72,SRC_FLEXIPLE_GCC_INDIA_HTML,https://flexiple.com/gcc/india#gcc-solartis,2026-09-25,Seeded from public directory exports; verify individual legal entity before treating as canonical.
GCC-0626,Solera,,nan,United States,Bengaluru,"Bengaluru, Hyderabad",Technology,Software Engineer,"5001-10,000 people",Unknown,nan,single-directory seed,72,SRC_FLEXIPLE_GCC_INDIA_HTML,https://flexiple.com/gcc/india#gcc-solera,2026-09-25,Seeded from public directory exports; verify individual legal entity before treating as canonical.
GCC-0627,Sonatype,,U62099TS2025FTC197345,"Fulton, United States",Ahmedabad,"Ahmedabad, Bengaluru, Chennai, Delhi, Hyderabad, Kolkata, Mumbai, Pune",Technology,nan,nan,Unknown,nan,cross-directory match,86,SRC_FLEXIPLE_GCC_INDIA_HTML;SRC_GCC_INDEX_COMPANIES_HTML,https://flexiple.com/gcc/india#gcc-sonatype;https://gccindex.in/company/sonatype,2026-09-25,Seeded from public directory exports; verify individual legal entity before treating as canonical.
GCC-0628,Sonny's Enterprises,,—,nan,Pune,Pune,Manufacturing & Industrial,Innovation & R&D,nan,Unknown,nan,single-directory seed,72,SRC_GCC_INDEX_COMPANIES_HTML,https://gccindex.in/company/sonnys-enterprises,2026-09-25,Seeded from public directory exports; verify individual legal entity before treating as canonical.
GCC-0629,Sonoco,,U62099TS2024FTC192439,nan,Hyderabad,Hyderabad,Manufacturing & Industrial,"Global Capability Expansion, AI & Advanced Technology",nan,Unknown,nan,single-directory seed,72,SRC_GCC_INDEX_COMPANIES_HTML,https://gccindex.in/company/sonoco,2026-09-25,Seeded from public directory exports; verify individual legal entity before treating as canonical.
GCC-0630,Sony India Software Centre,,nan,Japan,Bengaluru,"Bengaluru, Hyderabad",Technology,Software Engineer,1001-5000 people,Unknown,nan,single-directory seed,72,SRC_FLEXIPLE_GCC_INDIA_HTML,https://flexiple.com/gcc/india#gcc-sony-india-software-centre,2026-09-25,Seeded from public directory exports; verify individual legal entity before treating as canonical.
GCC-0631,Sopra Steria,,nan,France,Delhi,"Delhi, Chennai, Bengaluru",Technology,Software Engineer,"10,000+ people",Unknown,nan,single-directory seed,72,SRC_FLEXIPLE_GCC_INDIA_HTML,https://flexiple.com/gcc/india#gcc-sopra-steria,2026-09-25,Seeded from public directory exports; verify individual legal entity before treating as canonical.
GCC-0632,SOTI,,nan,Canada,Delhi,"Delhi, Kochi",Technology,Software Engineer,1001-5000 people,Unknown,nan,single-directory seed,72,SRC_FLEXIPLE_GCC_INDIA_HTML,https://flexiple.com/gcc/india#gcc-soti,2026-09-25,Seeded from public directory exports; verify individual legal entity before treating as canonical.
GCC-0633,Southwest Airlines,,U62099TS2025FTC206009,"Dallas, United States",Delhi,"Delhi, Hyderabad, Mumbai",Engineering & Industrial,nan,nan,Unknown,nan,cross-directory match,86,SRC_FLEXIPLE_GCC_INDIA_HTML;SRC_GCC_INDEX_COMPANIES_HTML,https://flexiple.com/gcc/india#gcc-southwest-airlines;https://gccindex.in/company/southwest-airlines,2026-09-25,Seeded from public directory exports; verify individual legal entity before treating as canonical.
GCC-0634,Sprinklr,,nan,"New York, United States",Bengaluru,"Bengaluru, Delhi, Hyderabad, Mumbai",Technology,Product Engineer,1001-5000 people,Unknown,nan,single-directory seed,72,SRC_FLEXIPLE_GCC_INDIA_HTML,https://flexiple.com/gcc/india#gcc-sprinklr,2026-09-25,Seeded from public directory exports; verify individual legal entity before treating as canonical.
GCC-0635,SS&C Technologies,,nan,United States,Mumbai,"Mumbai, Hyderabad, Pune, Bengaluru",Technology,Software Engineer,"10,000+ people",Unknown,nan,single-directory seed,72,SRC_FLEXIPLE_GCC_INDIA_HTML,https://flexiple.com/gcc/india#gcc-ss-and-c-technologies,2026-09-25,Seeded from public directory exports; verify individual legal entity before treating as canonical.
GCC-0636,Standard Chartered,,nan,"London, UK",Chennai,"Chennai, Bengaluru, Mumbai, Delhi, Kolkata",BFSI,Software Engineer; Software Development Engineer; Development Engineer,"10,000+ people",Unknown,2001.0,single-directory seed,72,SRC_FLEXIPLE_GCC_INDIA_HTML,https://flexiple.com/gcc/india#gcc-standard-chartered,2026-09-25,Seeded from public directory exports; verify individual legal entity before treating as canonical.
GCC-0637,StarRez,,U62099TS2025FTC197153,nan,Hyderabad,Hyderabad,Consulting & Professional Services,Innovation & R&D,nan,Unknown,nan,single-directory seed,72,SRC_GCC_INDEX_COMPANIES_HTML,https://gccindex.in/company/starrez,2026-09-25,Seeded from public directory exports; verify individual legal entity before treating as canonical.
GCC-0638,State Bank of India,,—,nan,Bengaluru,Bengaluru,Financial Services,Global Capability Expansion,nan,Unknown,nan,single-directory seed,72,SRC_GCC_INDEX_COMPANIES_HTML,https://gccindex.in/company/state-bank-of-india,2026-09-25,Seeded from public directory exports; verify individual legal entity before treating as canonical.
GCC-0639,State Street,,nan,"Boston, USA",Bengaluru,"Bengaluru, Hyderabad, Mumbai, Chennai, Coimbatore",BFSI,nan,"10,000+ people",Unknown,2004.0,single-directory seed,72,SRC_FLEXIPLE_GCC_INDIA_HTML,https://flexiple.com/gcc/india#gcc-state-street,2026-09-25,Seeded from public directory exports; verify individual legal entity before treating as canonical.
GCC-0640,Stellantis,,nan,"Hoofddorp, Netherlands",Chennai,"Chennai, Bengaluru, Hyderabad, Pune, Hosur",Engineering & Industrial,Software Engineer,"10,000+ people",Unknown,nan,single-directory seed,72,SRC_FLEXIPLE_GCC_INDIA_HTML,https://flexiple.com/gcc/india#gcc-stellantis,2026-09-25,Seeded from public directory exports; verify individual legal entity before treating as canonical.
GCC-0641,STMicroelectronics,,nan,"Geneva, Switzerland",Delhi,"Delhi, Bengaluru",Technology,nan,"10,000+ people",Unknown,nan,single-directory seed,72,SRC_FLEXIPLE_GCC_INDIA_HTML,https://flexiple.com/gcc/india#gcc-stmicroelectronics,2026-09-25,Seeded from public directory exports; verify individual legal entity before treating as canonical.
GCC-0642,Stolt-Nielsen,,U62099TS2025FTC207427,nan,Hyderabad,Hyderabad,Logistics & Transportation,Innovation & R&D,nan,Unknown,nan,single-directory seed,72,SRC_GCC_INDEX_COMPANIES_HTML,https://gccindex.in/company/stoltnielsen,2026-09-25,Seeded from public directory exports; verify individual legal entity before treating as canonical.
GCC-0643,StoneRiver,,nan,United Kingdom,Bengaluru,"Bengaluru, Delhi, Chennai, Hyderabad",Technology,Software Engineer,501-1000 people,Unknown,nan,single-directory seed,72,SRC_FLEXIPLE_GCC_INDIA_HTML,https://flexiple.com/gcc/india#gcc-stoneriver,2026-09-25,Seeded from public directory exports; verify individual legal entity before treating as canonical.
GCC-0644,Stryker,,—,United States,Delhi,"Delhi, Bengaluru, Chennai, Mumbai",Healthcare & Pharma,nan,"10,000+ people",Unknown,nan,cross-directory match,86,SRC_FLEXIPLE_GCC_INDIA_HTML;SRC_GCC_INDEX_COMPANIES_HTML,https://flexiple.com/gcc/india#gcc-stryker;https://gccindex.in/company/stryker,2026-09-25,Seeded from public directory exports; verify individual legal entity before treating as canonical.
GCC-0645,Sumitomo Mitsui Banking Corporation,,U62099TN2025FTC181192,nan,Chennai,Chennai,Financial Services,Global Capability Expansion,nan,Unknown,nan,single-directory seed,72,SRC_GCC_INDEX_COMPANIES_HTML,https://gccindex.in/company/sumitomo-mitsui-banking-corporation,2026-09-25,Seeded from public directory exports; verify individual legal entity before treating as canonical.
GCC-0646,Sun Life,,nan,"Toronto, Canada",Delhi,"Delhi, Bengaluru",BFSI,nan,"10,000+ people",Unknown,nan,single-directory seed,72,SRC_FLEXIPLE_GCC_INDIA_HTML,https://flexiple.com/gcc/india#gcc-sun-life,2026-09-25,Seeded from public directory exports; verify individual legal entity before treating as canonical.
GCC-0647,Swiss Re,,nan,"Zurich, Switzerland",Bengaluru,"Bengaluru, Hyderabad, Mumbai, Delhi, Kolkata",BFSI,nan,"10,000+ people",Unknown,nan,single-directory seed,72,SRC_FLEXIPLE_GCC_INDIA_HTML,https://flexiple.com/gcc/india#gcc-swiss-re,2026-09-25,Seeded from public directory exports; verify individual legal entity before treating as canonical.
GCC-0648,Syensqo,,—,nan,Pune,Pune,Manufacturing & Industrial,Global Capability Expansion,nan,Unknown,nan,single-directory seed,72,SRC_GCC_INDEX_COMPANIES_HTML,https://gccindex.in/company/syensqo,2026-09-25,Seeded from public directory exports; verify individual legal entity before treating as canonical.
GCC-0649,SymphonyAI,,nan,United States,Bengaluru,Bengaluru,Technology,nan,1001-5000 people,Unknown,nan,single-directory seed,72,SRC_FLEXIPLE_GCC_INDIA_HTML,https://flexiple.com/gcc/india#gcc-symphonyai,2026-09-25,Seeded from public directory exports; verify individual legal entity before treating as canonical.
GCC-0650,Synaptics,,nan,"San Jose, United States",Bengaluru,"Bengaluru, Delhi, Hyderabad",Technology,nan,nan,Unknown,nan,single-directory seed,72,SRC_FLEXIPLE_GCC_INDIA_HTML,https://flexiple.com/gcc/india#gcc-synaptics,2026-09-25,Seeded from public directory exports; verify individual legal entity before treating as canonical.
GCC-0651,Syncfusion,,nan,United States,Chennai,"Chennai, Salem, Erode, Tiruchirappalli, Coimbatore",Technology,Software Engineer,1001-5000 people,Unknown,nan,single-directory seed,72,SRC_FLEXIPLE_GCC_INDIA_HTML,https://flexiple.com/gcc/india#gcc-syncfusion,2026-09-25,Seeded from public directory exports; verify individual legal entity before treating as canonical.
GCC-0652,Synchrony,,nan,"Stamford, USA",Hyderabad,"Hyderabad, Bengaluru, Delhi, Chennai, Kolkata",BFSI,nan,"10,000+ people",Unknown,2008.0,single-directory seed,72,SRC_FLEXIPLE_GCC_INDIA_HTML,https://flexiple.com/gcc/india#gcc-synchrony,2026-09-25,Seeded from public directory exports; verify individual legal entity before treating as canonical.
GCC-0653,Synechron,,nan,"New York, United States",Pune,"Pune, Bengaluru, Hyderabad, Chennai, Mumbai",Professional & Info Services,Technology; Software Engineer; Senior Associate,"10,000+ people",Unknown,nan,single-directory seed,72,SRC_FLEXIPLE_GCC_INDIA_HTML,https://flexiple.com/gcc/india#gcc-synechron,2026-09-25,Seeded from public directory exports; verify individual legal entity before treating as canonical.
GCC-0654,Syneos Health,,—,nan,Hyderabad,Hyderabad,Healthcare & Life Sciences,Global Capability Expansion,nan,Unknown,nan,single-directory seed,72,SRC_GCC_INDEX_COMPANIES_HTML,https://gccindex.in/company/syneos-health,2026-09-25,Seeded from public directory exports; verify individual legal entity before treating as canonical.
GCC-0655,Syneriq Global,,—,nan,Hyderabad,Hyderabad,Consulting & Professional Services,Global Capability Expansion,nan,Unknown,nan,single-directory seed,72,SRC_GCC_INDEX_COMPANIES_HTML,https://gccindex.in/company/syneriq,2026-09-25,Seeded from public directory exports; verify individual legal entity before treating as canonical.
GCC-0656,Syngenta,,—,"Basel, Switzerland",Delhi,"Delhi, Kolkata, Mumbai",Engineering & Industrial,nan,nan,Unknown,nan,cross-directory match,86,SRC_FLEXIPLE_GCC_INDIA_HTML;SRC_GCC_INDEX_COMPANIES_HTML,https://flexiple.com/gcc/india#gcc-syngenta;https://gccindex.in/company/syngenta,2026-09-25,Seeded from public directory exports; verify individual legal entity before treating as canonical.
GCC-0657,Synopsys,,nan,"Sunnyvale, United States",Bengaluru,"Bengaluru, Hyderabad, Delhi, Pune",Technology,Research And Development Engineer,"10,000+ people",Unknown,nan,single-directory seed,72,SRC_FLEXIPLE_GCC_INDIA_HTML,https://flexiple.com/gcc/india#gcc-synopsys,2026-09-25,Seeded from public directory exports; verify individual legal entity before treating as canonical.
GCC-0658,T-Systems International,,nan,"Frankfurt, Germany",Pune,"Pune, Bengaluru, Mumbai, Hyderabad",Technology,nan,"10,000+ people",Unknown,2009.0,single-directory seed,72,SRC_FLEXIPLE_GCC_INDIA_HTML,https://flexiple.com/gcc/india#gcc-t-systems-international,2026-09-25,Seeded from public directory exports; verify individual legal entity before treating as canonical.
GCC-0659,T-Mobile US,,nan,"Bellevue, United States",Hyderabad,Hyderabad,Telecom & Media,nan,nan,Unknown,nan,single-directory seed,72,SRC_FLEXIPLE_GCC_INDIA_HTML,https://flexiple.com/gcc/india#gcc-t-mobile,2026-09-25,Seeded from public directory exports; verify individual legal entity before treating as canonical.
GCC-0660,T-Mobile USA,,—,nan,Hyderabad,Hyderabad,Telecom & Media,Innovation & R&D,nan,Unknown,nan,single-directory seed,72,SRC_GCC_INDEX_COMPANIES_HTML,https://gccindex.in/company/tmobile-usa,2026-09-25,Seeded from public directory exports; verify individual legal entity before treating as canonical.
GCC-0661,Target,,nan,"Minneapolis, United States",Bengaluru,"Bengaluru, Delhi, Kolkata, Mumbai, Hyderabad",Retail & Consumer,nan,"10,000+ people",Unknown,2005.0,single-directory seed,72,SRC_FLEXIPLE_GCC_INDIA_HTML,https://flexiple.com/gcc/india#gcc-target,2026-09-25,Seeded from public directory exports; verify individual legal entity before treating as canonical.
GCC-0662,Target Corporation,,U78300GJ2025FTC159039,nan,Bengaluru,Bengaluru,Retail & Consumer,Global Capability Expansion,nan,Unknown,nan,single-directory seed,72,SRC_GCC_INDEX_COMPANIES_HTML,https://gccindex.in/company/target-corporation,2026-09-25,Seeded from public directory exports; verify individual legal entity before treating as canonical.
GCC-0663,Tavant,,nan,United States,Bengaluru,"Bengaluru, Hyderabad, Delhi, Kolkata",Technology,Software Engineer,1001-5000 people,Unknown,nan,single-directory seed,72,SRC_FLEXIPLE_GCC_INDIA_HTML,https://flexiple.com/gcc/india#gcc-tavant,2026-09-25,Seeded from public directory exports; verify individual legal entity before treating as canonical.
GCC-0664,Tazapay,,—,nan,Bengaluru,Bengaluru,Financial Services,Global Capability Expansion,nan,Unknown,nan,single-directory seed,72,SRC_GCC_INDEX_COMPANIES_HTML,https://gccindex.in/company/tazapay,2026-09-25,Seeded from public directory exports; verify individual legal entity before treating as canonical.
GCC-0665,TE Connectivity,,nan,Ireland,Bengaluru,"Bengaluru, Pune, Chennai, Hyderabad, Mumbai",Engineering & Industrial,nan,"10,000+ people",Unknown,nan,single-directory seed,72,SRC_FLEXIPLE_GCC_INDIA_HTML,https://flexiple.com/gcc/india#gcc-te-connectivity,2026-09-25,Seeded from public directory exports; verify individual legal entity before treating as canonical.
GCC-0666,TechnipFMC,,nan,"Newcastle, United Kingdom",Bengaluru,"Bengaluru, Delhi, Hyderabad, Mumbai",Energy,nan,nan,Unknown,nan,single-directory seed,72,SRC_FLEXIPLE_GCC_INDIA_HTML,https://flexiple.com/gcc/india#gcc-technipfmc,2026-09-25,Seeded from public directory exports; verify individual legal entity before treating as canonical.
GCC-0667,Tekion,,nan,United States,Bengaluru,"Bengaluru, Chennai",Technology,Software Engineer; Software Development Engineer,1001-5000 people,Unknown,nan,single-directory seed,72,SRC_FLEXIPLE_GCC_INDIA_HTML,https://flexiple.com/gcc/india#gcc-tekion,2026-09-25,Seeded from public directory exports; verify individual legal entity before treating as canonical.
GCC-0668,Telstra,,nan,"Melbourne, Australia",Bengaluru,"Bengaluru, Hyderabad, Pune, Mumbai, Chennai",Telecom & Media,Software Engineer,"10,000+ people",Unknown,nan,single-directory seed,72,SRC_FLEXIPLE_GCC_INDIA_HTML,https://flexiple.com/gcc/india#gcc-telstra,2026-09-25,Seeded from public directory exports; verify individual legal entity before treating as canonical.
GCC-0669,Temenos,,nan,"Geneva, Switzerland",Chennai,"Chennai, Bengaluru, Hyderabad, Coimbatore, Erode",Technology,Product Manager; Product Engineer,"5001-10,000 people",Unknown,1995.0,single-directory seed,72,SRC_FLEXIPLE_GCC_INDIA_HTML,https://flexiple.com/gcc/india#gcc-temenos,2026-09-25,Seeded from public directory exports; verify individual legal entity before treating as canonical.
GCC-0670,Tenthpin,,—,nan,Pune,Pune,Consulting & Professional Services,Innovation & R&D,nan,Unknown,nan,single-directory seed,72,SRC_GCC_INDEX_COMPANIES_HTML,https://gccindex.in/company/tenthpin,2026-09-25,Seeded from public directory exports; verify individual legal entity before treating as canonical.
GCC-0671,Teradata,,nan,"San Diego, United States",Hyderabad,"Hyderabad, Mumbai, Pune, Bengaluru",Technology,Software Engineer,"10,000+ people",Unknown,nan,single-directory seed,72,SRC_FLEXIPLE_GCC_INDIA_HTML,https://flexiple.com/gcc/india#gcc-teradata,2026-09-25,Seeded from public directory exports; verify individual legal entity before treating as canonical.
GCC-0672,Tesco Bengaluru,,nan,"Welwyn Garden City, United Kingdom",Bengaluru,"Bengaluru, Hyderabad, Chennai",Retail & Consumer,nan,1001-5000 people,Unknown,2004.0,single-directory seed,72,SRC_FLEXIPLE_GCC_INDIA_HTML,https://flexiple.com/gcc/india#gcc-tesco-bengaluru,2026-09-25,Seeded from public directory exports; verify individual legal entity before treating as canonical.
GCC-0673,TestingXperts,,—,nan,Hyderabad,Hyderabad,Technology & Software,Global Capability Expansion,nan,Unknown,nan,single-directory seed,72,SRC_GCC_INDEX_COMPANIES_HTML,https://gccindex.in/company/testingxperts,2026-09-25,Seeded from public directory exports; verify individual legal entity before treating as canonical.
GCC-0674,Texas Instruments,,—,"Dallas, United States",Bengaluru,"Bengaluru, Hyderabad, Mumbai, Delhi, Chennai",Technology,nan,"10,000+ people",Unknown,1985.0,cross-directory match,86,SRC_FLEXIPLE_GCC_INDIA_HTML;SRC_GCC_INDEX_COMPANIES_HTML,https://flexiple.com/gcc/india#gcc-texas-instruments;https://gccindex.in/company/texas-instruments,2026-09-25,Seeded from public directory exports; verify individual legal entity before treating as canonical.
GCC-0675,Thales,,—,"Paris, France",Delhi,"Delhi, Bengaluru, Mumbai",Engineering & Industrial,Software Engineer,"10,000+ people",Unknown,nan,cross-directory match,86,SRC_FLEXIPLE_GCC_INDIA_HTML;SRC_GCC_INDEX_COMPANIES_HTML,https://flexiple.com/gcc/india#gcc-thales;https://gccindex.in/company/thales,2026-09-25,Seeded from public directory exports; verify individual legal entity before treating as canonical.
GCC-0676,The Cigna Group,,nan,"Bloomfield, United States",Hyderabad,Hyderabad,Healthcare & Pharma,nan,nan,Unknown,nan,single-directory seed,72,SRC_FLEXIPLE_GCC_INDIA_HTML,https://flexiple.com/gcc/india#gcc-cigna,2026-09-25,Seeded from public directory exports; verify individual legal entity before treating as canonical.
GCC-0677,The D. E. Shaw Group,,nan,United States,Hyderabad,"Hyderabad, Bengaluru, Delhi, Mumbai",BFSI,nan,1001-5000 people,Unknown,nan,single-directory seed,72,SRC_FLEXIPLE_GCC_INDIA_HTML,https://flexiple.com/gcc/india#gcc-the-d-e-shaw-group,2026-09-25,Seeded from public directory exports; verify individual legal entity before treating as canonical.
GCC-0678,The Hartford,,U62099TS2025FTC202536,nan,Hyderabad,Hyderabad,Financial Services,Global Capability Expansion,nan,Unknown,nan,single-directory seed,72,SRC_GCC_INDEX_COMPANIES_HTML,https://gccindex.in/company/the-hartford,2026-09-25,Seeded from public directory exports; verify individual legal entity before treating as canonical.
GCC-0679,The Standard,,—,"Portland, United States",Bengaluru,Bengaluru,BFSI,nan,nan,Unknown,nan,cross-directory match,86,SRC_FLEXIPLE_GCC_INDIA_HTML;SRC_GCC_INDEX_COMPANIES_HTML,https://flexiple.com/gcc/india#gcc-the-standard;https://gccindex.in/company/the-standard,2026-09-25,Seeded from public directory exports; verify individual legal entity before treating as canonical.
GCC-0680,The Walt Disney Company,,nan,"Burbank, United States",Ahmedabad,"Ahmedabad, Bengaluru, Chennai, Delhi, Hyderabad, Jaipur, Kolkata, Mumbai, Pune",Telecom & Media,nan,nan,Unknown,nan,single-directory seed,72,SRC_FLEXIPLE_GCC_INDIA_HTML,https://flexiple.com/gcc/india#gcc-walt-disney,2026-09-25,Seeded from public directory exports; verify individual legal entity before treating as canonical.
GCC-0681,Theom,,—,nan,Hyderabad,Hyderabad,Technology & Software,Global Capability Expansion,nan,Unknown,nan,single-directory seed,72,SRC_GCC_INDEX_COMPANIES_HTML,https://gccindex.in/company/theom,2026-09-25,Seeded from public directory exports; verify individual legal entity before treating as canonical.
GCC-0682,Thermo Fisher Scientific,,—,"Waltham, United States",Bengaluru,"Bengaluru, Mumbai, Hyderabad, Ahmedabad",Healthcare & Pharma,Software Engineer,"10,000+ people",Unknown,nan,cross-directory match,86,SRC_FLEXIPLE_GCC_INDIA_HTML;SRC_GCC_INDEX_COMPANIES_HTML,https://flexiple.com/gcc/india#gcc-thermo-fisher-scientific;https://gccindex.in/company/thermo-fisher-scientific,2026-09-25,Seeded from public directory exports; verify individual legal entity before treating as canonical.
GCC-0683,Thomson Reuters,,nan,"Toronto, Canada",Bengaluru,"Bengaluru, Hyderabad, Mumbai, Chennai, Ahmedabad",Professional & Info Services,Software Engineer,"10,000+ people",Unknown,2007.0,single-directory seed,72,SRC_FLEXIPLE_GCC_INDIA_HTML,https://flexiple.com/gcc/india#gcc-thomson-reuters,2026-09-25,Seeded from public directory exports; verify individual legal entity before treating as canonical.
GCC-0684,ThoughtSpot,,nan,United States,Bengaluru,"Bengaluru, Hyderabad",Technology,nan,1001-5000 people,Unknown,nan,single-directory seed,72,SRC_FLEXIPLE_GCC_INDIA_HTML,https://flexiple.com/gcc/india#gcc-thoughtspot,2026-09-25,Seeded from public directory exports; verify individual legal entity before treating as canonical.
GCC-0685,TIAA,,nan,"New York, United States",Pune,"Pune, Mumbai, Bengaluru",BFSI,nan,"10,000+ people",Unknown,nan,single-directory seed,72,SRC_FLEXIPLE_GCC_INDIA_HTML,https://flexiple.com/gcc/india#gcc-tiaa,2026-09-25,Seeded from public directory exports; verify individual legal entity before treating as canonical.
GCC-0686,Tide,,nan,United Kingdom,Hyderabad,"Hyderabad, Delhi, Bengaluru",BFSI,nan,1001-5000 people,Unknown,nan,single-directory seed,72,SRC_FLEXIPLE_GCC_INDIA_HTML,https://flexiple.com/gcc/india#gcc-tide,2026-09-25,Seeded from public directory exports; verify individual legal entity before treating as canonical.
GCC-0687,Toast,,—,nan,Bengaluru,Bengaluru,Technology & Software,Global Capability Expansion,nan,Unknown,nan,single-directory seed,72,SRC_GCC_INDEX_COMPANIES_HTML,https://gccindex.in/company/toast,2026-09-25,Seeded from public directory exports; verify individual legal entity before treating as canonical.
GCC-0688,TomTom,,nan,"Amsterdam, Netherlands",Pune,Pune,Technology,nan,nan,Unknown,nan,single-directory seed,72,SRC_FLEXIPLE_GCC_INDIA_HTML,https://flexiple.com/gcc/india#gcc-tomtom,2026-09-25,Seeded from public directory exports; verify individual legal entity before treating as canonical.
GCC-0689,Toyo Engineering,,nan,"Chiba, Japan",Bengaluru,Bengaluru,Engineering & Industrial,nan,nan,Unknown,nan,single-directory seed,72,SRC_FLEXIPLE_GCC_INDIA_HTML,https://flexiple.com/gcc/india#gcc-toyo-engineering,2026-09-25,Seeded from public directory exports; verify individual legal entity before treating as canonical.
GCC-0690,"TOYO Engineering Corporation and MODEC, Inc.",,—,nan,Bengaluru,Bengaluru,Manufacturing & Industrial,Innovation & R&D,nan,Unknown,nan,single-directory seed,72,SRC_GCC_INDEX_COMPANIES_HTML,https://gccindex.in/company/toyo-engineering-corporation-and-modec,2026-09-25,Seeded from public directory exports; verify individual legal entity before treating as canonical.
GCC-0691,Toyota,,nan,"Toyota City, Japan",Bengaluru,Bengaluru,Engineering & Industrial,nan,nan,Unknown,nan,single-directory seed,72,SRC_FLEXIPLE_GCC_INDIA_HTML,https://flexiple.com/gcc/india#gcc-toyota,2026-09-25,Seeded from public directory exports; verify individual legal entity before treating as canonical.
GCC-0692,Toyota Motor Corporation,,U45100KA2024FTC192055,nan,Bengaluru,Bengaluru,Manufacturing & Industrial,Global Capability Expansion,nan,Unknown,nan,single-directory seed,72,SRC_GCC_INDEX_COMPANIES_HTML,https://gccindex.in/company/toyota-motor-corporation,2026-09-25,Seeded from public directory exports; verify individual legal entity before treating as canonical.
GCC-0693,TraceLink,,nan,United States,Pune,"Pune, Mumbai",Healthcare & Pharma,Software Engineer,1001-5000 people,Unknown,nan,single-directory seed,72,SRC_FLEXIPLE_GCC_INDIA_HTML,https://flexiple.com/gcc/india#gcc-tracelink,2026-09-25,Seeded from public directory exports; verify individual legal entity before treating as canonical.
GCC-0694,TransUnion,,nan,"Chicago, United States",Chennai,"Chennai, Bengaluru, Pune, Mumbai, Hyderabad",BFSI,Software Developer; Software Engineer,"10,000+ people",Unknown,nan,single-directory seed,72,SRC_FLEXIPLE_GCC_INDIA_HTML,https://flexiple.com/gcc/india#gcc-transunion,2026-09-25,Seeded from public directory exports; verify individual legal entity before treating as canonical.
GCC-0695,Tredence,,—,nan,Hyderabad,Hyderabad,Technology & Software,Global Capability Expansion,nan,Unknown,nan,single-directory seed,72,SRC_GCC_INDEX_COMPANIES_HTML,https://gccindex.in/company/tredence,2026-09-25,Seeded from public directory exports; verify individual legal entity before treating as canonical.
GCC-0696,Trellix,,nan,United States,Bengaluru,"Bengaluru, Hyderabad, Chennai, Mumbai",Technology,nan,1001-5000 people,Unknown,nan,single-directory seed,72,SRC_FLEXIPLE_GCC_INDIA_HTML,https://flexiple.com/gcc/india#gcc-trellix,2026-09-25,Seeded from public directory exports; verify individual legal entity before treating as canonical.
GCC-0697,Trimble,,nan,"Westminster, United States",Bengaluru,"Bengaluru, Chennai, Hyderabad, Indore, Mumbai, Pune",Technology,nan,nan,Unknown,nan,single-directory seed,72,SRC_FLEXIPLE_GCC_INDIA_HTML,https://flexiple.com/gcc/india#gcc-trimble,2026-09-25,Seeded from public directory exports; verify individual legal entity before treating as canonical.
GCC-0698,TruBridge,,—,nan,Chennai,Chennai,Healthcare & Life Sciences,Global Capability Expansion,nan,Unknown,nan,single-directory seed,72,SRC_GCC_INDEX_COMPANIES_HTML,https://gccindex.in/company/trubridge,2026-09-25,Seeded from public directory exports; verify individual legal entity before treating as canonical.
GCC-0699,Truist Financial Corporation,,—,nan,Hyderabad,Hyderabad,Financial Services,Global Capability Expansion,nan,Unknown,nan,single-directory seed,72,SRC_GCC_INDEX_COMPANIES_HTML,https://gccindex.in/company/truist-financial-corporation,2026-09-25,Seeded from public directory exports; verify individual legal entity before treating as canonical.
GCC-0700,Truveta,,U62099TS2026FTC212548,nan,Hyderabad,Hyderabad,Healthcare & Life Sciences,Global Capability Expansion,nan,Unknown,nan,single-directory seed,72,SRC_GCC_INDEX_COMPANIES_HTML,https://gccindex.in/company/truveta,2026-09-25,Seeded from public directory exports; verify individual legal entity before treating as canonical.
GCC-0701,TVH India,,—,nan,Pune,Pune,Manufacturing & Industrial,Global Capability Expansion,nan,Unknown,nan,single-directory seed,72,SRC_GCC_INDEX_COMPANIES_HTML,https://gccindex.in/company/tvh-india,2026-09-25,Seeded from public directory exports; verify individual legal entity before treating as canonical.
GCC-0702,TVS Motor Company,,—,nan,Mysuru,Mysuru,Manufacturing & Industrial,Innovation & R&D,nan,Unknown,nan,single-directory seed,72,SRC_GCC_INDEX_COMPANIES_HTML,https://gccindex.in/company/tvs-motor-company,2026-09-25,Seeded from public directory exports; verify individual legal entity before treating as canonical.
GCC-0703,Twilio,,nan,United States,Bengaluru,"Bengaluru, Hyderabad, Delhi, Chennai, Pune",Technology,nan,"5001-10,000 people",Unknown,nan,single-directory seed,72,SRC_FLEXIPLE_GCC_INDIA_HTML,https://flexiple.com/gcc/india#gcc-twilio,2026-09-25,Seeded from public directory exports; verify individual legal entity before treating as canonical.
GCC-0704,Uber,,nan,"San Francisco, United States",Bengaluru,"Bengaluru, Hyderabad, Delhi, Mumbai, Kolkata",Technology,Software Engineer,"10,000+ people",Unknown,2016.0,single-directory seed,72,SRC_FLEXIPLE_GCC_INDIA_HTML,https://flexiple.com/gcc/india#gcc-uber,2026-09-25,Seeded from public directory exports; verify individual legal entity before treating as canonical.
GCC-0705,UBS,,F06877,"Zurich, Switzerland",Pune,"Pune, Hyderabad, Mumbai, Bengaluru",BFSI,Software Engineer,"10,000+ people",Unknown,2006.0,cross-directory match,86,SRC_FLEXIPLE_GCC_INDIA_HTML;SRC_GCC_INDEX_COMPANIES_HTML,https://flexiple.com/gcc/india#gcc-ubs;https://gccindex.in/company/ubs,2026-09-25,Seeded from public directory exports; verify individual legal entity before treating as canonical.
GCC-0706,UKG,,nan,"Lowell, United States",Delhi,"Delhi, Bengaluru, Pune",Technology,Software Engineer,"10,000+ people",Unknown,nan,single-directory seed,72,SRC_FLEXIPLE_GCC_INDIA_HTML,https://flexiple.com/gcc/india#gcc-ukg,2026-09-25,Seeded from public directory exports; verify individual legal entity before treating as canonical.
GCC-0707,Under Armour,,U82990KA2026FTC216300,nan,Bengaluru,Bengaluru,Retail & Consumer,Global Capability Expansion,nan,Unknown,nan,single-directory seed,72,SRC_GCC_INDEX_COMPANIES_HTML,https://gccindex.in/company/under-armour,2026-09-25,Seeded from public directory exports; verify individual legal entity before treating as canonical.
GCC-0708,Unilever,,nan,"London, United Kingdom",Mumbai,"Mumbai, Bengaluru, Kolkata, Delhi, Chennai",Retail & Consumer,nan,"10,000+ people",Unknown,1997.0,single-directory seed,72,SRC_FLEXIPLE_GCC_INDIA_HTML,https://flexiple.com/gcc/india#gcc-unilever,2026-09-25,Seeded from public directory exports; verify individual legal entity before treating as canonical.
GCC-0709,Unipart,,—,nan,Pune,Pune,Logistics & Transportation,Global Capability Expansion,nan,Unknown,nan,single-directory seed,72,SRC_GCC_INDEX_COMPANIES_HTML,https://gccindex.in/company/unipart,2026-09-25,Seeded from public directory exports; verify individual legal entity before treating as canonical.
GCC-0710,Unisys,,nan,"Blue Bell, United States",Bengaluru,"Bengaluru, Hyderabad, Chennai, Mumbai, Delhi",Technology,Software Engineer,"10,000+ people",Unknown,nan,single-directory seed,72,SRC_FLEXIPLE_GCC_INDIA_HTML,https://flexiple.com/gcc/india#gcc-unisys,2026-09-25,Seeded from public directory exports; verify individual legal entity before treating as canonical.
GCC-0711,UPS,,—,nan,Chennai,Chennai,Logistics & Transportation,Global Capability Expansion,nan,Unknown,nan,single-directory seed,72,SRC_GCC_INDEX_COMPANIES_HTML,https://gccindex.in/company/ups,2026-09-25,Seeded from public directory exports; verify individual legal entity before treating as canonical.
GCC-0712,UPS Supply Chain Solutions,,nan,United States,Pune,"Pune, Chennai, Mumbai, Bengaluru, Delhi",Engineering & Industrial,nan,"10,000+ people",Unknown,nan,single-directory seed,72,SRC_FLEXIPLE_GCC_INDIA_HTML,https://flexiple.com/gcc/india#gcc-ups-supply-chain-solutions,2026-09-25,Seeded from public directory exports; verify individual legal entity before treating as canonical.
GCC-0713,Valeo,,nan,"Paris, France",Bengaluru,"Bengaluru, Chennai, Delhi",Engineering & Industrial,nan,nan,Unknown,nan,single-directory seed,72,SRC_FLEXIPLE_GCC_INDIA_HTML,https://flexiple.com/gcc/india#gcc-valeo,2026-09-25,Seeded from public directory exports; verify individual legal entity before treating as canonical.
GCC-0714,Vanderlande,,—,nan,Pune,Pune,Manufacturing & Industrial,AI & Advanced Technology,nan,Unknown,nan,single-directory seed,72,SRC_GCC_INDEX_COMPANIES_HTML,https://gccindex.in/company/vanderlande,2026-09-25,Seeded from public directory exports; verify individual legal entity before treating as canonical.
GCC-0715,Vanguard,,—,"Malvern, United States",Ahmedabad,"Ahmedabad, Bengaluru, Chennai, Delhi, Hyderabad, Kolkata, Mumbai, Pune",BFSI,nan,nan,Unknown,2025.0,cross-directory match,86,SRC_FLEXIPLE_GCC_INDIA_HTML;SRC_GCC_INDEX_COMPANIES_HTML,https://flexiple.com/gcc/india#gcc-vanguard;https://gccindex.in/company/vanguard,2026-09-25,Seeded from public directory exports; verify individual legal entity before treating as canonical.
GCC-0716,Velir,,—,nan,Jaipur,Jaipur,Consulting & Professional Services,Global Capability Expansion,nan,Unknown,nan,single-directory seed,72,SRC_GCC_INDEX_COMPANIES_HTML,https://gccindex.in/company/velir,2026-09-25,Seeded from public directory exports; verify individual legal entity before treating as canonical.
GCC-0717,Veradigm,,—,United States,Pune,"Pune, Bengaluru, Vadodara, Hyderabad, Mumbai",Healthcare & Pharma,nan,"5001-10,000 people",Unknown,nan,cross-directory match,86,SRC_FLEXIPLE_GCC_INDIA_HTML;SRC_GCC_INDEX_COMPANIES_HTML,https://flexiple.com/gcc/india#gcc-veradigm;https://gccindex.in/company/veradigm,2026-09-25,Seeded from public directory exports; verify individual legal entity before treating as canonical.
GCC-0718,Verint,,nan,"Melville, United States",Bengaluru,Bengaluru,Technology,nan,nan,Unknown,nan,single-directory seed,72,SRC_FLEXIPLE_GCC_INDIA_HTML,https://flexiple.com/gcc/india#gcc-verint,2026-09-25,Seeded from public directory exports; verify individual legal entity before treating as canonical.
GCC-0719,Verizon,,nan,"New York, USA",Chennai,"Chennai, Hyderabad, Bengaluru, Delhi, Kolkata",Telecom & Media,Software Engineer; Software Development Engineer; Full Stack Engineer,"10,000+ people",Unknown,nan,single-directory seed,72,SRC_FLEXIPLE_GCC_INDIA_HTML,https://flexiple.com/gcc/india#gcc-verizon,2026-09-25,Seeded from public directory exports; verify individual legal entity before treating as canonical.
GCC-0720,VIRA Insight,,—,nan,Hyderabad,Hyderabad,Manufacturing & Industrial,Innovation & R&D,nan,Unknown,nan,single-directory seed,72,SRC_GCC_INDEX_COMPANIES_HTML,https://gccindex.in/company/vira-insight,2026-09-25,Seeded from public directory exports; verify individual legal entity before treating as canonical.
GCC-0721,Visa,,nan,"San Francisco, United States",Bengaluru,"Bengaluru, Mumbai, Hyderabad, Delhi, Chennai",BFSI,Software Engineer,"10,000+ people",Unknown,nan,single-directory seed,72,SRC_FLEXIPLE_GCC_INDIA_HTML,https://flexiple.com/gcc/india#gcc-visa,2026-09-25,Seeded from public directory exports; verify individual legal entity before treating as canonical.
GCC-0722,Visteon,,nan,United States,Chennai,"Chennai, Bengaluru, Pune, Coimbatore, Kolkata",Engineering & Industrial,Software Engineer,"10,000+ people",Unknown,nan,single-directory seed,72,SRC_FLEXIPLE_GCC_INDIA_HTML,https://flexiple.com/gcc/india#gcc-visteon,2026-09-25,Seeded from public directory exports; verify individual legal entity before treating as canonical.
GCC-0723,Vodafone,,nan,"Newbury, United Kingdom",Pune,"Pune, Bengaluru, Ahmedabad, Mumbai, Delhi",Telecom & Media,nan,"10,000+ people",Unknown,nan,single-directory seed,72,SRC_FLEXIPLE_GCC_INDIA_HTML,https://flexiple.com/gcc/india#gcc-vodafone,2026-09-25,Seeded from public directory exports; verify individual legal entity before treating as canonical.
GCC-0724,Volkswagen Group Technology Solutions India,,nan,"Wolfsburg, Germany",Pune,"Pune, Bengaluru, Delhi, Mumbai",Engineering & Industrial,Software Engineer,1001-5000 people,Unknown,2016.0,single-directory seed,72,SRC_FLEXIPLE_GCC_INDIA_HTML,https://flexiple.com/gcc/india#gcc-volkswagen-group-technology-solutions-india,2026-09-25,Seeded from public directory exports; verify individual legal entity before treating as canonical.
GCC-0725,Volvo Group,,nan,"Gothenburg, Sweden",Bengaluru,"Bengaluru, Chennai, Hyderabad, Delhi, Mumbai",Engineering & Industrial,nan,"10,000+ people",Unknown,2008.0,single-directory seed,72,SRC_FLEXIPLE_GCC_INDIA_HTML,https://flexiple.com/gcc/india#gcc-volvo-group,2026-09-25,Seeded from public directory exports; verify individual legal entity before treating as canonical.
GCC-0726,Voya India,,nan,United States,Bengaluru,"Bengaluru, Pune, Hyderabad, Chennai, Delhi",BFSI,nan,1001-5000 people,Unknown,nan,single-directory seed,72,SRC_FLEXIPLE_GCC_INDIA_HTML,https://flexiple.com/gcc/india#gcc-voya-india,2026-09-25,Seeded from public directory exports; verify individual legal entity before treating as canonical.
GCC-0727,Voya Financial,,—,nan,Hyderabad,Hyderabad,Financial Services,Global Capability Expansion,nan,Unknown,nan,single-directory seed,72,SRC_GCC_INDEX_COMPANIES_HTML,https://gccindex.in/company/voya-financial,2026-09-25,Seeded from public directory exports; verify individual legal entity before treating as canonical.
GCC-0728,Wabtec,,nan,"Pittsburgh, United States",Bengaluru,"Bengaluru, Hosur, Patna, Shahjahanpur, Hyderabad",Engineering & Industrial,nan,"10,000+ people",Unknown,nan,single-directory seed,72,SRC_FLEXIPLE_GCC_INDIA_HTML,https://flexiple.com/gcc/india#gcc-wabtec-corporation,2026-09-25,Seeded from public directory exports; verify individual legal entity before treating as canonical.
GCC-0729,Wacker,,—,nan,Pune,Pune,Manufacturing & Industrial,Digital Transformation,nan,Unknown,nan,single-directory seed,72,SRC_GCC_INDEX_COMPANIES_HTML,https://gccindex.in/company/wacker,2026-09-25,Seeded from public directory exports; verify individual legal entity before treating as canonical.
GCC-0730,Walmart,,U70200KA2026FTC219650,nan,Chennai,Chennai,Retail & Consumer,Innovation & R&D,nan,Unknown,nan,single-directory seed,72,SRC_GCC_INDEX_COMPANIES_HTML,https://gccindex.in/company/walmart,2026-09-25,Seeded from public directory exports; verify individual legal entity before treating as canonical.
GCC-0731,Walmart Global Tech,,nan,"Bentonville, United States",Bengaluru,"Bengaluru, Chennai, Hyderabad, Delhi",Retail & Consumer,Software Engineer; Software Development Engineer; Data Engineer,"10,000+ people",Unknown,nan,single-directory seed,72,SRC_FLEXIPLE_GCC_INDIA_HTML,https://flexiple.com/gcc/india#gcc-walmart-global-tech,2026-09-25,Seeded from public directory exports; verify individual legal entity before treating as canonical.
GCC-0732,Warner Bros. Discovery,,—,"New York, United States",Hyderabad,"Hyderabad, Bengaluru, Mumbai, Delhi, Chennai",Telecom & Media,Software Engineer,"10,000+ people",Unknown,nan,cross-directory match,86,SRC_FLEXIPLE_GCC_INDIA_HTML;SRC_GCC_INDEX_COMPANIES_HTML,https://flexiple.com/gcc/india#gcc-warner-bros-discovery;https://gccindex.in/company/warner-bros-discovery,2026-09-25,Seeded from public directory exports; verify individual legal entity before treating as canonical.
GCC-0733,Wayfair,,—,"Boston, United States",Bengaluru,"Bengaluru, Hyderabad",Retail & Consumer,Software Engineer,"10,000+ people",Unknown,nan,cross-directory match,86,SRC_FLEXIPLE_GCC_INDIA_HTML;SRC_GCC_INDEX_COMPANIES_HTML,https://flexiple.com/gcc/india#gcc-wayfair;https://gccindex.in/company/wayfair,2026-09-25,Seeded from public directory exports; verify individual legal entity before treating as canonical.
GCC-0734,WEKA,,—,nan,Bengaluru,Bengaluru,Technology & Software,Global Capability Expansion,nan,Unknown,nan,single-directory seed,72,SRC_GCC_INDEX_COMPANIES_HTML,https://gccindex.in/company/weka,2026-09-25,Seeded from public directory exports; verify individual legal entity before treating as canonical.
GCC-0735,Wells Fargo,,—,"San Francisco, USA",Bengaluru,"Bengaluru, Hyderabad, Chennai, Delhi, Mumbai",BFSI,Software Engineer; Program; Analytics Consultant,"10,000+ people",Unknown,2006.0,cross-directory match,86,SRC_FLEXIPLE_GCC_INDIA_HTML;SRC_GCC_INDEX_COMPANIES_HTML,https://flexiple.com/gcc/india#gcc-wells-fargo;https://gccindex.in/company/wells-fargo,2026-09-25,Seeded from public directory exports; verify individual legal entity before treating as canonical.
GCC-0736,Welspun,,—,nan,Hyderabad,Hyderabad,Manufacturing & Industrial,Digital Transformation,nan,Unknown,nan,single-directory seed,72,SRC_GCC_INDEX_COMPANIES_HTML,https://gccindex.in/company/welspun,2026-09-25,Seeded from public directory exports; verify individual legal entity before treating as canonical.
GCC-0737,Western Digital,,nan,"San Jose, United States",Bengaluru,"Bengaluru, Chennai, Delhi, Hyderabad, Mumbai, Nagpur",Technology,nan,nan,Unknown,nan,single-directory seed,72,SRC_FLEXIPLE_GCC_INDIA_HTML,https://flexiple.com/gcc/india#gcc-western-digital,2026-09-25,Seeded from public directory exports; verify individual legal entity before treating as canonical.
GCC-0738,Western Union,,—,"Denver, United States",Pune,"Pune, Hyderabad, Mumbai, Bengaluru",BFSI,Software Engineer,"10,000+ people",Unknown,nan,cross-directory match,86,SRC_FLEXIPLE_GCC_INDIA_HTML;SRC_GCC_INDEX_COMPANIES_HTML,https://flexiple.com/gcc/india#gcc-western-union;https://gccindex.in/company/western-union,2026-09-25,Seeded from public directory exports; verify individual legal entity before treating as canonical.
GCC-0739,WEX,,—,nan,Bengaluru,Bengaluru,Financial Services,Global Capability Expansion,nan,Unknown,nan,single-directory seed,72,SRC_GCC_INDEX_COMPANIES_HTML,https://gccindex.in/company/wex,2026-09-25,Seeded from public directory exports; verify individual legal entity before treating as canonical.
GCC-0740,Whirlpool,,nan,"Benton Harbor, United States",Ahmedabad,"Ahmedabad, Bengaluru, Chennai, Delhi, Hyderabad, Kolkata, Mumbai, Pune",Retail & Consumer,nan,nan,Unknown,nan,single-directory seed,72,SRC_FLEXIPLE_GCC_INDIA_HTML,https://flexiple.com/gcc/india#gcc-whirlpool,2026-09-25,Seeded from public directory exports; verify individual legal entity before treating as canonical.
GCC-0741,WirelessCar,,U62099KA2025FTC210745,nan,Bengaluru,Bengaluru,Technology & Software,Innovation & R&D,nan,Unknown,nan,single-directory seed,72,SRC_GCC_INDEX_COMPANIES_HTML,https://gccindex.in/company/wirelesscar,2026-09-25,Seeded from public directory exports; verify individual legal entity before treating as canonical.
GCC-0742,Wise,,U82990TS2025FTC208983,nan,Hyderabad,Hyderabad,Financial Services,Global Capability Expansion,nan,Unknown,nan,single-directory seed,72,SRC_GCC_INDEX_COMPANIES_HTML,https://gccindex.in/company/wise,2026-09-25,Seeded from public directory exports; verify individual legal entity before treating as canonical.
GCC-0743,WiseTech Global,,nan,Australia,Bengaluru,"Bengaluru, Hyderabad",Technology,Software Engineer,1001-5000 people,Unknown,nan,single-directory seed,72,SRC_FLEXIPLE_GCC_INDIA_HTML,https://flexiple.com/gcc/india#gcc-wisetech-global,2026-09-25,Seeded from public directory exports; verify individual legal entity before treating as canonical.
GCC-0744,Woodside Energy,,—,nan,Bengaluru,Bengaluru,Energy & Utilities,Digital Transformation,nan,Unknown,nan,single-directory seed,72,SRC_GCC_INDEX_COMPANIES_HTML,https://gccindex.in/company/woodside-energy,2026-09-25,Seeded from public directory exports; verify individual legal entity before treating as canonical.
GCC-0745,Workato,,—,nan,Hyderabad,Hyderabad,Technology & Software,Innovation & R&D,nan,Unknown,nan,single-directory seed,72,SRC_GCC_INDEX_COMPANIES_HTML,https://gccindex.in/company/workato,2026-09-25,Seeded from public directory exports; verify individual legal entity before treating as canonical.
GCC-0746,Workday,,U62099PN2025FTC241152,"Pleasanton, United States",Ahmedabad,"Ahmedabad, Bengaluru, Bhubaneswar, Chandigarh, Chennai, Coimbatore, Delhi, Hyderabad, Indore, Jaipur, Kolkata, Mumbai, Nagpur, Pune, Thiruvananthapuram, Visakhapatnam",Technology,nan,nan,Unknown,nan,cross-directory match,86,SRC_FLEXIPLE_GCC_INDIA_HTML;SRC_GCC_INDEX_COMPANIES_HTML,https://flexiple.com/gcc/india#gcc-workday;https://gccindex.in/company/workday,2026-09-25,Seeded from public directory exports; verify individual legal entity before treating as canonical.
GCC-0747,Worldline,,nan,France,Mumbai,"Mumbai, Pune, Chennai, Bengaluru",BFSI,nan,"10,000+ people",Unknown,nan,single-directory seed,72,SRC_FLEXIPLE_GCC_INDIA_HTML,https://flexiple.com/gcc/india#gcc-worldline,2026-09-25,Seeded from public directory exports; verify individual legal entity before treating as canonical.
GCC-0748,Worldpay,,nan,United States,Bengaluru,"Bengaluru, Indore, Pune, Chennai",BFSI,nan,"5001-10,000 people",Unknown,nan,single-directory seed,72,SRC_FLEXIPLE_GCC_INDIA_HTML,https://flexiple.com/gcc/india#gcc-worldpay,2026-09-25,Seeded from public directory exports; verify individual legal entity before treating as canonical.
GCC-0749,WPP,,nan,United Kingdom,Mumbai,"Mumbai, Chennai, Bengaluru, Delhi",Telecom & Media,nan,"10,000+ people",Unknown,nan,single-directory seed,72,SRC_FLEXIPLE_GCC_INDIA_HTML,https://flexiple.com/gcc/india#gcc-wpp,2026-09-25,Seeded from public directory exports; verify individual legal entity before treating as canonical.
GCC-0750,WTW,,nan,"London, UK",Mumbai,"Mumbai, Kolkata, Delhi",BFSI,nan,"10,000+ people",Unknown,1992.0,single-directory seed,72,SRC_FLEXIPLE_GCC_INDIA_HTML,https://flexiple.com/gcc/india#gcc-wtw,2026-09-25,Seeded from public directory exports; verify individual legal entity before treating as canonical.
GCC-0751,Xebia,,nan,"Hilversum, Netherlands",Jaipur,"Jaipur, Hyderabad, Bengaluru, Delhi, Chennai",Professional & Info Services,Software Engineer,"5001-10,000 people",Unknown,nan,single-directory seed,72,SRC_FLEXIPLE_GCC_INDIA_HTML,https://flexiple.com/gcc/india#gcc-xebia,2026-09-25,Seeded from public directory exports; verify individual legal entity before treating as canonical.
GCC-0752,XMOS,,nan,"Bristol, United Kingdom",Chennai,Chennai,Technology,nan,nan,Unknown,nan,single-directory seed,72,SRC_FLEXIPLE_GCC_INDIA_HTML,https://flexiple.com/gcc/india#gcc-xmos,2026-09-25,Seeded from public directory exports; verify individual legal entity before treating as canonical.
GCC-0753,Xperi,,nan,"San Jose, United States",Bengaluru,"Bengaluru, Pune",Technology,nan,1001-5000 people,Unknown,nan,single-directory seed,72,SRC_FLEXIPLE_GCC_INDIA_HTML,https://flexiple.com/gcc/india#gcc-xperi,2026-09-25,Seeded from public directory exports; verify individual legal entity before treating as canonical.
GCC-0754,Yamaha Motor,,nan,"Iwata, Japan",Chennai,Chennai,Engineering & Industrial,nan,nan,Unknown,nan,single-directory seed,72,SRC_FLEXIPLE_GCC_INDIA_HTML,https://flexiple.com/gcc/india#gcc-yamaha-motor,2026-09-25,Seeded from public directory exports; verify individual legal entity before treating as canonical.
GCC-0755,Yardi,,nan,"Santa Barbara, United States",Pune,"Pune, Chhatrapati-Sambhajinagar, Mumbai, Nagpur",Technology,Software Engineer,"5001-10,000 people",Unknown,nan,single-directory seed,72,SRC_FLEXIPLE_GCC_INDIA_HTML,https://flexiple.com/gcc/india#gcc-yardi,2026-09-25,Seeded from public directory exports; verify individual legal entity before treating as canonical.
GCC-0756,Yum! Brands,,nan,"Louisville, United States",nan,nan,Retail & Consumer,nan,nan,Unknown,nan,single-directory seed,72,SRC_FLEXIPLE_GCC_INDIA_HTML,https://flexiple.com/gcc/india#gcc-yum-brands,2026-09-25,Seeded from public directory exports; verify individual legal entity before treating as canonical.
GCC-0757,Zebra Technologies,,—,"Lincolnshire, United States",Bengaluru,"Bengaluru, Pune, Mumbai, Chennai, Delhi",Technology,Software Engineer,"10,000+ people",Unknown,nan,cross-directory match,86,SRC_FLEXIPLE_GCC_INDIA_HTML;SRC_GCC_INDEX_COMPANIES_HTML,https://flexiple.com/gcc/india#gcc-zebra-technologies;https://gccindex.in/company/zebra,2026-09-25,Seeded from public directory exports; verify individual legal entity before treating as canonical.
GCC-0758,ZEISS,,—,nan,Bengaluru,Bengaluru,Manufacturing & Industrial,Global Capability Expansion,nan,Unknown,nan,single-directory seed,72,SRC_GCC_INDEX_COMPANIES_HTML,https://gccindex.in/company/zeiss,2026-09-25,Seeded from public directory exports; verify individual legal entity before treating as canonical.
GCC-0759,Zendesk,,—,nan,Pune,Pune,Technology & Software,Innovation & R&D,nan,Unknown,nan,single-directory seed,72,SRC_GCC_INDEX_COMPANIES_HTML,https://gccindex.in/company/zendesk,2026-09-25,Seeded from public directory exports; verify individual legal entity before treating as canonical.
GCC-0760,Zeta,,nan,United States,Bengaluru,"Bengaluru, Hyderabad, Mumbai, Delhi",Technology,Software Development Engineer; Software Engineer; Software Test Engineer,1001-5000 people,Unknown,nan,single-directory seed,72,SRC_FLEXIPLE_GCC_INDIA_HTML,https://flexiple.com/gcc/india#gcc-zeta,2026-09-25,Seeded from public directory exports; verify individual legal entity before treating as canonical.
GCC-0761,ZF Group,,nan,"Friedrichshafen, Germany",Chennai,"Chennai, Hyderabad, Coimbatore, Bengaluru, Pune",Engineering & Industrial,nan,"10,000+ people",Unknown,2017.0,single-directory seed,72,SRC_FLEXIPLE_GCC_INDIA_HTML,https://flexiple.com/gcc/india#gcc-zf-group,2026-09-25,Seeded from public directory exports; verify individual legal entity before treating as canonical.
GCC-0762,ZF LIFETEC,,nan,"Aschaffenburg, Germany",Bengaluru,"Bengaluru, Chennai, Coimbatore, Delhi, Hyderabad, Kochi, Kolkata, Mumbai, Thiruvananthapuram, Visakhapatnam",Engineering & Industrial,nan,nan,Unknown,nan,single-directory seed,72,SRC_FLEXIPLE_GCC_INDIA_HTML,https://flexiple.com/gcc/india#gcc-zf-lifetec,2026-09-25,Seeded from public directory exports; verify individual legal entity before treating as canonical.
GCC-0763,Zimmer Biomet,,U62099KA2026FTC216359,"Warsaw, United States",Bengaluru,"Bengaluru, Hyderabad",Healthcare & Pharma,nan,nan,Unknown,nan,cross-directory match,86,SRC_FLEXIPLE_GCC_INDIA_HTML;SRC_GCC_INDEX_COMPANIES_HTML,https://flexiple.com/gcc/india#gcc-zimmer-biomet;https://gccindex.in/company/zimmer-biomet,2026-09-25,Seeded from public directory exports; verify individual legal entity before treating as canonical.
GCC-0764,Zinnia,,nan,United States,Delhi,"Delhi, Hyderabad, Pune",Technology,Software Engineer,1001-5000 people,Unknown,nan,single-directory seed,72,SRC_FLEXIPLE_GCC_INDIA_HTML,https://flexiple.com/gcc/india#gcc-zinnia,2026-09-25,Seeded from public directory exports; verify individual legal entity before treating as canonical.
GCC-0765,ZoomInfo,,nan,United States,Chennai,"Chennai, Bengaluru, Pune, Chandigarh, Delhi",Technology,Software Engineer; Full Stack Engineer; Data Analyst,1001-5000 people,Unknown,nan,single-directory seed,72,SRC_FLEXIPLE_GCC_INDIA_HTML,https://flexiple.com/gcc/india#gcc-zoominfo,2026-09-25,Seeded from public directory exports; verify individual legal entity before treating as canonical.
GCC-0766,ZS Associates,,—,"Evanston, United States",Pune,"Pune, Delhi, Bengaluru, Mumbai",Professional & Info Services,Decision Support Analyst; Technology; Data Engineer,"10,000+ people",Unknown,nan,cross-directory match,86,SRC_FLEXIPLE_GCC_INDIA_HTML;SRC_GCC_INDEX_COMPANIES_HTML,https://flexiple.com/gcc/india#gcc-zs;https://gccindex.in/company/zs-associates,2026-09-25,Seeded from public directory exports; verify individual legal entity before treating as canonical.
GCC-0767,Zscaler,,nan,United States,Bengaluru,"Bengaluru, Chandigarh, Mohali, Hyderabad, Mumbai",Technology,Software Engineer; Software Development Engineer,"5001-10,000 people",Unknown,nan,single-directory seed,72,SRC_FLEXIPLE_GCC_INDIA_HTML,https://flexiple.com/gcc/india#gcc-zscaler,2026-09-25,Seeded from public directory exports; verify individual legal entity before treating as canonical.
GCC-0768,Zurich Insurance,,nan,"Zurich, Switzerland",Chennai,"Chennai, Coimbatore, Delhi, Hyderabad, Kolkata, Visakhapatnam",BFSI,nan,nan,Unknown,nan,single-directory seed,72,SRC_FLEXIPLE_GCC_INDIA_HTML,https://flexiple.com/gcc/india#gcc-zurich-insurance,2026-09-25,Seeded from public directory exports; verify individual legal entity before treating as canonical.
GCC-0769,Zurich Insurance Group,,U82990TS2025FTC207002,nan,Hyderabad,Hyderabad,Financial Services,Global Capability Expansion,nan,Unknown,nan,single-directory seed,72,SRC_GCC_INDEX_COMPANIES_HTML,https://gccindex.in/company/zurich-insurance,2026-09-25,Seeded from public directory exports; verify individual legal entity before treating as canonical.
